step,loss,grad_norm,lr,seconds
1,0.07446078956127167,0.09746216237545013,0.001,2.475261125000543
2,0.06933281570672989,0.08492806553840637,0.001,1.8789070829952834
3,0.07232920825481415,0.039963025599718094,0.001,1.7829830830014544
4,0.06737752258777618,0.03572724759578705,0.001,1.758621208005934
5,0.05415801703929901,0.10665857791900635,0.001,1.7903271669929381
6,0.06495936959981918,0.10103783756494522,0.001,1.831033208000008
7,0.05795169621706009,0.043518807739019394,0.001,1.7725285409978824
8,0.06414125859737396,0.061284128576517105,0.001,1.915909000003012
9,0.04926998168230057,0.04703090339899063,0.001,1.9797982090094592
10,0.05343537777662277,0.06222078204154968,0.001,1.823131958997692
11,0.059647414833307266,0.04541546478867531,0.001,1.7551995419926243
12,0.058172985911369324,0.06463257968425751,0.001,1.7391199999983655
13,0.0467446967959404,0.03904752805829048,0.001,1.8936652090051211
14,0.05738202482461929,0.046152807772159576,0.001,1.7986198330036132
15,0.053690776228904724,0.022923434153199196,0.001,1.7739095840079244
16,0.04513929784297943,0.051527101546525955,0.001,1.7222584999981336
17,0.05204092711210251,0.04788161441683769,0.001,1.9648940000042785
18,0.05303803086280823,0.03495708107948303,0.001,1.9011165410047397
19,0.04942988604307175,0.02245168201625347,0.001,1.9882388329860987
20,0.051841627806425095,0.04823927953839302,0.001,2.069790292007383
21,0.05110704153776169,0.03933967277407646,0.001,2.3871553750068415
22,0.04335468262434006,0.02936745248734951,0.001,2.4703001659945585
23,0.05224061757326126,0.039093293249607086,0.001,2.424290540991933
24,0.058266326785087585,0.042286451905965805,0.001,1.9790963749983348
25,0.05343109369277954,0.010702157393097878,0.001,1.7919966670015128
26,0.05315180867910385,0.032243579626083374,0.001,2.59513779199915
27,0.06279998272657394,0.008188696578145027,0.001,2.3845444159960607
28,0.05116895213723183,0.03034212999045849,0.001,2.3634599579963833
29,0.055484846234321594,0.008927171118557453,0.001,2.153564374995767
30,0.05433404818177223,0.031270723789930344,0.001,2.370116207996034
31,0.05128869041800499,0.03594876825809479,0.001,2.2127138750074664
32,0.048560019582509995,0.023748982697725296,0.001,2.1819882499985397
33,0.04617650434374809,0.05022478848695755,0.001,1.833797583996784
34,0.06113583967089653,0.012651760131120682,0.001,1.7877301669941517
35,0.052265189588069916,0.05579632893204689,0.001,1.8364850000070874
36,0.059757862240076065,0.060359541326761246,0.001,1.7864304999966407
37,0.04567244276404381,0.05528049170970917,0.001,1.8001898749935208
38,0.042351845651865005,0.048091743141412735,0.001,1.7650642919907114
39,0.04801659286022186,0.0560886412858963,0.001,1.8078734999871813
40,0.05525030195713043,0.10912121087312698,0.001,1.7503188340051565
41,0.0514342375099659,0.10978329926729202,0.001,1.7717964579933323
42,0.05799851566553116,0.12865351140499115,0.001,1.7278163750015665
43,0.05018815025687218,0.1283772885799408,0.001,1.798170249996474
44,0.04570526257157326,0.12169051170349121,0.001,1.7610626249952475
45,0.04235043376684189,0.10054166615009308,0.001,1.8047539999970468
46,0.03750493749976158,0.11711283028125763,0.001,1.758267833996797
47,0.03746265545487404,0.1441013216972351,0.001,1.9080854159983573
48,0.03476203978061676,0.1286437064409256,0.001,1.80060487499577
49,0.039905812591314316,0.17176435887813568,0.001,1.7725328329979675
50,0.033671848475933075,0.13048285245895386,0.001,1.7729924580053193
51,0.028407996520400047,0.1973314732313156,0.001,1.8253082080045715
52,0.03618615120649338,0.14235414564609528,0.001,1.7401836249919143
53,0.03328326344490051,0.10657896846532822,0.001,1.7729332500020973
54,0.03287593647837639,0.10760122537612915,0.001,1.841976166004315
55,0.03340204432606697,0.10562863200902939,0.001,1.7448660000081873
56,0.036247849464416504,0.13305146992206573,0.001,1.8126658330002101
57,0.035339705646038055,0.13436685502529144,0.001,1.7454418750130571
58,0.03477279841899872,0.22508057951927185,0.001,1.7928432089975104
59,0.02969484217464924,0.1445004940032959,0.001,1.7608057080069557
60,0.0248919315636158,0.11922942101955414,0.001,1.7815937499981374
61,0.027427364140748978,0.13077914714813232,0.001,1.8285539580101613
62,0.03174436092376709,0.19967558979988098,0.001,1.759752625002875
63,0.022525163367390633,0.11889458447694778,0.001,1.7784166249912232
64,0.026018153876066208,0.14527207612991333,0.001,1.7344099170004483
65,0.022601641714572906,0.11789529025554657,0.001,1.821213124989299
66,0.022821694612503052,0.1790272295475006,0.001,1.7818258750048699
67,0.020272022113204002,0.13529956340789795,0.001,1.8453738329990301
68,0.018496179953217506,0.1456219106912613,0.001,1.843236333996174
69,0.017480703070759773,0.1826847344636917,0.001,1.7691033750015777
70,0.015147795900702477,0.1718599647283554,0.001,1.744082042001537
71,0.013844333589076996,0.11776889115571976,0.001,1.7311897089966806
72,0.013783375732600689,0.15895667672157288,0.001,1.8197670840017963
73,0.013616944663226604,0.1370144486427307,0.001,1.782178459005081
74,0.013768364675343037,0.1492939442396164,0.001,1.8034346669883234
75,0.013864008709788322,0.18710580468177795,0.001,1.7498244169983082
76,0.012268579564988613,0.13642296195030212,0.001,1.7696876249974594
77,0.012901406735181808,0.20069649815559387,0.001,1.7275619160063798
78,0.013140383176505566,0.17439605295658112,0.001,1.8417123339895625
79,0.01222698763012886,0.13528718054294586,0.001,1.7390853750112
80,0.01293111965060234,0.1260305792093277,0.001,1.9087408330087783
81,0.01210669707506895,0.11936747282743454,0.001,1.7659744170086924
82,0.01167285442352295,0.12804852426052094,0.001,1.7625613749987679
83,0.011261528357863426,0.10799676179885864,0.001,1.7933259580022423
84,0.011233215220272541,0.10450803488492966,0.001,1.751020416006213
85,0.011759668588638306,0.1775607168674469,0.001,1.7693335000076331
86,0.010689259506762028,0.13423842191696167,0.001,1.8059477499919012
87,0.010971156880259514,0.15419967472553253,0.001,1.8116638749925187
88,0.011037544347345829,0.16200481355190277,0.001,1.7706988749996526
89,0.010588791221380234,0.15946778655052185,0.001,1.7987538750021486
90,0.009802393615245819,0.19040951132774353,0.001,1.760476124996785
91,0.010250072926282883,0.16983720660209656,0.001,1.7580690419999883
92,0.00968938134610653,0.15008226037025452,0.001,1.740214499994181
93,0.009938669390976429,0.16581232845783234,0.001,1.831362083001295
94,0.01009757537394762,0.1512337177991867,0.001,1.7532437500049127
95,0.009831833653151989,0.16702726483345032,0.001,1.806885958998464
96,0.009122468531131744,0.11577799916267395,0.001,1.752776791996439
97,0.009133794344961643,0.11378062516450882,0.001,1.7796402079984546
98,0.0101127615198493,0.1272977888584137,0.001,1.7338627080025617
99,0.008872090838849545,0.10193560272455215,0.001,1.80358466701
100,0.008702044375240803,0.11035069078207016,0.001,1.7381774169916753
101,0.008686383254826069,0.1316744089126587,0.001,1.7702768330054823
102,0.009396456182003021,0.09584107249975204,0.001,1.7952131669881055
103,0.008809281513094902,0.15028057992458344,0.001,1.7510461250058142
104,0.008575724437832832,0.12972410023212433,0.001,1.7751862500008428
105,0.00859927386045456,0.12142246961593628,0.001,1.797399167000549
106,0.009424718096852303,0.11264602094888687,0.001,1.7529791249980917
107,0.008934957906603813,0.08970808237791061,0.001,1.7639704999892274
108,0.008440385572612286,0.1315411776304245,0.001,1.8121509999909904
109,0.008991889655590057,0.10883763432502747,0.001,1.747421709005721
110,0.008853753097355366,0.1309763640165329,0.001,1.7757430840138113
111,0.008647548966109753,0.10195424407720566,0.001,1.8048932499950752
112,0.008231495507061481,0.08171545714139938,0.001,1.739550500002224
113,0.008909814059734344,0.09631208330392838,0.001,1.7724365839967504
114,0.00938637275248766,0.10865091532468796,0.001,1.926120375006576
115,0.008519216440618038,0.11589384824037552,0.001,1.7437971670005936
116,0.009339538402855396,0.14485502243041992,0.001,1.7639138329977868
117,0.008697121404111385,0.0833061933517456,0.001,1.7574670829926617
118,0.008160042576491833,0.16128087043762207,0.001,1.8334767920023296
119,0.00849110446870327,0.12374349683523178,0.001,1.7705472919915337
120,0.008544627577066422,0.18003132939338684,0.001,1.7294683749933029
121,0.008268974721431732,0.1585814356803894,0.001,1.8026620840100804
122,0.008545603603124619,0.10250569134950638,0.001,1.771941416998743
123,0.008300404995679855,0.10625213384628296,0.001,1.7491343750007218
124,0.008417472243309021,0.07059621810913086,0.001,1.750177583002369
125,0.008422576822340488,0.14129073917865753,0.001,1.7816121669893619
126,0.008228019811213017,0.13322193920612335,0.001,1.7737475000030827
127,0.007690565660595894,0.13774970173835754,0.001,1.7382615420065122
128,0.008559009991586208,0.12828004360198975,0.001,1.8306781249993946
129,0.007516421377658844,0.04188309609889984,0.001,1.7901091660023667
130,0.007533911149948835,0.12342982739210129,0.001,1.7741945830057375
131,0.00807094480842352,0.09476584196090698,0.001,1.7902330830111168
132,0.008867631666362286,0.0755629688501358,0.001,1.7721890829998301
133,0.008236035704612732,0.1059466227889061,0.001,1.7345314580015838
134,0.008432555943727493,0.0892663449048996,0.001,1.8477838340040762
135,0.008639635518193245,0.16849765181541443,0.001,1.7537314579967642
136,0.007666359655559063,0.06927279382944107,0.001,1.7505036670045229
137,0.007316891569644213,0.1033155620098114,0.001,1.7365027500054566
138,0.008640478365123272,0.11125166714191437,0.001,1.794613375008339
139,0.008097676560282707,0.13284850120544434,0.001,1.7490667090023635
140,0.007541826460510492,0.06697320193052292,0.001,1.7529017920023762
141,0.008111071772873402,0.08070195466279984,0.001,1.7804580829979386
142,0.008422541432082653,0.07355891168117523,0.001,1.765368624997791
143,0.008368606679141521,0.09952810406684875,0.001,1.773368499998469
144,0.008246390148997307,0.07687980681657791,0.001,2.038825833995361
145,0.007463030517101288,0.1308569461107254,0.001,1.985009916999843
146,0.007351064123213291,0.10937392711639404,0.001,1.8728655000013532
147,0.007973014377057552,0.11744177341461182,0.001,1.9187331660068594
148,0.00824643112719059,0.0918227806687355,0.001,1.7599988339934498
149,0.008074282668530941,0.05657098442316055,0.001,1.7744240000029095
150,0.007755464408546686,0.09588591754436493,0.001,1.8579764169990085
151,0.00794594082981348,0.0906188115477562,0.001,1.8768914999964181
152,0.007591986563056707,0.13840936124324799,0.001,1.776749667013064
153,0.007252281531691551,0.13964161276817322,0.001,1.734062832998461
154,0.007796578109264374,0.12432951480150223,0.001,1.8371441250055796
155,0.008024495095014572,0.18038073182106018,0.001,1.769878167004208
156,0.007935281842947006,0.09420444071292877,0.001,1.7294495419919258
157,0.0073313103057444096,0.10216820985078812,0.001,1.8409995420079213
158,0.007816294208168983,0.12413328140974045,0.001,1.767155458990601
159,0.00792846642434597,0.10620798915624619,0.001,1.7352252500131726
160,0.00769170792773366,0.2287132889032364,0.001,1.8166582500125514
161,0.007366744335740805,0.1028311476111412,0.001,1.7776240419916576
162,0.008724804036319256,0.17485283315181732,0.001,1.7391420420026407
163,0.007325173821300268,0.10985420644283295,0.001,1.8288938750047237
164,0.008342877961695194,0.0921870768070221,0.001,1.7549884589971043
165,0.008094795048236847,0.18664458394050598,0.001,1.7879079999984242
166,0.007133273407816887,0.11632437258958817,0.001,1.8079773749923334
167,0.007540443446487188,0.06341476738452911,0.001,1.771208708989434
168,0.008169242180883884,0.15376584231853485,0.001,1.8873332500079414
169,0.007577167358249426,0.13193471729755402,0.001,1.7369943329977104
170,0.00814546924084425,0.0913589745759964,0.001,1.7840170840063365
171,0.007915147580206394,0.20770706236362457,0.001,1.739041916996939
172,0.007775818929076195,0.1675994098186493,0.001,1.7958155420055846
173,0.007756458129733801,0.16256114840507507,0.001,1.7390307919995394
174,0.007854140363633633,0.09672488272190094,0.001,1.769702125006006
175,0.00754354614764452,0.1376739740371704,0.001,1.7367130420025205
176,0.007222403772175312,0.16013413667678833,0.001,1.8348971660016105
177,0.007214240729808807,0.1866903454065323,0.001,1.7487600000022212
178,0.007396037690341473,0.17388127744197845,0.001,1.8292971659975592
179,0.00661926344037056,0.09911307692527771,0.001,1.7530067920015426
180,0.006975714582949877,0.13451115787029266,0.001,1.768665333991521
181,0.006538578774780035,0.12444265931844711,0.001,1.9861624999903142
182,0.007886670529842377,0.14739015698432922,0.001,1.759359042000142
183,0.006765726953744888,0.17879343032836914,0.001,1.78278737499204
184,0.007056897040456533,0.10085687786340714,0.001,1.7953338749939576
185,0.007201262749731541,0.10309159755706787,0.001,1.7500686249986757
186,0.007041277829557657,0.11749432235956192,0.001,1.7750077079981565
187,0.007325754500925541,0.1626465618610382,0.001,1.7324901250103721
188,0.0066361259669065475,0.09079869091510773,0.001,1.8135096250043716
189,0.006937885656952858,0.17398038506507874,0.001,1.7697738749993732
190,0.007807663641870022,0.11961507052183151,0.001,1.771859750006115
191,0.007143788039684296,0.09499930590391159,0.001,1.7872956250066636
192,0.007437077816575766,0.1346716582775116,0.001,2.070251333003398
193,0.007027436047792435,0.1285887211561203,0.001,2.0947553329897346
194,0.006767707876861095,0.10634792596101761,0.001,1.8646177499904297
195,0.00722271716222167,0.078862763941288,0.001,1.9701606250018813
196,0.007497676182538271,0.08610912412405014,0.001,1.9723250000097323
197,0.006854895502328873,0.12604326009750366,0.001,1.8996242089924635
198,0.007017574273049831,0.10669619590044022,0.001,1.9160824999999022
199,0.007465704809874296,0.12343772500753403,0.001,1.8937171249999665
200,0.007060527801513672,0.08936893194913864,0.001,1.955892624988337
201,0.007198305334895849,0.06585977971553802,0.001,2.090458791994024
202,0.0067680226638913155,0.13590413331985474,0.001,2.0483615000121063
203,0.007480126805603504,0.1390126645565033,0.001,1.9166682909999508
204,0.007250690832734108,0.0791914314031601,0.001,1.8694383330002893
205,0.00769433518871665,0.15258164703845978,0.001,1.9067069589946186
206,0.007168846670538187,0.08380483090877533,0.001,1.8354396669892594
207,0.007290663663297892,0.08661314845085144,0.001,1.8752301250060555
208,0.007958064787089825,0.1386854648590088,0.001,1.9185140830086311
209,0.007374211214482784,0.11211928725242615,0.001,1.8251285829901462
210,0.0070162429474294186,0.14842002093791962,0.001,1.8520317920047091
211,0.00699284253641963,0.10612966865301132,0.001,1.8819584169978043
212,0.007094455882906914,0.12422545254230499,0.001,1.8541946669865865
213,0.006344737950712442,0.1320401281118393,0.001,2.4143943329981994
214,0.006574766710400581,0.1763002574443817,0.001,2.030344790997333
215,0.00665673241019249,0.12532608211040497,0.001,1.8638887499982957
216,0.007068519946187735,0.1014876738190651,0.001,1.837936375013669
217,0.007090207189321518,0.12874118983745575,0.001,1.933119875000557
218,0.007783753797411919,0.127201110124588,0.001,1.8255370410042815
219,0.007020318415015936,0.09608107805252075,0.001,1.8560101250041043
220,0.0077663203701376915,0.12895919382572174,0.001,1.9392487919976702
221,0.006987780798226595,0.1135874092578888,0.001,1.9157877910038223
222,0.006859064567834139,0.1050899550318718,0.001,1.8637099170009606
223,0.006705218926072121,0.13420532643795013,0.001,1.8578172079869546
224,0.007659617345780134,0.12562040984630585,0.001,1.87647437499254
225,0.006669523194432259,0.11485901474952698,0.001,1.9137849590042606
226,0.0070695048198103905,0.14882104098796844,0.001,1.945697792005376
227,0.00675559975206852,0.20262062549591064,0.001,1.845545750009478
228,0.006527379155158997,0.08710528165102005,0.001,1.8776187500043306
229,0.006945298984646797,0.14972037076950073,0.001,1.82800908300851
230,0.006614191923290491,0.1783905327320099,0.001,2.0987339169951156
231,0.006890667602419853,0.10603673756122589,0.001,2.381850249992567
232,0.006968460977077484,0.1173422560095787,0.001,2.5139235420065233
233,0.007311859168112278,0.15803074836730957,0.001,2.073478125006659
234,0.006591881159693003,0.1281951367855072,0.001,1.7517704160127323
235,0.006834502797573805,0.18065276741981506,0.001,1.7540129580011126
236,0.006835057865828276,0.154276505112648,0.001,1.8486846249870723
237,0.0067132944241166115,0.10666441917419434,0.001,1.772062707997975
238,0.006558885797858238,0.1431654691696167,0.001,1.7287575419904897
239,0.006942331790924072,0.24133391678333282,0.001,1.8443701250071172
240,0.006907925009727478,0.07505969703197479,0.001,1.7744631670066155
241,0.006852535996586084,0.19580113887786865,0.001,1.7327752919954946
242,0.006802501622587442,0.12440446019172668,0.001,1.8038909580063773
243,0.0063417088240385056,0.15603460371494293,0.001,1.7979584580025403
244,0.0068311868235468864,0.11577833443880081,0.001,1.7604110410029534
245,0.006645602639764547,0.16008338332176208,0.001,1.8026556659897324
246,0.006473548244684935,0.14666703343391418,0.001,1.7584677919949172
247,0.006944419350475073,0.12307869642972946,0.001,1.7395214579883032
248,0.007258816622197628,0.14555586874485016,0.001,1.7860176250105724
249,0.007321743760257959,0.1411910355091095,0.001,1.774815791999572
250,0.006622351240366697,0.1336054801940918,0.001,1.7663199999951757
251,0.0066301096230745316,0.14195433259010315,0.001,1.7289007079962175
252,0.006319278385490179,0.0872032567858696,0.001,1.8093095420044847
253,0.00696323998272419,0.17114955186843872,0.001,1.7746687910112087
254,0.006450532004237175,0.1577543169260025,0.001,1.7439776659884956
255,0.006444155238568783,0.12843690812587738,0.001,1.7231257090024883
256,0.00671962508931756,0.11000818759202957,0.001,1.834665957998368
257,0.006680735386908054,0.12780284881591797,0.001,1.758637250008178
258,0.006153034511953592,0.11223524063825607,0.001,1.8169056250044378
259,0.006439149845391512,0.15085698664188385,0.001,1.7312161250010831
260,0.005962844472378492,0.10728280991315842,0.001,1.77004320800188
261,0.006040116772055626,0.11866077035665512,0.001,1.7400951659947168
262,0.006665616761893034,0.1289612352848053,0.001,1.8154563340067398
263,0.006719863507896662,0.19173835217952728,0.001,1.766816542003653
264,0.006710913963615894,0.12157516181468964,0.001,1.8205058749881573
265,0.006683655083179474,0.10768497735261917,0.001,1.7524407080054516
266,0.0067098853178322315,0.13507084548473358,0.001,1.775056875005248
267,0.0070916274562478065,0.0627492368221283,0.001,1.7677992910030298
268,0.006455387454479933,0.1133679524064064,0.001,1.9351420419989154
269,0.006771481595933437,0.07411622256040573,0.001,1.7707142909930553
270,0.005807025358080864,0.07366027683019638,0.001,1.7816854160046205
271,0.006436048541218042,0.06581220775842667,0.001,1.7622939580032835
272,0.006578168366104364,0.13658446073532104,0.001,1.7584179590048734
273,0.006308041512966156,0.05456561595201492,0.001,1.7895495839911746
274,0.005842010490596294,0.09245765954256058,0.001,1.7606442079995759
275,0.006139277946203947,0.0672927275300026,0.001,1.7622505000035744
276,0.006309960503131151,0.16019020974636078,0.001,1.770049958009622
277,0.006272180937230587,0.1318575143814087,0.001,1.7690746250009397
278,0.006573603488504887,0.07074352353811264,0.001,1.7828477079892764
279,0.006213387008756399,0.0499751940369606,0.001,1.7231725419987924
280,0.006370461545884609,0.07589532434940338,0.001,1.800072874990292
281,0.006297792308032513,0.0632479265332222,0.001,1.854625167004997
282,0.00633514579385519,0.08220751583576202,0.001,1.7559157500072615
283,0.006504033226519823,0.11091110855340958,0.001,1.7804927920078626
284,0.006296274717897177,0.0643819123506546,0.001,1.7636125000135507
285,0.006446628365665674,0.07299886643886566,0.001,1.7860552500060294
286,0.006246369332075119,0.05240892618894577,0.001,1.7619140419992618
287,0.0067175910808146,0.10558953136205673,0.001,1.7839672080008313
288,0.00573158310726285,0.19375038146972656,0.001,1.7523552920029033
289,0.006440739147365093,0.0978427454829216,0.001,1.8174744589923648
290,0.0059240651316940784,0.10048430413007736,0.001,1.7447784160031006
291,0.006501646712422371,0.12781217694282532,0.001,1.7580207090068143
292,0.006537635810673237,0.16070668399333954,0.001,1.813067333001527
293,0.0064365314319729805,0.1341560184955597,0.001,1.7497764169966104
294,0.0062292893417179585,0.1672075390815735,0.001,1.7689783750101924
295,0.0066451034508645535,0.1458621323108673,0.001,1.8034044170053676
296,0.006077368278056383,0.11959875375032425,0.001,1.751440874999389
297,0.006173277739435434,0.11880502104759216,0.001,1.7707945419970201
298,0.006473080720752478,0.13862411677837372,0.001,1.796162083002855
299,0.006007636897265911,0.1289057731628418,0.001,1.7682721669989405
300,0.006519473623484373,0.1125405803322792,0.001,1.76673837499402
301,0.006369129754602909,0.1357477456331253,0.001,1.7496843330009142
302,0.00649888813495636,0.10184177756309509,0.001,1.8239514169981703
303,0.00577171565964818,0.07967668771743774,0.001,1.7625489170022774
304,0.006383655592799187,0.126181960105896,0.001,1.7488312089990359
305,0.00594191811978817,0.1203702986240387,0.001,1.7237003750051372
306,0.00584059813991189,0.13456864655017853,0.001,1.8233831670077052
307,0.006403367500752211,0.1488051861524582,0.001,1.7582025839947164
308,0.006824428681284189,0.1232699304819107,0.001,1.7378813329996774
309,0.006214537192136049,0.178090900182724,0.001,1.8255894589965465
310,0.006242424715310335,0.1420266032218933,0.001,1.7678399580036057
311,0.005657185800373554,0.18200843036174774,0.001,1.741119541999069
312,0.006183797959238291,0.20813268423080444,0.001,2.028362790995743
313,0.006494682282209396,0.15301087498664856,0.001,1.7658021660026861
314,0.006206606049090624,0.1078280508518219,0.001,1.7362427920015762
315,0.00676769157871604,0.17201252281665802,0.001,1.7618577499961248
316,0.006653295364230871,0.14615647494792938,0.001,1.7778768339921953
317,0.005626024678349495,0.06224146485328674,0.001,1.8042902500019409
318,0.006047049071639776,0.13202767074108124,0.001,1.8427704589994391
319,0.006054868921637535,0.09679943323135376,0.001,1.7443913749884814
320,0.00650856364518404,0.1678558737039566,0.001,1.7614856670115842
321,0.005686543416231871,0.11129644513130188,0.001,1.8093728340027155
322,0.006044296082109213,0.07839371263980865,0.001,1.7435879169934196
323,0.0064393300563097,0.13901764154434204,0.001,1.7696402080036933
324,0.006539348978549242,0.11076433956623077,0.001,1.7844223330030218
325,0.005868593696504831,0.1320994347333908,0.001,1.8333443330047885
326,0.006543492432683706,0.11124546825885773,0.001,1.7771386669919593
327,0.006356519181281328,0.0891181081533432,0.001,1.8391190830006963
328,0.0069158789701759815,0.08524268865585327,0.001,1.8058848329965258
329,0.00682166637852788,0.10474266111850739,0.001,1.749189624999417
330,0.006444341503083706,0.09403213858604431,0.001,1.8138723330048379
331,0.006600421853363514,0.10418199002742767,0.001,1.751816082993173
332,0.006387883797287941,0.1238693818449974,0.001,1.7646938749967376
333,0.006051288917660713,0.15231607854366302,0.001,1.741594624996651
334,0.006284564267843962,0.1368006020784378,0.001,1.8137579589965753
335,0.0061391908675432205,0.15555423498153687,0.001,1.751466250003432
336,0.006684750318527222,0.14513765275478363,0.001,1.828244457996334
337,0.005975240375846624,0.10851647704839706,0.001,1.8517087079962948
338,0.006929686758667231,0.11997860670089722,0.001,1.985563791997265
339,0.0064967963844537735,0.11767847836017609,0.001,1.8932596670056228
340,0.005998568143695593,0.15499372780323029,0.001,1.7400343749905005
341,0.0058010597713291645,0.14607195556163788,0.001,1.7708754589984892
342,0.005955948960036039,0.15581578016281128,0.001,1.8257794590026606
343,0.006093066185712814,0.12627480924129486,0.001,1.740590917004738
344,0.006133075337857008,0.1439419537782669,0.001,1.757274082992808
345,0.006342190783470869,0.10635028779506683,0.001,1.9140696670074249
346,0.006408135872334242,0.10250500589609146,0.001,1.7543029160005972
347,0.005945208948105574,0.13214652240276337,0.001,1.824836250001681
348,0.006398295983672142,0.08379828184843063,0.001,1.7282336659991415
349,0.007009241264313459,0.16275210678577423,0.001,1.813027833995875
350,0.006162313278764486,0.17027102410793304,0.001,1.765463041010662
351,0.005982338450849056,0.1001860573887825,0.001,1.7354531250020955
352,0.0068940031342208385,0.11025155335664749,0.001,1.8120515420014272
353,0.00554924551397562,0.13265317678451538,0.001,1.7572305420035264
354,0.005996794905513525,0.11559084802865982,0.001,1.8526815829973202
355,0.00592787517234683,0.13088153302669525,0.001,1.7584540409879992
356,0.006565663032233715,0.11230751127004623,0.001,1.7788214169995626
357,0.006309696938842535,0.13221807777881622,0.001,1.8088791659974959
358,0.005989748053252697,0.128787100315094,0.001,1.7335591670125723
359,0.006014671642333269,0.11656332015991211,0.001,1.7735525830066763
360,0.006399378180503845,0.12226977944374084,0.001,1.7359575840091566
361,0.006278194021433592,0.06655441969633102,0.001,1.8410878750000848
362,0.00620229821652174,0.16587486863136292,0.001,1.761029041997972
363,0.005953436251729727,0.1350279599428177,0.001,1.7381922080094228
364,0.005684128031134605,0.16903340816497803,0.001,1.7581858329940587
365,0.006204822566360235,0.15314412117004395,0.001,1.7865358339913655
366,0.005813116207718849,0.19364167749881744,0.001,1.7872591669874964
367,0.00590054877102375,0.0713832825422287,0.001,1.8074719589931192
368,0.0060063861310482025,0.13320119678974152,0.001,1.7514251670072554
369,0.005952851381152868,0.09520210325717926,0.001,1.902855374995852
370,0.0060162791050970554,0.11747074872255325,0.001,1.9024984999996377
371,0.0062891412526369095,0.124288409948349,0.001,1.9461842500022613
372,0.005878735333681107,0.10672995448112488,0.001,1.7724248750018887
373,0.006406715605407953,0.10166547447443008,0.001,1.8085336250078399
374,0.006013852544128895,0.0973888486623764,0.001,1.7541247920016758
375,0.005378446541726589,0.14038589596748352,0.001,1.7725180840061512
376,0.005807810928672552,0.10156703740358353,0.001,1.805517750006402
377,0.00596655486151576,0.12023640424013138,0.001,1.7395607090002159
378,0.005908376537263393,0.08182062208652496,0.001,1.8513107909966493
379,0.005764894653111696,0.09830735623836517,0.001,1.7474430419970304
380,0.006127362139523029,0.16178561747074127,0.001,1.8414520410005935
381,0.005681624636054039,0.1181093379855156,0.001,1.7954868329979945
382,0.006593463942408562,0.14953646063804626,0.001,1.9381684160034638
383,0.006233339663594961,0.10521303117275238,0.001,1.7561839169939049
384,0.005532763432711363,0.09885464608669281,0.001,1.7721063749922905
385,0.0063338978216052055,0.12357164919376373,0.001,1.7374564170022495
386,0.005536667536944151,0.11983780562877655,0.001,1.8671384580084123
387,0.005921282339841127,0.10360907763242722,0.001,1.772590249995119
388,0.006018935237079859,0.11523589491844177,0.001,1.814571541006444
389,0.006043650209903717,0.15158520638942719,0.001,1.7520471249881666
390,0.006174592766910791,0.13134609162807465,0.001,1.771193292006501
391,0.0060364133678376675,0.14117370545864105,0.001,1.7678997079929104
392,0.006345868576318026,0.10004949569702148,0.001,1.9356798330118181
393,0.0060629285871982574,0.13165374100208282,0.001,2.0793072919914266
394,0.006195145193487406,0.15756548941135406,0.001,1.8193699169933097
395,0.005769509356468916,0.12273313105106354,0.001,1.8212158340029418
396,0.006463357247412205,0.09934559464454651,0.001,1.7792348340008175
397,0.005716701038181782,0.11014657467603683,0.001,1.8084420829982264
398,0.006168984808027744,0.1800057291984558,0.001,1.843375999989803
399,0.00626426562666893,0.1325903981924057,0.001,1.8506422500067856
400,0.005851422436535358,0.18067993223667145,0.001,1.7927609579928685
401,0.005560739431530237,0.16763320565223694,0.001,2.1818968750012573
402,0.0059223296120762825,0.13506053388118744,0.001,1.893749459006358
403,0.005934147629886866,0.14197732508182526,0.001,1.8912030830106232
404,0.0059686326421797276,0.11187929660081863,0.001,2.215829249995295
405,0.005824416410177946,0.12954145669937134,0.001,1.8307517919893144
406,0.005976299289613962,0.09907649457454681,0.001,1.8350675419933395
407,0.005903756711632013,0.11560976505279541,0.001,1.7951860000030138
408,0.0062490710988640785,0.07127444446086884,0.001,1.9406921250047162
409,0.006029606331139803,0.06456468999385834,0.001,1.8250312089949148
410,0.0058197202160954475,0.09528952091932297,0.001,1.895497167002759
411,0.006017370615154505,0.11977944523096085,0.001,1.825019458992756
412,0.0053336126729846,0.08165633678436279,0.001,1.8573108749988023
413,0.005370150785893202,0.13824589550495148,0.001,1.7825942920026137
414,0.005738622508943081,0.08497050404548645,0.001,1.9567372079909546
415,0.006032840348780155,0.11294057965278625,0.001,1.8176566660113167
416,0.005830931942909956,0.11755772680044174,0.001,1.8228709999966668
417,0.005087799392640591,0.1103876382112503,0.001,1.8232099999877391
418,0.006261375267058611,0.10795411467552185,0.001,1.8392762080038665
419,0.005705127026885748,0.15940962731838226,0.001,1.7948167499998817
420,0.005716686602681875,0.11833879351615906,0.001,1.7595992499991553
421,0.005949507933109999,0.13695839047431946,0.001,1.7740394579886924
422,0.0056236074306070805,0.08793675154447556,0.001,1.8975941250100732
423,0.005716915708035231,0.16524650156497955,0.001,2.2893756669946015
424,0.005934592802077532,0.13653691112995148,0.001,2.307137415991747
425,0.006020978093147278,0.13927733898162842,0.001,2.571767875007936
426,0.005706637632101774,0.14180169999599457,0.001,2.0505262079968816
427,0.006185004021972418,0.1236584410071373,0.001,1.819435582990991
428,0.005187912378460169,0.10420795530080795,0.001,1.9044595000013942
429,0.005561095662415028,0.1290564239025116,0.001,1.9653791249875212
430,0.0059028067626059055,0.11231903731822968,0.001,2.3339769590093056
431,0.005771645810455084,0.16964763402938843,0.001,2.1056272499990882
432,0.005373227410018444,0.12588772177696228,0.001,1.964203625000664
433,0.005963641218841076,0.1969163566827774,0.001,2.043479917003424
434,0.005878139287233353,0.14391081035137177,0.001,1.8990142090042355
435,0.005341630429029465,0.18485808372497559,0.001,1.8271334579912946
436,0.00484839454293251,0.14993441104888916,0.001,1.7971757500054082
437,0.005631116684526205,0.14154629409313202,0.001,1.752523957999074
438,0.00537597481161356,0.13661110401153564,0.001,1.8490830000082497
439,0.006156826391816139,0.11133857816457748,0.001,1.7919664169894531
440,0.006032212637364864,0.12322787195444107,0.001,1.7926177080080379
441,0.005461252760142088,0.13897685706615448,0.001,2.0106245829956606
442,0.006395967677235603,0.15615952014923096,0.001,2.048128041002201
443,0.0061721461825072765,0.08564525842666626,0.001,1.7341529999976046
444,0.005395340267568827,0.07578431814908981,0.001,1.856904250002117
445,0.006116047967225313,0.0880972295999527,0.001,1.80704687499383
446,0.006015724502503872,0.12288292497396469,0.001,1.8605682500055991
447,0.005483971908688545,0.08783318847417831,0.001,1.9292352909978945
448,0.005916884168982506,0.13940733671188354,0.001,2.024881290999474
449,0.006047812756150961,0.1229538768529892,0.001,2.0706976669898722
450,0.005059239454567432,0.15716496109962463,0.001,2.0804454580065794
451,0.005750081967562437,0.11986904591321945,0.001,1.8698637499910546
452,0.0062632011249661446,0.13513076305389404,0.001,1.8500254160026088
453,0.005633014719933271,0.09932540357112885,0.001,1.83060154200939
454,0.005941609852015972,0.1293361634016037,0.001,1.8733730829990236
455,0.00544205866754055,0.11034286022186279,0.001,2.0874400839966256
456,0.005361434072256088,0.163972869515419,0.001,2.371869249996962
457,0.005637657828629017,0.11408425122499466,0.001,2.0803747500031022
458,0.005533372517675161,0.13783618807792664,0.001,1.967139332991792
459,0.005898389499634504,0.16852465271949768,0.001,1.8158386669965694
460,0.006478567607700825,0.18612632155418396,0.001,1.92694558299263
461,0.005551155656576157,0.15701709687709808,0.001,1.815977334001218
462,0.005184110254049301,0.11250827461481094,0.001,1.7746139580121962
463,0.005801224149763584,0.1393054872751236,0.001,1.8601699590071803
464,0.00593658396974206,0.16456422209739685,0.001,1.7580895419960143
465,0.004970279987901449,0.0977916568517685,0.001,1.895169249997707
466,0.005323528777807951,0.10804250091314316,0.001,2.0284720420022495
467,0.005655193701386452,0.13451164960861206,0.001,1.7446084170078393
468,0.0059643941931426525,0.1617674082517624,0.001,1.7708546250069048
469,0.006080992985516787,0.08475834131240845,0.001,1.835064415994566
470,0.0055198888294398785,0.10760413855314255,0.001,1.7621970000036526
471,0.005755935329943895,0.1235302984714508,0.001,1.7751076669956092
472,0.004841037094593048,0.1660311371088028,0.001,1.7464133340108674
473,0.006210448686033487,0.12115926295518875,0.001,1.8693580410035793
474,0.005268550012260675,0.15201355516910553,0.001,1.7677403330017114
475,0.005097499117255211,0.09628475457429886,0.001,1.8161072500079172
476,0.005988687742501497,0.19453708827495575,0.001,1.7581457500054967
477,0.004985454026609659,0.1695028394460678,0.001,1.8711438749887748
478,0.0060059791430830956,0.13257990777492523,0.001,1.8426159580121748
479,0.005489511415362358,0.18932735919952393,0.001,3.34943195800588
480,0.005639431532472372,0.12127489596605301,0.001,1.9996538749983301
481,0.005172176286578178,0.17075912654399872,0.001,1.9205877499916824
482,0.006167663261294365,0.1825215369462967,0.001,1.8974564579984872
483,0.0051477085798978806,0.11564414948225021,0.001,1.7659724590048427
484,0.005636650137603283,0.16690289974212646,0.001,1.8290758750081295
485,0.006321369670331478,0.10544881224632263,0.001,2.2041935410088627
486,0.005606797058135271,0.08841478824615479,0.001,1.869960625001113
487,0.005630321800708771,0.10953710228204727,0.001,2.2442252909968374
488,0.0053476509638130665,0.12251964956521988,0.001,1.8328193750057835
489,0.0059775845147669315,0.10025467723608017,0.001,1.8770241669990355
490,0.005390082951635122,0.09212399274110794,0.001,1.7838027500110911
491,0.005449723452329636,0.11374757438898087,0.001,1.9189237910031807
492,0.005333183333277702,0.0637253075838089,0.001,1.8780425840086536
493,0.005379559937864542,0.11961135268211365,0.001,1.9007018330012215
494,0.005550101399421692,0.1267891377210617,0.001,2.403616833995329
495,0.005643320735543966,0.135663241147995,0.001,2.2339308750088094
496,0.005612364504486322,0.1432066708803177,0.001,2.4194114159909077
497,0.006207216996699572,0.1117858812212944,0.001,1.976062624991755
498,0.005720390006899834,0.14778053760528564,0.001,1.8560957910085563
499,0.005442557390779257,0.12431496381759644,0.001,2.1515194999956293
500,0.005288552492856979,0.10719079524278641,0.001,2.1264328329998534
501,0.005634399596601725,0.12193656712770462,0.001,1.9339609589951579
502,0.006082337349653244,0.124679334461689,0.001,1.9938587499927962
503,0.005504121072590351,0.07018104195594788,0.001,1.894312667005579
504,0.005978317931294441,0.14966413378715515,0.001,1.8617240419989685
505,0.005010610446333885,0.11977475136518478,0.001,1.7525924579967977
506,0.005939335562288761,0.13606856763362885,0.001,1.7854715409921482
507,0.005257150158286095,0.16740940511226654,0.001,1.8828830409911461
508,0.005857083015143871,0.10006248205900192,0.001,1.8268446660076734
509,0.005638578440994024,0.08857103437185287,0.001,1.8652660000079777
510,0.005486469250172377,0.08589382469654083,0.001,1.8276764170004753
511,0.005283923353999853,0.16444171965122223,0.001,1.9111094170075376
512,0.005073762498795986,0.15839695930480957,0.001,2.1361317919945577
513,0.0054230038076639175,0.1694738119840622,0.001,2.0607216250064084
514,0.005071979947388172,0.12678885459899902,0.001,1.7688861250062473
515,0.005905147176235914,0.08134377002716064,0.001,1.8033305830031168
516,0.005482548847794533,0.11843780428171158,0.001,1.8838707079994492
517,0.005102470517158508,0.14257219433784485,0.001,1.76453145898995
518,0.005071984604001045,0.08794030547142029,0.001,1.8067012919927947
519,0.00574027094990015,0.10714845359325409,0.001,1.8627523750037653
520,0.005453705321997404,0.13344262540340424,0.001,1.7706292920047417
521,0.006009676493704319,0.07948347181081772,0.001,2.0347804589982843
522,0.005347443278878927,0.13526374101638794,0.001,2.0817315830063308
523,0.005361354444175959,0.1441311091184616,0.001,1.8443587079964345
524,0.005327803548425436,0.13502465188503265,0.001,1.9856662919919472
525,0.005628330633044243,0.11563490331172943,0.001,2.3314389170118375
526,0.005539813078939915,0.15092596411705017,0.001,2.1844464580062777
527,0.005598851479589939,0.11246141791343689,0.001,2.025968041998567
528,0.0053529031574726105,0.15735097229480743,0.001,1.9818792910082266
529,0.005421909037977457,0.16920703649520874,0.001,2.0004401659971336
530,0.005246168002486229,0.09164750576019287,0.001,1.7652099999977509
531,0.005624100565910339,0.13041162490844727,0.001,1.8949782499985304
532,0.005346301011741161,0.0999905988574028,0.001,1.9623052090028068
533,0.005718900356441736,0.13732659816741943,0.001,2.061283500006539
534,0.005480817053467035,0.1177399531006813,0.001,1.8576795420085546
535,0.005555908195674419,0.1398019790649414,0.001,1.7583487090014387
536,0.005745588801801205,0.12340230494737625,0.001,1.769257584004663
537,0.00534229539334774,0.09714378416538239,0.001,1.861480624997057
538,0.005137361586093903,0.09056010097265244,0.001,1.9339481670031091
539,0.00506680179387331,0.08362077921628952,0.001,2.2086982499895385
540,0.005730736069381237,0.10319078713655472,0.001,2.1111159160063835
541,0.005538794212043285,0.11354539543390274,0.001,1.8297634590126108
542,0.005873199086636305,0.15741725265979767,0.001,1.950513707997743
543,0.005542880855500698,0.12052251398563385,0.001,1.8006803750031395
544,0.0052245301194489,0.18581728637218475,0.001,1.9152599579974776
545,0.004833417944610119,0.15295013785362244,0.001,1.8490297499956796
546,0.005292446352541447,0.14481724798679352,0.001,2.080688542002463
547,0.004959854297339916,0.11885665357112885,0.001,2.0378892500011716
548,0.005529376678168774,0.14117290079593658,0.001,2.148199209012091
549,0.005838732235133648,0.08266784995794296,0.001,2.034138292001444
550,0.005066941492259502,0.10105739533901215,0.001,1.8503353749983944
551,0.0053659346885979176,0.08779335767030716,0.001,1.8506484590034233
552,0.005799409002065659,0.08380966633558273,0.001,1.913746792008169
553,0.00537567725405097,0.12598392367362976,0.001,1.8584908750053728
554,0.004809150472283363,0.1588432341814041,0.001,1.9286877920094412
555,0.005505579989403486,0.11087046563625336,0.001,1.9110348749964032
556,0.005384583026170731,0.0920320376753807,0.001,1.8406097080005566
557,0.005299880634993315,0.12283941358327866,0.001,2.015762500013807
558,0.005838075652718544,0.11977335065603256,0.001,2.0830295000050683
559,0.005090104416012764,0.08698417991399765,0.001,1.8332060000102501
560,0.005361819174140692,0.12607161700725555,0.001,1.8338226250052685
561,0.0057733990252017975,0.1456930786371231,0.001,1.8219453750061803
562,0.005385024938732386,0.1059047132730484,0.001,2.4579494999925373
563,0.005758276674896479,0.15085040032863617,0.001,1.9842958750086837
564,0.004902521148324013,0.10620436817407608,0.001,1.881216416004463
565,0.005677790381014347,0.13533203303813934,0.001,1.953113833005773
566,0.005587405990809202,0.14023175835609436,0.001,2.3660606250050478
567,0.005647062323987484,0.15781253576278687,0.001,2.161539416993037
568,0.006086584646254778,0.11101570725440979,0.001,1.8204604999918956
569,0.005309184081852436,0.1531752645969391,0.001,2.311736916002701
570,0.005418646149337292,0.16299240291118622,0.001,1.8385582080081804
571,0.0055893417447805405,0.1527223289012909,0.001,1.8464369170105783
572,0.005836566910147667,0.13910217583179474,0.001,1.8972120419930434
573,0.0046301716938614845,0.11694566160440445,0.001,1.9574149169930024
574,0.005059350281953812,0.08715690672397614,0.001,2.387408875001711
575,0.004975684452801943,0.11915098875761032,0.001,2.123829415999353
576,0.005417701788246632,0.1820622831583023,0.001,1.8777215000009164
577,0.00555009488016367,0.1397065818309784,0.001,1.8960067500011064
578,0.005629408173263073,0.15959498286247253,0.001,1.820465583994519
579,0.005195189267396927,0.10247091948986053,0.001,1.9920717500062892
580,0.005859114695340395,0.07944374531507492,0.001,1.9699502920120722
581,0.005655360408127308,0.16150560975074768,0.001,2.1090477090037894
582,0.0052686939015984535,0.12155978381633759,0.001,1.9250346250046277
583,0.005204005166888237,0.10481378436088562,0.001,1.8276195420039585
584,0.005460693500936031,0.12065772712230682,0.001,1.9928055409982335
585,0.005627638194710016,0.12285076081752777,0.001,1.774590333996457
586,0.0051606399938464165,0.13203394412994385,0.001,1.8820927089982433
587,0.005382334813475609,0.12014199048280716,0.001,1.8625874999997905
588,0.00573703832924366,0.16170856356620789,0.001,1.8631247919984162
589,0.005046699661761522,0.13984523713588715,0.001,2.0340071670070756
590,0.004918292164802551,0.1074926033616066,0.001,2.1026987500081304
591,0.00542967626824975,0.0971037745475769,0.001,1.8770374579908093
592,0.005026802886277437,0.15182162821292877,0.001,1.7596139999950537
593,0.005183552857488394,0.11152832210063934,0.001,2.179730042000301
594,0.005265433341264725,0.15043269097805023,0.001,1.8669610419892706
595,0.005607680417597294,0.15174181759357452,0.001,1.773539959001937
596,0.0055757686495780945,0.10212592780590057,0.001,1.7856243749993155
597,0.005175814498215914,0.136155366897583,0.001,1.7462047079898184
598,0.0052365269511938095,0.14615480601787567,0.001,1.9081147919932846
599,0.005442572291940451,0.12063372880220413,0.001,2.3564098329952685
600,0.0055091199465096,0.16461141407489777,0.001,1.9359193749987753
601,0.004830071236938238,0.09073992073535919,0.001,1.7796722909988603
602,0.00526773976162076,0.1310502588748932,0.001,1.8007654590037419
603,0.004689697176218033,0.14219841361045837,0.001,1.8383543750096578
604,0.005556205753237009,0.10294873267412186,0.001,1.780445708995103
605,0.005626155529171228,0.12757691740989685,0.001,1.9777429999958258
606,0.005471683107316494,0.13828988373279572,0.001,1.830422708997503
607,0.005180430132895708,0.08071637898683548,0.001,1.942385166999884
608,0.005246855318546295,0.15789823234081268,0.001,1.8662431669945363
609,0.005748456809669733,0.08204352855682373,0.001,1.8668043750076322
610,0.004816266242414713,0.11083601415157318,0.001,1.8905348749976838
611,0.004789195489138365,0.13946416974067688,0.001,1.8553054590011016
612,0.004882789216935635,0.0946117490530014,0.001,1.901939333009068
613,0.005076021421700716,0.09561938047409058,0.001,1.858106832994963
614,0.00556917255744338,0.10379613190889359,0.001,1.8463100420049159
615,0.00535799004137516,0.14855866134166718,0.001,1.8033605000091484
616,0.005192863754928112,0.11758210510015488,0.001,1.8397089170030085
617,0.005355016328394413,0.054548297077417374,0.001,1.8910137089987984
618,0.005503111984580755,0.22619540989398956,0.001,1.813166750012897
619,0.005544099025428295,0.09283635765314102,0.001,1.8837414580048062
620,0.004964920692145824,0.11709019541740417,0.001,1.8271509580081329
621,0.005574459210038185,0.13179431855678558,0.001,1.7885882080008741
622,0.004891042597591877,0.14205242693424225,0.001,1.8784493330022087
623,0.005013477522879839,0.20239125192165375,0.001,1.820262332999846
624,0.005080674309283495,0.11756807565689087,0.001,1.8719379579997621
625,0.0052428944036364555,0.10523513704538345,0.001,1.8378493750060443
626,0.005322273354977369,0.0864870548248291,0.001,1.8746092500077793
627,0.005342274904251099,0.10582620650529861,0.001,1.9073368339886656
628,0.005201434250921011,0.11633393913507462,0.001,1.8647120829991763
629,0.005621266085654497,0.1769864857196808,0.001,1.8836645419942215
630,0.004917338956147432,0.12195433676242828,0.001,1.885292417005985
631,0.005053440574556589,0.1423332244157791,0.001,1.837448125006631
632,0.004747940227389336,0.14352595806121826,0.001,1.8503958329965826
633,0.004867701791226864,0.10801314562559128,0.001,1.7877868749928894
634,0.004523447714745998,0.10728252679109573,0.001,1.9194997500017053
635,0.004228219855576754,0.1006772369146347,0.001,1.8816419169888832
636,0.004765303805470467,0.11755529046058655,0.001,1.8111192090000259
637,0.005617725662887096,0.111512191593647,0.001,1.8008461670106044
638,0.005611971020698547,0.09506422281265259,0.001,2.011880125006428
639,0.004813178908079863,0.10586252808570862,0.001,1.8779324170027394
640,0.00485366303473711,0.09761959314346313,0.001,1.8665660419937922
641,0.004915905185043812,0.16279473900794983,0.001,1.8787859159929212
642,0.005030522122979164,0.10200097411870956,0.001,1.9222250829916447
643,0.005407968070358038,0.12117112427949905,0.001,1.8026030420005554
644,0.004723481368273497,0.14305172860622406,0.001,1.81645962499897
645,0.0052955495193600655,0.11020265519618988,0.001,1.8140509170043515
646,0.0048998938873410225,0.14355728030204773,0.001,1.8131975420110393
647,0.004738725256174803,0.11082559823989868,0.001,2.050301292008953
648,0.005167869385331869,0.08657409995794296,0.001,1.8417349589872174
649,0.005342055577784777,0.1784593164920807,0.001,1.9265051249967655
650,0.0049346149899065495,0.09229298681020737,0.001,1.8400632080010837
651,0.005543523468077183,0.08667410910129547,0.001,1.7836147920024814
652,0.0051111183129251,0.10889419168233871,0.001,1.7618693749973318
653,0.005154573358595371,0.1309095025062561,0.001,1.8310811660048785
654,0.004566674120724201,0.08156916499137878,0.001,1.8004157079994911
655,0.005370910745114088,0.1451558768749237,0.001,1.7452953750034794
656,0.004365455824881792,0.1182824894785881,0.001,1.9040973749943078
657,0.0059412685222923756,0.07129795849323273,0.001,2.1670827500056475
658,0.004338128957897425,0.056981638073921204,0.001,2.7192952090117615
659,0.0050551858730614185,0.10753320157527924,0.001,3.090298208000604
660,0.0043940674513578415,0.06185854598879814,0.001,2.056202416002634
661,0.0053397854790091515,0.11475793272256851,0.001,1.970587916992372
662,0.005488453432917595,0.1257631778717041,0.001,1.8282332910021069
663,0.005158236715942621,0.09246331453323364,0.001,1.825240083009703
664,0.005707708187401295,0.0904008224606514,0.001,1.8871190409990959
665,0.005029719788581133,0.11438896507024765,0.001,1.9986114160128636
666,0.005321498028934002,0.06992392241954803,0.001,1.7940633749967674
667,0.005504483822733164,0.14126357436180115,0.001,1.7555127090017777
668,0.004811827093362808,0.12649813294410706,0.001,1.8514606670069043
669,0.004831334110349417,0.1386430561542511,0.001,1.7970597080129664
670,0.004764086101204157,0.10269253700971603,0.001,1.8459440829901723
671,0.004702663514763117,0.09925726801156998,0.001,1.8000637079967419
672,0.005406797863543034,0.11556871235370636,0.001,1.8114232919906499
673,0.0048044524155557156,0.1042637974023819,0.001,1.8222118749981746
674,0.0054780165664851665,0.12524454295635223,0.001,1.7861640409973916
675,0.005325110163539648,0.06375721842050552,0.001,1.8281308329897001
676,0.005541384220123291,0.10480555146932602,0.001,1.756213000000571
677,0.004831716418266296,0.12967152893543243,0.001,1.8165516250010114
678,0.004411573987454176,0.09682025015354156,0.001,1.8121969169878867
679,0.004901009611785412,0.0869520753622055,0.001,1.9285561249998864
680,0.0049873050302267075,0.09699888527393341,0.001,2.1356114170048386
681,0.00472550792619586,0.12176377326250076,0.001,2.05195133399684
682,0.004954379517585039,0.12042960524559021,0.001,1.862931750001735
683,0.005612118169665337,0.15135721862316132,0.001,2.0581197080027778
684,0.004870318342000246,0.07710359245538712,0.001,2.413223791998462
685,0.005362862721085548,0.12846313416957855,0.001,2.433667624994996
686,0.004760752432048321,0.14570657908916473,0.001,1.8707357920065988
687,0.00464040320366621,0.10253116488456726,0.001,1.8162782500003232
688,0.00465475395321846,0.13263975083827972,0.001,1.9215211669943528
689,0.005320384632796049,0.17762474715709686,0.001,1.8972751250112196
690,0.005348712671548128,0.13934937119483948,0.001,2.299704750010278
691,0.005435073748230934,0.10673527419567108,0.001,2.4838687919982476
692,0.0046561784110963345,0.09731846302747726,0.001,2.0531093330064323
693,0.005921029020100832,0.09689478576183319,0.001,2.2638663329998963
694,0.004936235025525093,0.14061224460601807,0.001,1.873153958003968
695,0.0048636142164468765,0.0913548395037651,0.001,1.7886694170010742
696,0.004908707924187183,0.1401330679655075,0.001,1.8169831249979325
697,0.005387407261878252,0.08900875598192215,0.001,2.20288470799278
698,0.005089308600872755,0.12747174501419067,0.001,2.332000624999637
699,0.004962049424648285,0.1048603430390358,0.001,2.3152348340081517
700,0.004981289617717266,0.10579026490449905,0.001,2.067909083008999
701,0.005391550716012716,0.12348859012126923,0.001,1.7620331660000375
702,0.004851951729506254,0.15470771491527557,0.001,1.8087235000130022
703,0.0047822995111346245,0.11921568959951401,0.001,1.7572570410120534
704,0.004951606038957834,0.162367045879364,0.001,1.8467058339883806
705,0.004994796589016914,0.15694227814674377,0.001,1.7944277909991797
706,0.004845841322094202,0.10539226233959198,0.001,1.8177173750009388
707,0.0059463647194206715,0.14504724740982056,0.001,1.9495960419881158
708,0.005327656865119934,0.20766307413578033,0.001,1.9239374579919968
709,0.004939740523695946,0.11528012901544571,0.001,2.0903314580064034
710,0.005174416117370129,0.21955224871635437,0.001,2.4427853749948554
711,0.005301079712808132,0.12741318345069885,0.001,1.934928457994829
712,0.005062807817012072,0.07781056314706802,0.001,2.0189523750013905
713,0.0049380166456103325,0.1631118804216385,0.001,1.9067238330026157
714,0.0054413191974163055,0.1340298056602478,0.001,1.8077666669996688
715,0.004683359991759062,0.09788156300783157,0.001,1.8391312919993652
716,0.005325261503458023,0.2075231820344925,0.001,1.7590879580093315
717,0.004935166332870722,0.07465863227844238,0.001,1.7927911250008037
718,0.004860879387706518,0.13997063040733337,0.001,1.8028560419916175
719,0.004594228696078062,0.1227874681353569,0.001,1.7956952919921605
720,0.0048568882048130035,0.13266396522521973,0.001,1.7778252919961233
721,0.00495128333568573,0.12535488605499268,0.001,1.75918254199496
722,0.004735433962196112,0.11083264648914337,0.001,1.8386676249938319
723,0.005013445392251015,0.09044976532459259,0.001,1.8214972920104628
724,0.004640125669538975,0.11216015368700027,0.001,1.9021104579878738
725,0.005142910871654749,0.08362767845392227,0.001,1.8196224169951165
726,0.005189461167901754,0.15495459735393524,0.001,1.8550787919957656
727,0.004902078304439783,0.09556509554386139,0.001,1.8611030000029132
728,0.005135741550475359,0.11911875754594803,0.001,1.939420082999277
729,0.004838983528316021,0.15001648664474487,0.001,1.890565042005619
730,0.004566119983792305,0.09072080254554749,0.001,2.215880333998939
731,0.005013474728912115,0.10768967866897583,0.001,2.571008166007232
732,0.004726081155240536,0.11687776446342468,0.001,2.2164514169999165
733,0.004848791286349297,0.10664698481559753,0.001,2.280347250009072
734,0.004855067934840918,0.0838608518242836,0.001,2.118885041010799
735,0.004859963897615671,0.11492062360048294,0.001,2.2222762090095785
736,0.005309704691171646,0.1422288417816162,0.001,2.178509082994424
737,0.0053736064583063126,0.14676564931869507,0.001,1.9753314580011647
738,0.004347086884081364,0.1093001440167427,0.001,1.8251693330093985
739,0.005240708589553833,0.11387202888727188,0.001,1.9406846249912633
740,0.0047616236843168736,0.11624325811862946,0.001,2.079270832997281
741,0.004939120262861252,0.13297265768051147,0.001,2.5911210000049323
742,0.005220694467425346,0.11079075187444687,0.001,3.030032624999876
743,0.0050439657643437386,0.17821358144283295,0.001,2.675835208996432
744,0.004889773670583963,0.18084008991718292,0.001,2.488050750005641
745,0.005007459316402674,0.1455368995666504,0.001,2.4951011249941075
746,0.005127647425979376,0.1394001543521881,0.001,1.9117804580018856
747,0.004745418205857277,0.10578542202711105,0.001,1.9130455830018036
748,0.0046315682120621204,0.11861252039670944,0.001,2.341716750001069
749,0.004806854296475649,0.11556413024663925,0.001,2.558572333000484
750,0.005377008579671383,0.10235518962144852,0.001,2.6290707499865675
751,0.004970362409949303,0.13807694613933563,0.001,1.9899445839982945
752,0.004543133080005646,0.10097555816173553,0.001,1.8451915839978028
753,0.005477739032357931,0.161025732755661,0.001,1.9488460409920663
754,0.0047105844132602215,0.12313917279243469,0.001,2.0431199169979664
755,0.005134125240147114,0.11442147195339203,0.001,1.918861874990398
756,0.004539651330560446,0.13776510953903198,0.001,1.9262854169937782
757,0.004718456417322159,0.1055741235613823,0.001,1.9039753749966621
758,0.004847908858209848,0.173603817820549,0.001,1.9072120829951018
759,0.0049654277972877026,0.09405943006277084,0.001,1.9402961660089204
760,0.0045099686831235886,0.11960569769144058,0.001,2.044587500000489
761,0.004958668723702431,0.07462041079998016,0.001,1.8983103330101585
762,0.004965659696608782,0.12382198870182037,0.001,2.0458947919978527
763,0.004577391780912876,0.10947153717279434,0.001,1.8795235419966048
764,0.004837478511035442,0.1801719218492508,0.001,1.8547707089892356
765,0.004853909835219383,0.09002745151519775,0.001,1.995843833006802
766,0.005149202421307564,0.14297103881835938,0.001,1.9253935419983463
767,0.004814642947167158,0.14655336737632751,0.001,1.944711959004053
768,0.004830969497561455,0.13014091551303864,0.001,2.2075015420123236
769,0.00511760450899601,0.14300163090229034,0.001,1.9570255830039969
770,0.004743956495076418,0.05273405835032463,0.001,2.177300708994153
771,0.004543358460068703,0.09389142692089081,0.001,2.619633958005579
772,0.004861912690103054,0.14234864711761475,0.001,1.885797958006151
773,0.004514598753303289,0.07760096341371536,0.001,1.9031953749945387
774,0.004636037163436413,0.11095063388347626,0.001,2.0572861670079874
775,0.004784279968589544,0.06233641505241394,0.001,2.430718417002936
776,0.00439100107178092,0.10349109768867493,0.001,2.0727507499977946
777,0.004197399131953716,0.07829861342906952,0.001,2.0146560830035014
778,0.004289171192795038,0.11438649892807007,0.001,1.799037082993891
779,0.004416116513311863,0.07725328952074051,0.001,1.8197669169894652
780,0.004529276862740517,0.07232166081666946,0.001,1.7990797920065233
781,0.004572500009089708,0.09445492923259735,0.001,1.8182316669990541
782,0.004320855718106031,0.11974772065877914,0.001,1.7876572499953909
783,0.004287252202630043,0.08749758452177048,0.001,1.8959414160053711
784,0.004938783589750528,0.0865178033709526,0.001,1.8165746250015218
785,0.005182112101465464,0.12485046684741974,0.001,1.7866215419926448
786,0.004873189609497786,0.16161485016345978,0.001,1.8325903749937424
787,0.004668279550969601,0.15214258432388306,0.001,1.768209250003565
788,0.004679899197071791,0.19562150537967682,0.001,1.7913174169952981
789,0.00466200802475214,0.10133348405361176,0.001,1.7426217079919297
790,0.005165652371942997,0.16872598230838776,0.001,1.8385176670126384
791,0.005079697817564011,0.1304488182067871,0.001,1.8028187910094857
792,0.005038583185523748,0.14087335765361786,0.001,1.768980749999173
793,0.005027351435273886,0.1976127177476883,0.001,1.8445807499956572
794,0.004922357387840748,0.1134491115808487,0.001,1.764647125004558
795,0.004685720428824425,0.19286006689071655,0.001,1.7627557910018368
796,0.0048153093084692955,0.15835146605968475,0.001,1.8444669579912443
797,0.004768948070704937,0.10226883739233017,0.001,1.7578072909964249
798,0.005163002759218216,0.12350250780582428,0.001,1.9999957499967422
799,0.004788408055901527,0.12554104626178741,0.001,1.7669306669995422
800,0.004701966419816017,0.10683990269899368,0.001,1.7917315829981817
801,0.004366695880889893,0.1465669870376587,0.001,1.7633105420100037
802,0.004599658772349358,0.11279185116291046,0.001,1.8231525000010151
803,0.004275782965123653,0.15708720684051514,0.001,1.7597656659927452
804,0.004632261581718922,0.1293884515762329,0.001,1.7762101249973057
805,0.004637814126908779,0.12288345396518707,0.001,1.9570472909981618
806,0.004495218396186829,0.12309005111455917,0.001,2.051715082998271
807,0.00446243304759264,0.018375927582383156,0.001,1.806026208010735
808,0.0045644319616258144,0.13973493874073029,0.001,1.834766291998676
809,0.004920278210192919,0.12178120017051697,0.001,1.7909316250006668
810,0.004823054186999798,0.10308778285980225,0.001,1.7907172499981243
811,0.004990032408386469,0.15358804166316986,0.001,1.9941638330055866
812,0.0043540471233427525,0.08609789609909058,0.001,1.9054181660030736
813,0.004397982731461525,0.14617814123630524,0.001,1.7929260840028292
814,0.004643173422664404,0.18091121315956116,0.001,1.7685464169917395
815,0.0046251630410552025,0.07887934148311615,0.001,1.8498289999988629
816,0.00467786006629467,0.1367797702550888,0.001,1.7645699169952422
817,0.0051469155587255955,0.12222795933485031,0.001,1.7785495829884894
818,0.004767521750181913,0.1141408383846283,0.001,1.8184445840015542
819,0.004578787833452225,0.19495995342731476,0.001,1.8095672499912325
820,0.004425698425620794,0.0831434577703476,0.001,1.7870339999935823
821,0.00511961942538619,0.10681795328855515,0.001,1.7485739580006339
822,0.005499471444636583,0.10925711691379547,0.001,1.8570349579968024
823,0.004276651423424482,0.1271689087152481,0.001,1.7805464999983087
824,0.004419910721480846,0.11872051656246185,0.001,1.847294375009369
825,0.005031244829297066,0.15504944324493408,0.001,1.8481750419887248
826,0.004525135271251202,0.1336233764886856,0.001,1.781047791999299
827,0.0044877976179122925,0.10416195541620255,0.001,1.833424249998643
828,0.004941361024975777,0.15783794224262238,0.001,1.7632551659917226
829,0.004660776350647211,0.05186751112341881,0.001,1.7863082080002641
830,0.004766140133142471,0.12873299419879913,0.001,1.744236667000223
831,0.004690433386713266,0.12826640903949738,0.001,1.8120175410003867
832,0.005135667510330677,0.11161063611507416,0.001,1.7513416670117294
833,0.004530820529907942,0.15430261194705963,0.001,1.780895165997208
834,0.004524864722043276,0.10440145432949066,0.001,1.7875274999969406
835,0.0052201272919774055,0.13037195801734924,0.001,1.8288906670059077
836,0.004932862240821123,0.1336122751235962,0.001,1.7867667919927044
837,0.004656970966607332,0.1086934506893158,0.001,1.7799814589961898
838,0.004448029678314924,0.09445822238922119,0.001,1.7737702500016894
839,0.004753801506012678,0.09054916352033615,0.001,1.9185135000006994
840,0.004667505156248808,0.09943879395723343,0.001,1.8003539589990396
841,0.0045049674808979034,0.08765292167663574,0.001,1.7680697080068057
842,0.00419335812330246,0.0892808735370636,0.001,1.8193852090043947
843,0.004577188286930323,0.105827696621418,0.001,1.785501625010511
844,0.0043136952444911,0.06475013494491577,0.001,1.8207839580136351
845,0.005036429036408663,0.07843001186847687,0.001,1.7698819999932311
846,0.004893412347882986,0.0791776031255722,0.001,1.7852128329977859
847,0.004687651991844177,0.12911078333854675,0.001,1.7647644169919658
848,0.004607805982232094,0.11251680552959442,0.001,1.830723166000098
849,0.0049455417320132256,0.17466528713703156,0.001,1.7636730420053937
850,0.004676977638155222,0.12857478857040405,0.001,1.8655162499926519
851,0.004444770980626345,0.14982499182224274,0.001,1.7645183330023428
852,0.004829843994230032,0.14092706143856049,0.001,1.8000226660078624
853,0.004931080155074596,0.14337798953056335,0.001,1.816036249991157
854,0.0046567595563828945,0.1531161516904831,0.001,1.7694048749981448
855,0.0046945493668317795,0.18386155366897583,0.001,1.7860320420004427
856,0.004345793277025223,0.05781882256269455,0.001,1.7967273339891108
857,0.004812669940292835,0.13146963715553284,0.001,1.7782188339915592
858,0.00510374503210187,0.15007050335407257,0.001,1.8858545829862123
859,0.004385851789265871,0.14255072176456451,0.001,1.7990231669973582
860,0.004429930821061134,0.13323670625686646,0.001,1.7768803750077495
861,0.005296322517096996,0.09600391238927841,0.001,1.8237486669968348
862,0.004387070424854755,0.101671002805233,0.001,1.828117208002368
863,0.00454541714861989,0.11401664465665817,0.001,1.7580106669920497
864,0.004645091015845537,0.07772410660982132,0.001,1.7876643329946091
865,0.004345843102782965,0.10303064435720444,0.001,1.8466745000041556
866,0.004414679482579231,0.10170517861843109,0.001,1.790723624988459
867,0.004539603367447853,0.12650349736213684,0.001,1.7936074580065906
868,0.004785757511854172,0.08782271295785904,0.001,1.7524786660069367
869,0.004446500446647406,0.11608880758285522,0.001,1.8365841250051744
870,0.00499503081664443,0.09612642228603363,0.001,1.7818938749987865
871,0.004099064040929079,0.12301789224147797,0.001,1.8086023750074673
872,0.004338948521763086,0.08423901349306107,0.001,1.7590762079926208
873,0.004509200341999531,0.0905851349234581,0.001,1.8929494159965543
874,0.00432991748675704,0.10306140035390854,0.001,2.078896708000684
875,0.004959340672940016,0.08264750987291336,0.001,1.9663567499956116
876,0.004755762405693531,0.10338195413351059,0.001,1.8172196660016198
877,0.004404183477163315,0.18929286301136017,0.001,1.807071208007983
878,0.004711370449513197,0.11571362614631653,0.001,1.9155115840112558
879,0.004590104334056377,0.15596967935562134,0.001,1.9073750840034336
880,0.00416606804355979,0.1279963254928589,0.001,2.135185332997935
881,0.004353875759989023,0.16864368319511414,0.001,2.0938625409908127
882,0.004958348348736763,0.1398244947195053,0.001,2.806960625006468
883,0.004731990862637758,0.1461275815963745,0.001,2.0554977919964585
884,0.004515941254794598,0.138340562582016,0.001,1.9134322080062702
885,0.0048904637806117535,0.1837197095155716,0.001,1.9553586249967339
886,0.004391727969050407,0.12752805650234222,0.001,2.097614333004458
887,0.004872792400419712,0.14524786174297333,0.001,2.119143249990884
888,0.004531345330178738,0.11880678683519363,0.001,1.9467504169879248
889,0.004393140785396099,0.11506025493144989,0.001,1.956918374999077
890,0.004180025774985552,0.14720971882343292,0.001,1.7924944999977015
891,0.004564428236335516,0.17876270413398743,0.001,1.8710560000035912
892,0.004693619441241026,0.13432461023330688,0.001,1.8633062500011874
893,0.004840986803174019,0.15216387808322906,0.001,2.1425692920020083
894,0.0045886896550655365,0.13559944927692413,0.001,2.1292426669970155
895,0.004316202364861965,0.10018246620893478,0.001,1.895707499992568
896,0.004617822822183371,0.12179239839315414,0.001,1.831562416991801
897,0.004523721989244223,0.12473839521408081,0.001,2.3986584170052083
898,0.00433356175199151,0.1341492086648941,0.001,2.3356842920038616
899,0.005023680627346039,0.1416727602481842,0.001,1.9177323329931824
900,0.004312845412641764,0.1488671898841858,0.001,2.2184636250021867
901,0.004290207289159298,0.14538227021694183,0.001,2.128386500000488
902,0.0043587759137153625,0.11740023642778397,0.001,1.839473416999681
903,0.004448410589247942,0.11417771875858307,0.001,1.9227965000027325
904,0.004712276626378298,0.11857477575540543,0.001,1.9238248750043567
905,0.004394308663904667,0.1250271052122116,0.001,2.032890041999053
906,0.004441998898983002,0.09675319492816925,0.001,1.8901315840048483
907,0.00501067703589797,0.10295899212360382,0.001,1.9929411669872934
908,0.005156105849891901,0.12858901917934418,0.001,2.1620878749963595
909,0.004178783390671015,0.09568093717098236,0.001,2.021953499992378
910,0.004296960774809122,0.10243038833141327,0.001,1.8220012920064619
911,0.00429107341915369,0.07479763776063919,0.001,1.804215333002503
912,0.004260720685124397,0.18592491745948792,0.001,2.274477750004735
913,0.004231272265315056,0.09082498401403427,0.001,1.9532343329919968
914,0.004108265042304993,0.10130301862955093,0.001,1.8420804159977706
915,0.004344139248132706,0.11292959004640579,0.001,1.8251685419963906
916,0.0038371833506971598,0.13343815505504608,0.001,1.8703694580035517
917,0.004216769710183144,0.131742462515831,0.001,2.0154513329907786
918,0.00451944675296545,0.12451647222042084,0.001,2.6219967500073835
919,0.003968153148889542,0.11499515175819397,0.001,2.0515920000034384
920,0.003924018703401089,0.12499243021011353,0.001,1.9013515000115149
921,0.003986168187111616,0.15439483523368835,0.001,1.888994791006553
922,0.0042140427976846695,0.11701032519340515,0.001,1.8053485000127694
923,0.004259985405951738,0.10877203941345215,0.001,1.8356690410000738
924,0.004086497239768505,0.12863345444202423,0.001,2.0464741659961874
925,0.004562703426927328,0.13218848407268524,0.001,1.781804040991119
926,0.003895201487466693,0.1125635951757431,0.001,1.7887320420122705
927,0.004798225127160549,0.10575324296951294,0.001,1.7980097910040058
928,0.0042177047580480576,0.13517563045024872,0.001,1.7814797080063727
929,0.004411924164742231,0.13019125163555145,0.001,1.8063727090047905
930,0.0047815763391554356,0.15115077793598175,0.001,1.8039554999995744
931,0.0047600725665688515,0.10182783752679825,0.001,1.7714449999912176
932,0.004459270276129246,0.13006268441677094,0.001,1.7803575410071062
933,0.004437147174030542,0.10592545568943024,0.001,2.1377099590026774
934,0.0045007201842963696,0.11151335388422012,0.001,2.162358082990977
935,0.004381963051855564,0.11060275882482529,0.001,1.806848499996704
936,0.004641934763640165,0.11757641285657883,0.001,1.8103131249954458
937,0.004714315291494131,0.10955610126256943,0.001,1.8056659169960767
938,0.004302288871258497,0.0988096073269844,0.001,1.779363541994826
939,0.00407596817240119,0.12462751567363739,0.001,1.7495788340020226
940,0.004544328898191452,0.1267881989479065,0.001,1.8180554999999003
941,0.004802053794264793,0.14987802505493164,0.001,1.765469125006348
942,0.0047240424901247025,0.07681892067193985,0.001,1.8185782920045312
943,0.0044071185402572155,0.11346743255853653,0.001,1.750726250000298
944,0.004398172255605459,0.12446553260087967,0.001,1.7570913329982432
945,0.003962569870054722,0.09115385264158249,0.001,1.865693583007669
946,0.004568614065647125,0.10612085461616516,0.001,1.7719802080100635
947,0.004719579126685858,0.15022031962871552,0.001,1.7862987499975134
948,0.004098427481949329,0.07868603616952896,0.001,1.7613390000042273
949,0.004439094569534063,0.08924712985754013,0.001,1.8064921250042971
950,0.004224628675729036,0.09264008700847626,0.001,1.7917396670090966
951,0.004547846503555775,0.0611259862780571,0.001,1.7944805000006454
952,0.004151873290538788,0.10758785158395767,0.001,1.789476707999711
953,0.0040908390656113625,0.16640092432498932,0.001,1.7818951249937527
954,0.0040161581709980965,0.11341492086648941,0.001,1.8038862499961397
955,0.004320261999964714,0.1433994472026825,0.001,1.7526772919954965
956,0.004754198249429464,0.08225108683109283,0.001,1.8188818750059
957,0.004259604960680008,0.1104658916592598,0.001,1.8027794590016128
958,0.004181246738880873,0.11156056076288223,0.001,1.7588122909946833
959,0.0042580487206578255,0.026189632713794708,0.001,1.7868985000095563
960,0.004666989203542471,0.10900700092315674,0.001,1.736643541007652
961,0.004214436747133732,0.07551582902669907,0.001,1.8447594589961227
962,0.004242610186338425,0.12972508370876312,0.001,1.7814579999976559
963,0.004395943135023117,0.10822584480047226,0.001,1.7303925409942167
964,0.00426824064925313,0.11467034369707108,0.001,1.8507936249952763
965,0.004743019584566355,0.0892040878534317,0.001,1.766287624996039
966,0.0038490435108542442,0.08323632925748825,0.001,1.785405125003308
967,0.004261082969605923,0.1125059649348259,0.001,1.793646833000821
968,0.004203529562801123,0.09572583436965942,0.001,1.7781532910012174
969,0.004218613728880882,0.1221344918012619,0.001,1.8049474170111353
970,0.004266341216862202,0.09888935089111328,0.001,1.7477157079993049
971,0.004450907930731773,0.09102623909711838,0.001,1.7877045000059297
972,0.0040969098918139935,0.12104153633117676,0.001,1.8680551669967826
973,0.004176950082182884,0.0746634304523468,0.001,1.7557072089985013
974,0.004133167210966349,0.1298523098230362,0.001,1.780444667005213
975,0.004283132962882519,0.07492680102586746,0.001,1.85570858400024
976,0.0040322281420230865,0.11238208413124084,0.001,1.7724569590063766
977,0.004273470491170883,0.13650797307491302,0.001,1.7853543750097742
978,0.004170493688434362,0.10414918512105942,0.001,1.808022458004416
979,0.00445547653362155,0.06289871782064438,0.001,1.752415208000457
980,0.0040282513946294785,0.15415330231189728,0.001,1.7866340420005145
981,0.00391815509647131,0.07762812077999115,0.001,1.883604041999206
982,0.004343987908214331,0.14759968221187592,0.001,1.8078604170004837
983,0.004729648120701313,0.11125104874372482,0.001,1.7833001669932855
984,0.004566585179418325,0.11044993996620178,0.001,1.773854458995629
985,0.004023126792162657,0.11099051684141159,0.001,1.936792125008651
986,0.004157246556133032,0.12019017338752747,0.001,1.8303082089987583
987,0.004356743302196264,0.11742401123046875,0.001,1.7698641249880893
988,0.004632091149687767,0.15116387605667114,0.001,2.0147204999957466
989,0.0044390736147761345,0.12599943578243256,0.001,2.49883908299671
990,0.0045257373712956905,0.09011944383382797,0.001,2.0647049580002204
991,0.004705219063907862,0.15868724882602692,0.001,2.2892252919991734
992,0.003990766126662493,0.1426483690738678,0.001,2.1983871670090593
993,0.00406727846711874,0.14623141288757324,0.001,1.9749409159994684
994,0.004635602235794067,0.17042985558509827,0.001,1.832645999995293
995,0.00471060024574399,0.11255893111228943,0.001,1.777387207999709
996,0.004285516683012247,0.16013728082180023,0.001,1.7996604170039063
997,0.005034898407757282,0.17060250043869019,0.001,1.8124722079955973
998,0.004307009279727936,0.12470343708992004,0.001,1.9105524589976994
999,0.0038888854905962944,0.11662431061267853,0.001,1.7920414160034852
1000,0.0037040826864540577,0.15723566710948944,0.001,1.8275016249972396
1001,0.0043881358578801155,0.12548328936100006,0.001,2.4895615830027964
1002,0.004163836594671011,0.10955935716629028,0.001,2.0174471250065835
1003,0.004886701237410307,0.14552852511405945,0.001,1.8206663750024745
1004,0.004214598797261715,0.11173854768276215,0.001,1.7741473330097506
1005,0.004286105744540691,0.1161416620016098,0.001,1.9342579579970334
1006,0.004430505447089672,0.17156361043453217,0.001,1.8447977920004632
1007,0.004355695564299822,0.17365598678588867,0.001,1.895899625000311
1008,0.00370464357547462,0.13966596126556396,0.001,1.816325167004834
1009,0.0048487368039786816,0.11730964481830597,0.001,1.7652260000031674
1010,0.00442984513938427,0.13227485120296478,0.001,1.7826203750009881
1011,0.004547883756458759,0.15611711144447327,0.001,1.7397671249927953
1012,0.004748460371047258,0.13305720686912537,0.001,1.8034258749976289
1013,0.004146368708461523,0.12642891705036163,0.001,1.7454602090001572
1014,0.004355107434093952,0.1328231543302536,0.001,1.872468999994453
1015,0.00463721202686429,0.14669695496559143,0.001,1.7907459169946378
1016,0.004876262042671442,0.12534058094024658,0.001,1.7703133750037523
1017,0.004757722839713097,0.19115567207336426,0.001,1.778470916004153
1018,0.0038796833250671625,0.13763242959976196,0.001,1.7326955000025919
1019,0.004279613960534334,0.1124405711889267,0.001,1.871337874996243
1020,0.004233974497765303,0.07118614763021469,0.001,1.7682729580119485
1021,0.0035055659245699644,0.10961787402629852,0.001,1.8334889999969164
1022,0.004370602313429117,0.1194823831319809,0.001,1.7592632500018226
1023,0.004246172960847616,0.07090006023645401,0.001,1.7689505829912378
1024,0.00454108789563179,0.14574216306209564,0.001,1.871147416997701
1025,0.004335200414061546,0.09670355170965195,0.001,1.9275390410039108
1026,0.004229860845953226,0.15083372592926025,0.001,1.8604677499970421
1027,0.003866177285090089,0.17925454676151276,0.001,1.8087400829972466
1028,0.00454720901325345,0.1266406923532486,0.001,1.752251083002193
1029,0.004199479706585407,0.14447534084320068,0.001,1.7937991249928018
1030,0.004294272046536207,0.12279851734638214,0.001,1.7476465840009041
1031,0.003963608760386705,0.18145422637462616,0.001,1.8336906670010649
1032,0.0041674356907606125,0.14634494483470917,0.001,1.7785869590006769
1033,0.00431079464033246,0.1103549525141716,0.001,1.7431893329921877
1034,0.004348485730588436,0.09416314959526062,0.001,1.7405769589968259
1035,0.004174868110567331,0.06724706292152405,0.001,1.815404375010985
1036,0.0038485073018819094,0.14302508533000946,0.001,1.7717367919976823
1037,0.004138168878853321,0.14710180461406708,0.001,1.8387049169978127
1038,0.004323451314121485,0.08323178440332413,0.001,1.757389750011498
1039,0.004497023764997721,0.12749959528446198,0.001,1.767436499998439
1040,0.004316891543567181,0.10454409569501877,0.001,1.7415713329974096
1041,0.004164516925811768,0.1066729947924614,0.001,1.8222655830031727
1042,0.0038239601999521255,0.11477482318878174,0.001,1.7638161670038244
1043,0.003916049841791391,0.09332427382469177,0.001,1.8174900419980986
1044,0.004922185093164444,0.10574831068515778,0.001,1.7496288330003154
1045,0.004448000807315111,0.108962282538414,0.001,1.7604007089976221
1046,0.004116107244044542,0.07324063032865524,0.001,1.7537877919967286
1047,0.004224930889904499,0.1511833667755127,0.001,1.8809068330010632
1048,0.0041765146888792515,0.12829850614070892,0.001,1.9098167920019478
1049,0.004063548520207405,0.1341048628091812,0.001,2.064804333000211
1050,0.003996922634541988,0.13926462829113007,0.001,2.3324479579896433
1051,0.0035728306975215673,0.11921276152133942,0.001,2.1026152080012253
1052,0.004047426860779524,0.1485797017812729,0.001,1.937166583011276
1053,0.004445305094122887,0.1345379501581192,0.001,1.8463428339891834
1054,0.004383527208119631,0.08758092671632767,0.001,1.7935478330036858
1055,0.00419556675478816,0.11756297945976257,0.001,1.891841624994413
1056,0.004503052681684494,0.07513146102428436,0.001,1.7950434999947902
1057,0.004790080711245537,0.12783801555633545,0.001,1.8063956249970943
1058,0.004385631065815687,0.11210937798023224,0.001,1.8338207499909913
1059,0.004267559386789799,0.13051921129226685,0.001,2.3956672079948476
1060,0.00353620876558125,0.11636549979448318,0.001,2.757175083999755
1061,0.004226931370794773,0.12741148471832275,0.001,2.1452951670071343
1062,0.004522945731878281,0.1375247836112976,0.001,1.8582616670028074
1063,0.004016533028334379,0.1364072859287262,0.001,2.0198346249962924
1064,0.003586173290386796,0.13558156788349152,0.001,1.7795009999972535
1065,0.004172902088612318,0.13578104972839355,0.001,1.9776964159973431
1066,0.004024012014269829,0.0937071144580841,0.001,2.1793045420054113
1067,0.004155284259468317,0.15983597934246063,0.001,2.022245667001698
1068,0.004224818199872971,0.11035416275262833,0.001,1.8990866249951068
1069,0.004044874105602503,0.10165506601333618,0.001,1.9078012079990003
1070,0.004773992579430342,0.1208793967962265,0.001,1.8019480829971144
1071,0.003644124837592244,0.10534593462944031,0.001,1.7670278749865247
1072,0.00469204830005765,0.1371234655380249,0.001,1.840572457993403
1073,0.004194710869342089,0.1675700843334198,0.001,1.8517108340020059
1074,0.004332188982516527,0.10626422613859177,0.001,1.839700416996493
1075,0.0036037478130310774,0.10549537092447281,0.001,1.8606079169985605
1076,0.003844904014840722,0.13207198679447174,0.001,1.8070534159924136
1077,0.004570547956973314,0.13561564683914185,0.001,1.8559535829990637
1078,0.004161182325333357,0.09900464862585068,0.001,1.87924229199416
1079,0.004078262019902468,0.10158276557922363,0.001,1.814567708002869
1080,0.0044817449524998665,0.08875024318695068,0.001,1.8377022500062594
1081,0.004348070360720158,0.11489677429199219,0.001,1.8369576670083916
1082,0.00409349100664258,0.08593598753213882,0.001,1.9437739169952692
1083,0.004105049185454845,0.07982664555311203,0.001,1.8430029170121998
1084,0.004245192743837833,0.11774750053882599,0.001,2.019842374997097
1085,0.0044669052585959435,0.09990713745355606,0.001,2.128204958004062
1086,0.0038440427742898464,0.10525323450565338,0.001,2.0930963340069866
1087,0.004407600965350866,0.070957250893116,0.001,2.219879750002292
1088,0.0044255037792027,0.09305734932422638,0.001,2.022952583996812
1089,0.004082469269633293,0.11054677516222,0.001,1.7970796249865089
1090,0.004335870500653982,0.1507626175880432,0.001,1.8408905410033185
1091,0.0038849366828799248,0.10468381643295288,0.001,1.7574656670039985
1092,0.004123052582144737,0.07217694073915482,0.001,1.767045832995791
1093,0.0036894248332828283,0.09621647745370865,0.001,1.7451186670077732
1094,0.004127738531678915,0.09594698250293732,0.001,1.8149481250002282
1095,0.004082672763615847,0.12041499465703964,0.001,1.7742860419966746
1096,0.004108521156013012,0.14768624305725098,0.001,1.8423968330025673
1097,0.00394777674227953,0.06914190202951431,0.001,1.7599709589994745
1098,0.004316858481615782,0.13783831894397736,0.001,1.7818588750087656
1099,0.004510130267590284,0.10900858044624329,0.001,1.818700791001902
1100,0.0037363546434789896,0.12056858092546463,0.001,1.7531538330076728
1101,0.0038373752031475306,0.07758419960737228,0.001,1.762500541008194
1102,0.004311045166105032,0.14900082349777222,0.001,1.8146892500080867
1103,0.004358829464763403,0.19055116176605225,0.001,1.792510040992056
1104,0.003718574531376362,0.1330835223197937,0.001,1.7895444159948966
1105,0.004609833471477032,0.09063905477523804,0.001,1.8156228329899022
1106,0.004025744739919901,0.12486814707517624,0.001,1.746881458995631
1107,0.004179130308330059,0.1406172662973404,0.001,1.7719771249976475
1108,0.004069761838763952,0.0838756188750267,0.001,1.785856499991496
1109,0.003761084983125329,0.11898094415664673,0.001,1.7509037499985425
1110,0.003973084501922131,0.11826099455356598,0.001,1.780664500009152
1111,0.0042951093055307865,0.10590126365423203,0.001,1.7491842500021448
1112,0.004098988138139248,0.13548463582992554,0.001,1.838118958999985
1113,0.00438778568059206,0.12886646389961243,0.001,1.764277458001743
1114,0.0038681281730532646,0.1519601196050644,0.001,1.7439634160109563
1115,0.0044306800700724125,0.10566671937704086,0.001,1.8283423329994548
1116,0.004093134310096502,0.10570459812879562,0.001,1.7782334170042304
1117,0.00412966450676322,0.1002107486128807,0.001,1.7903193749953061
1118,0.004456250928342342,0.14864905178546906,0.001,1.7673090419993969
1119,0.004018732812255621,0.03504566848278046,0.001,1.7732062920113094
1120,0.004389469977468252,0.17469653487205505,0.001,1.7547231249918696
1121,0.00425058463588357,0.10566452890634537,0.001,1.8012867079960415
1122,0.0039051726926118135,0.10942456126213074,0.001,1.7696492919931188
1123,0.0044331783428788185,0.14766283333301544,0.001,2.064143208001042
1124,0.004393463954329491,0.13173237442970276,0.001,1.96104516700143
1125,0.003716668114066124,0.1226472556591034,0.001,1.7696808749897173
1126,0.0042298324406147,0.13340139389038086,0.001,1.7822235000057844
1127,0.004056274425238371,0.12411243468523026,0.001,1.7898079169972334
1128,0.004076970741152763,0.15279421210289001,0.001,1.8981240419961978
1129,0.004091460257768631,0.10786250233650208,0.001,1.7761077500035753
1130,0.004806560464203358,0.11013513058423996,0.001,1.8474787080049282
1131,0.004402922000735998,0.08652684092521667,0.001,1.7636750000092434
1132,0.004069178365170956,0.11278405785560608,0.001,1.7511986250028713
1133,0.004071184899657965,0.08804736286401749,0.001,1.8328775410045637
1134,0.003775431541725993,0.09235301613807678,0.001,1.7760444159939652
1135,0.004226429387927055,0.09810865670442581,0.001,1.7482664590061177
1136,0.0043557677417993546,0.11270379275083542,0.001,1.7957820830051787
1137,0.0037765963934361935,0.10938802361488342,0.001,1.7758494589943439
1138,0.004507310222834349,0.12316539138555527,0.001,1.769546374998754
1139,0.004081955645233393,0.10705740749835968,0.001,1.7730095839942805
1140,0.004106012638658285,0.14319969713687897,0.001,1.7766997500002617
1141,0.004346261266618967,0.1009804829955101,0.001,1.8195523750036955
1142,0.004266782198101282,0.18257784843444824,0.001,1.8736752499971772
1143,0.00392819382250309,0.13084429502487183,0.001,1.7588256659946637
1144,0.004152221139520407,0.09729783236980438,0.001,1.8760999579972122
1145,0.0041989427991211414,0.0666063129901886,0.001,1.8273150000022724
1146,0.003974455874413252,0.08467966318130493,0.001,1.8276380000024801
1147,0.004323524888604879,0.09635435789823532,0.001,1.7734088329889346
1148,0.0037896116264164448,0.10950314253568649,0.001,1.7446142920089187
1149,0.0038819306064397097,0.13849656283855438,0.001,1.8152400409890106
1150,0.004143793135881424,0.09991691261529922,0.001,1.7801126249978552
1151,0.003905276535078883,0.07889717817306519,0.001,1.7347452499961946
1152,0.003723291214555502,0.12655243277549744,0.001,1.811354167002719
1153,0.00419743824750185,0.1122889518737793,0.001,1.8089928340050392
1154,0.003940761089324951,0.11644837260246277,0.001,1.7867128750076517
1155,0.004048320464789867,0.12217970192432404,0.001,1.839840208995156
1156,0.003968187607824802,0.09362676739692688,0.001,1.7790659590100404
1157,0.003940238617360592,0.15304675698280334,0.001,1.7412497920013266
1158,0.004054903518408537,0.1182066947221756,0.001,1.8451998340024147
1159,0.004270893055945635,0.07980041205883026,0.001,1.7696622079965891
1160,0.003981979563832283,0.09961673617362976,0.001,1.817523625009926
1161,0.0040666572749614716,0.14213725924491882,0.001,1.8349027920048684
1162,0.003999040927737951,0.12328100204467773,0.001,1.7820432919979794
1163,0.0039953566156327724,0.14104868471622467,0.001,1.8117877499898896
1164,0.00395951559767127,0.08171316236257553,0.001,1.7587947499996517
1165,0.003894600784406066,0.11239681392908096,0.001,1.780474332990707
1166,0.004290905315428972,0.1000625416636467,0.001,1.806566125000245
1167,0.0037393474485725164,0.14202122390270233,0.001,1.7396332079952117
1168,0.0044565461575984955,0.10549432039260864,0.001,1.7784195419953903
1169,0.004319111350923777,0.10982239991426468,0.001,1.8144517909968272
1170,0.004095862619578838,0.11333466321229935,0.001,1.7642113330075517
1171,0.004103607032448053,0.16783010959625244,0.001,1.7797242920059944
1172,0.004208874888718128,0.08817140758037567,0.001,1.810186832997715
1173,0.003823920153081417,0.11533070355653763,0.001,1.754982291997294
1174,0.003746171249076724,0.11388605087995529,0.001,1.7805593750090338
1175,0.004055149387568235,0.11251124739646912,0.001,1.7985894169978565
1176,0.004001256078481674,0.18638725578784943,0.001,1.7702578750031535
1177,0.0035538545344024897,0.1068832129240036,0.001,1.8406311250000726
1178,0.004283969756215811,0.1261603832244873,0.001,1.8039639589987928
1179,0.0038849960546940565,0.09161905199289322,0.001,1.75275554099062
1180,0.0038527597207576036,0.11644523590803146,0.001,1.7815927089977777
1181,0.004194607026875019,0.12379225343465805,0.001,1.8004828340053791
1182,0.004350057803094387,0.11491260677576065,0.001,1.7573081669979729
1183,0.00372068933211267,0.1250220388174057,0.001,1.771383416999015
1184,0.004064969718456268,0.11552383005619049,0.001,1.8113586660037981
1185,0.0036712135188281536,0.175634503364563,0.001,1.7609258340089582
1186,0.0038411852438002825,0.15876558423042297,0.001,1.77506374999939
1187,0.004068279638886452,0.14741972088813782,0.001,1.7750799170025857
1188,0.003958709072321653,0.12740305066108704,0.001,1.7847543329990003
1189,0.003792413044720888,0.13700571656227112,0.001,1.797111291991314
1190,0.0038033213932067156,0.13193799555301666,0.001,1.7613157500018133
1191,0.003960366826504469,0.0834600105881691,0.001,1.7837530830001924
1192,0.004284157883375883,0.11208220571279526,0.001,1.7642221669957507
1193,0.004385820124298334,0.14574454724788666,0.001,1.761735125008272
1194,0.004378223791718483,0.07678542286157608,0.001,1.8033164579974255
1195,0.0037388817872852087,0.08335334062576294,0.001,1.903980249990127
1196,0.003762105479836464,0.11430603265762329,0.001,1.814276916993549
1197,0.004022079519927502,0.09575037658214569,0.001,1.7469212919968413
1198,0.004333452321588993,0.17799770832061768,0.001,1.809906124995905
1199,0.004066625609993935,0.09616082161664963,0.001,1.7430994579917751
1200,0.0036968134809285402,0.16611811518669128,0.001,1.8012478339951485
1201,0.004339987877756357,0.11235976964235306,0.001,1.7799890419992153
1202,0.004196133464574814,0.13430823385715485,0.001,1.7466547910007648
1203,0.0044469935819506645,0.15100273489952087,0.001,1.7893688339972869
1204,0.00425432063639164,0.10022280365228653,0.001,1.78214266699797
1205,0.004122762009501457,0.12887133657932281,0.001,1.7494070839893539
1206,0.003949753008782864,0.08557309210300446,0.001,1.804597249996732
1207,0.0037251755129545927,0.17061053216457367,0.001,1.8232507089996943
1208,0.003842177800834179,0.10053754597902298,0.001,1.7848598749988014
1209,0.004010678734630346,0.07685539871454239,0.001,1.7586127079994185
1210,0.004305301699787378,0.12825721502304077,0.001,1.852752042002976
1211,0.003962833434343338,0.12085644155740738,0.001,1.7735105000028852
1212,0.00433471379801631,0.16369906067848206,0.001,1.7502062919957098
1213,0.004177023656666279,0.12511412799358368,0.001,1.8295005410036538
1214,0.004068304784595966,0.12119172513484955,0.001,2.0608317500009434
1215,0.004073644522577524,0.13172267377376556,0.001,1.900919542007614
1216,0.003806676948443055,0.06591630727052689,0.001,1.8380959170026472
1217,0.003550145076587796,0.09982603788375854,0.001,1.7614657919912133
1218,0.003942492883652449,0.10341194272041321,0.001,1.768094667000696
1219,0.0039444840513169765,0.100626640021801,0.001,1.8385624160000589
1220,0.0036769111175090075,0.13368992507457733,0.001,1.753916791989468
1221,0.0037830204237252474,0.0715213268995285,0.001,1.7945239590044366
1222,0.0037898493465036154,0.1267377734184265,0.001,1.8043955839966657
1223,0.003933269064873457,0.06501588225364685,0.001,1.7387131249997765
1224,0.0037582030054181814,0.1070079505443573,0.001,1.789413374994183
1225,0.003916939254850149,0.08946192264556885,0.001,1.8297008329973323
1226,0.003996504470705986,0.13438880443572998,0.001,1.7546560410119127
1227,0.003550565568730235,0.09951737523078918,0.001,1.7790807919955114
1228,0.003844155929982662,0.07176265865564346,0.001,1.873680750009953
1229,0.003979116212576628,0.14686492085456848,0.001,1.782129957995494
1230,0.0037685749121010303,0.11266215145587921,0.001,1.787163041997701
1231,0.0038598282262682915,0.11127229779958725,0.001,1.7906811249995371
1232,0.004686663392931223,0.14724984765052795,0.001,1.76708162498835
1233,0.004124760162085295,0.10798141360282898,0.001,1.7779714580101427
1234,0.004023181740194559,0.133503720164299,0.001,1.811340750005911
1235,0.004032634198665619,0.13580790162086487,0.001,1.751639541995246
1236,0.0041085174307227135,0.12098885327577591,0.001,1.754866832998232
1237,0.003961519803851843,0.10131698101758957,0.001,1.7487256249878556
1238,0.004392953123897314,0.11336902529001236,0.001,1.8194280419993447
1239,0.004094721283763647,0.14179450273513794,0.001,1.7823121250112308
1240,0.003930075094103813,0.09962090849876404,0.001,1.7487589580123313
1241,0.004257113207131624,0.14828170835971832,0.001,1.732933832987328
1242,0.004107911139726639,0.08740423619747162,0.001,1.8471311670000432
1243,0.003876622999086976,0.09595134854316711,0.001,1.777922082997975
1244,0.0041720368899405,0.0807766541838646,0.001,1.7523147500032792
1245,0.00408744253218174,0.08410229533910751,0.001,1.8106618750025518
1246,0.0036665191873908043,0.12213549017906189,0.001,1.772428124997532
1247,0.003926416393369436,0.08708953112363815,0.001,1.7464717499969993
1248,0.003952954895794392,0.09053388237953186,0.001,1.7522020420001354
1249,0.0032627596519887447,0.13813841342926025,0.001,1.824417916010134
1250,0.003621039679273963,0.10678175091743469,0.001,1.7506204999954207
1251,0.003917994908988476,0.08478878438472748,0.001,1.769502791998093
1252,0.003835463896393776,0.11596336960792542,0.001,1.7494179579953197
1253,0.0038406183011829853,0.095326267182827,0.001,1.9688672080083052
1254,0.003928232006728649,0.0990944355726242,0.001,1.7818335000047227
1255,0.0038090997841209173,0.10654206573963165,0.001,1.746849207993364
1256,0.003684043185785413,0.07527752220630646,0.001,1.7500393749942305
1257,0.003866015002131462,0.06672162562608719,0.001,1.8393633340019733
1258,0.004043851513415575,0.0870978981256485,0.001,1.7438961250009015
1259,0.0037806828040629625,0.12739703059196472,0.001,1.7858208329998888
1260,0.003880753181874752,0.15062475204467773,0.001,1.824621499996283
1261,0.004102595616132021,0.08289279788732529,0.001,1.8115443329879781
1262,0.0040327440947294235,0.13047099113464355,0.001,1.813095624995185
1263,0.003881817916408181,0.16084276139736176,0.001,1.8227569580049021
1264,0.004047494847327471,0.11963102221488953,0.001,1.7572172090003733
1265,0.003403756069019437,0.1321650594472885,0.001,1.7672190839948598
1266,0.004046066664159298,0.18103471398353577,0.001,1.7672140420036158
1267,0.004122183658182621,0.10784699767827988,0.001,1.7984560839977348
1268,0.004140807781368494,0.13170218467712402,0.001,1.7752979159995448
1269,0.004430749919265509,0.15196222066879272,0.001,2.042203832999803
1270,0.0038233327213674784,0.10405704379081726,0.001,2.1175153329968452
1271,0.004035322926938534,0.13327480852603912,0.001,1.894643667008495
1272,0.004024215042591095,0.08368557691574097,0.001,2.010533500011661
1273,0.004049875307828188,0.13663747906684875,0.001,1.9050813330104575
1274,0.0034640433732420206,0.1482209712266922,0.001,1.9144112079957267
1275,0.003876356640830636,0.11601732671260834,0.001,1.9589615000004414
1276,0.003999271895736456,0.11727938055992126,0.001,1.8535612089908682
1277,0.0038814572617411613,0.10901753604412079,0.001,1.9749746669986052
1278,0.00364405894652009,0.11583218723535538,0.001,1.995216832990991
1279,0.0037001799792051315,0.05931766331195831,0.001,1.9571713329933118
1280,0.00356506509706378,0.09141392260789871,0.001,2.1877008750016103
1281,0.0042764171957969666,0.09813069552183151,0.001,2.0603042080037994
1282,0.003609675681218505,0.14220060408115387,0.001,1.8525822499941569
1283,0.004270913545042276,0.11276265978813171,0.001,1.8970215000008466
1284,0.00417002709582448,0.08573219180107117,0.001,1.9352867499983404
1285,0.003924313932657242,0.12690883874893188,0.001,1.8640439580049133
1286,0.003951692953705788,0.11740753054618835,0.001,1.883353832992725
1287,0.0037378263659775257,0.0892486721277237,0.001,1.9330536250054138
1288,0.0042647370137274265,0.12137065082788467,0.001,1.8785742500040215
1289,0.0041156671941280365,0.16606710851192474,0.001,1.8781350829958683
1290,0.0037202162202447653,0.0831252783536911,0.001,1.836022208997747
1291,0.003963572438806295,0.08441507071256638,0.001,1.9863208750030026
1292,0.003773580538108945,0.11083705723285675,0.001,1.8884474579972448
1293,0.004008871037513018,0.130691260099411,0.001,2.0586611250037095
1294,0.004158915486186743,0.09600771218538284,0.001,1.8500085830019088
1295,0.003810956608504057,0.10445646941661835,0.001,1.8851547080121236
1296,0.0040475656278431416,0.14407765865325928,0.001,1.9307333329925314
1297,0.004317294340580702,0.08924659341573715,0.001,1.8539756670070346
1298,0.003745266469195485,0.10852818936109543,0.001,1.8834959589876235
1299,0.0037161950021982193,0.07922536879777908,0.001,1.9184995419927873
1300,0.00413683382794261,0.14380407333374023,0.001,1.8708614589995705
1301,0.0038347747176885605,0.13601183891296387,0.001,1.8858898340113228
1302,0.0035227120388299227,0.09837127476930618,0.001,1.9606296249985462
1303,0.004042330197989941,0.07536397874355316,0.001,1.9034538749983767
1304,0.0034685691352933645,0.08461537957191467,0.001,1.8784803750022547
1305,0.0036862941924482584,0.03493370860815048,0.001,1.9237538750021486
1306,0.0038969400338828564,0.08328699320554733,0.001,1.9989107919973321
1307,0.003595384070649743,0.07896415889263153,0.001,1.896905000001425
1308,0.0037411260418593884,0.1489943116903305,0.001,1.916752417004318
1309,0.003646364901214838,0.11369993537664413,0.001,1.8783584579941817
1310,0.0040056779980659485,0.10327845811843872,0.001,1.8812076250032987
1311,0.0038484400138258934,0.13370853662490845,0.001,1.874217625008896
1312,0.0032851349096745253,0.12587295472621918,0.001,1.9306300829921383
1313,0.004292784724384546,0.12301794439554214,0.001,1.901842667008168
1314,0.0034458853770047426,0.11806003004312515,0.001,2.014536417002091
1315,0.004150938242673874,0.12600909173488617,0.001,1.9187202080065617
1316,0.004275812301784754,0.08168340474367142,0.001,1.8872162499901606
1317,0.003972369711846113,0.17789091169834137,0.001,1.9399643749929965
1318,0.0035321589093655348,0.0867365300655365,0.001,1.8696962499961955
1319,0.0037090557161718607,0.06646867096424103,0.001,1.8793997500033583
1320,0.004085782449692488,0.15754902362823486,0.001,1.9341222500079311
1321,0.00407394440844655,0.11100012063980103,0.001,1.8609100419998867
1322,0.0033493528608232737,0.11974657326936722,0.001,1.913363458996173
1323,0.003647471312433481,0.17813149094581604,0.001,1.9473954580025747
1324,0.003838895820081234,0.12169541418552399,0.001,1.8723194579943083
1325,0.003778671845793724,0.13171817362308502,0.001,1.9165640840074047
1326,0.0034720159601420164,0.12625455856323242,0.001,1.9496094170026481
1327,0.003963028080761433,0.09658792614936829,0.001,1.885780332988361
1328,0.0036448913160711527,0.11956468224525452,0.001,1.8949618750048103
1329,0.00400036945939064,0.10978753864765167,0.001,1.9033875830064062
1330,0.0038826274685561657,0.12324036657810211,0.001,1.921436000004178
1331,0.003235380630940199,0.05384214222431183,0.001,1.8824077500030398
1332,0.0038604980800300837,0.12465613335371017,0.001,1.956055209011538
1333,0.0037783964071422815,0.158488467335701,0.001,1.8641738750011427
1334,0.003570966189727187,0.08691511303186417,0.001,1.87212729199382
1335,0.004054428078234196,0.1562775820493698,0.001,1.8685287080006674
1336,0.003982137888669968,0.11890734732151031,0.001,1.9928884580003796
1337,0.0037288449238985777,0.07439924031496048,0.001,1.8928259579988662
1338,0.003611643798649311,0.0897645577788353,0.001,1.9545207920018584
1339,0.0036011829506605864,0.11526864767074585,0.001,1.8676782910042675
1340,0.004019217565655708,0.12627775967121124,0.001,1.879914082994219
1341,0.003604837227612734,0.12246260046958923,0.001,1.925168957997812
1342,0.0038120285607874393,0.0994051843881607,0.001,1.870889249999891
1343,0.003972575534135103,0.1651160567998886,0.001,1.881625209003687
1344,0.0038730751257389784,0.09627354890108109,0.001,1.9430636249890085
1345,0.004201560281217098,0.08130726963281631,0.001,1.8649002500023926
1346,0.0033494632225483656,0.09008152037858963,0.001,1.886840500010294
1347,0.003385575721040368,0.1170228123664856,0.001,1.9306037500064122
1348,0.0038844312075525522,0.11765293776988983,0.001,1.8676080830045976
1349,0.003316492075100541,0.0921834260225296,0.001,1.8798338339984184
1350,0.003927901387214661,0.11119155585765839,0.001,1.9106627089931862
1351,0.0037600703071802855,0.0895526260137558,0.001,1.8647177919920068
1352,0.0037513342685997486,0.1160627231001854,0.001,1.9016885410092073
1353,0.0038428534753620625,0.10235210508108139,0.001,1.8904969999857713
1354,0.003976921550929546,0.0664130225777626,0.001,1.9031150419905316
1355,0.0036728656850755215,0.09157534688711166,0.001,1.90282925000065
1356,0.0038813797291368246,0.1108134314417839,0.001,2.0392814170045312
1357,0.0038435475435107946,0.0936708003282547,0.001,1.8635892080055783
1358,0.003783569671213627,0.07266457378864288,0.001,1.9004421249992447
1359,0.003940979018807411,0.11760716140270233,0.001,1.9725808750081342
1360,0.003684776369482279,0.10384266078472137,0.001,1.8829222499916796
1361,0.004263114184141159,0.10723530501127243,0.001,1.8814447909971932
1362,0.003921103663742542,0.09363189339637756,0.001,1.9332923750043847
1363,0.0037904109340161085,0.10678145289421082,0.001,1.8708388749946607
1364,0.0036243910435587168,0.11346089839935303,0.001,1.8999262080033077
1365,0.0037136180326342583,0.10202790796756744,0.001,1.9411865419970127
1366,0.0038789839018136263,0.11166739463806152,0.001,1.8757343749894062
1367,0.004092383198440075,0.08360183984041214,0.001,1.990370958999847
1368,0.0034126134123653173,0.05735026299953461,0.001,2.233049500006018
1369,0.003941017668694258,0.0886385440826416,0.001,1.8689591250004014
1370,0.003930620849132538,0.1381891667842865,0.001,1.8883587920136051
1371,0.003538628341630101,0.10850772261619568,0.001,1.9651019589946372
1372,0.003441414562985301,0.09621576964855194,0.001,1.8849854159925599
1373,0.003913427237421274,0.070866160094738,0.001,1.8901312910020351
1374,0.0036012325435876846,0.04985065385699272,0.001,1.9259512909920886
1375,0.003181928303092718,0.057448919862508774,0.001,1.8788080829981482
1376,0.004174704197794199,0.09729183465242386,0.001,1.8737909159972332
1377,0.003404379589483142,0.08424309641122818,0.001,1.8982855409994954
1378,0.0035615975502878428,0.04313694313168526,0.001,1.8721685409982456
1379,0.004032928962260485,0.08833514153957367,0.001,1.8846451669960516
1380,0.0033235785085707903,0.07166635245084763,0.001,1.965015958994627
1381,0.0034396895207464695,0.09634541720151901,0.001,1.8703521669958718
1382,0.003428766503930092,0.08809167891740799,0.001,1.8911877909995383
1383,0.0034747584722936153,0.10291516035795212,0.001,1.9216576250037178
1384,0.003820262150838971,0.12048065662384033,0.001,1.8709100830019452
1385,0.0036327459383755922,0.11159567534923553,0.001,1.8733741250034655
1386,0.0038145335856825113,0.10743659734725952,0.001,1.85478854199755
1387,0.0038653812371194363,0.09116791933774948,0.001,2.0470605000009527
1388,0.0037125013768672943,0.12605039775371552,0.001,1.8767357500037178
1389,0.003521324135363102,0.14453262090682983,0.001,1.927281458993093
1390,0.0035746016073971987,0.11163937300443649,0.001,1.8731132920074742
1391,0.003450697986409068,0.15457536280155182,0.001,1.9004908749921015
1392,0.003648629877716303,0.11672767996788025,0.001,1.9282210419914918
1393,0.003930546343326569,0.14463257789611816,0.001,1.8577543749997858
1394,0.004264656454324722,0.11595401912927628,0.001,1.8634544590022415
1395,0.0037828185595571995,0.09764215350151062,0.001,1.9221491670032265
1396,0.0033475151285529137,0.07712523639202118,0.001,1.8690522919932846
1397,0.0035967412404716015,0.0923578217625618,0.001,1.8866261249931995
1398,0.0036189269740134478,0.09287586808204651,0.001,1.9522008749918314
1399,0.003623784752562642,0.07732877880334854,0.001,1.8545797920087352
1400,0.0038977647200226784,0.11479836702346802,0.001,1.8973780410015024
1401,0.0038321255706250668,0.15238146483898163,0.001,1.927607582998462
1402,0.0037911012768745422,0.1278066188097,0.001,1.8672230420052074
1403,0.0037731716874986887,0.1298322081565857,0.001,1.8780420830007643
1404,0.00377190625295043,0.12241668254137039,0.001,1.9281930830038618
1405,0.0038108197040855885,0.060413461178541183,0.001,1.8601425000088057
1406,0.00429045083001256,0.11553622037172318,0.001,1.8955373339995276
1407,0.0035482223611325026,0.11294900625944138,0.001,1.8877467080019414
1408,0.0034705824218690395,0.09576088190078735,0.001,1.9298175839940086
1409,0.003652452491223812,0.1606261432170868,0.001,1.8812283340084832
1410,0.0038597658276557922,0.11867121607065201,0.001,1.9417414170020493
1411,0.003436775179579854,0.12847475707530975,0.001,1.8542836669948883
1412,0.003548234701156616,0.08775534480810165,0.001,1.8890013750060461
1413,0.0036332125309854746,0.1441861242055893,0.001,1.8608175000117626
1414,0.003884596284478903,0.18100832402706146,0.001,1.9280990830011433
1415,0.0035270187072455883,0.07294326275587082,0.001,1.8816929160093423
1416,0.003473663004115224,0.08519525080919266,0.001,1.9276692919956986
1417,0.003845157101750374,0.12456446886062622,0.001,1.8775110410060734
1418,0.0038898345082998276,0.07645562291145325,0.001,1.883763584002736
1419,0.003929871134459972,0.1370966136455536,0.001,2.1072450840001693
1420,0.003333425149321556,0.04076012596487999,0.001,1.9588522910053143
1421,0.0036811623722314835,0.11892013251781464,0.001,1.9501624590047868
1422,0.0036658092867583036,0.1133597195148468,0.001,2.005146875002538
1423,0.0035967128351330757,0.13501764833927155,0.001,1.8512990000017453
1424,0.0035993861965835094,0.09042089432477951,0.001,1.8872026669996558
1425,0.0037457868456840515,0.14994026720523834,0.001,1.8689290410111425
1426,0.003552226349711418,0.11301378160715103,0.001,1.9365080839925213
1427,0.003671810496598482,0.06739506870508194,0.001,2.27793450000172
1428,0.003526757238432765,0.14536048471927643,0.001,2.6604339170007734
1429,0.0034152965527027845,0.12789225578308105,0.001,1.9941814170015277
1430,0.0033730408176779747,0.10828088968992233,0.001,1.8847293330036337
1431,0.0035008182749152184,0.09038001298904419,0.001,2.0827335829962976
1432,0.0037549736443907022,0.12585724890232086,0.001,1.7855062920134515
1433,0.0037684079725295305,0.1458982229232788,0.001,1.7826444590027677
1434,0.0035721284803003073,0.14733237028121948,0.001,1.8398632919997908
1435,0.0039009032770991325,0.17385612428188324,0.001,1.7698901669937186
1436,0.003452159697189927,0.0991227999329567,0.001,1.8036432919907384
1437,0.003581054974347353,0.14604535698890686,0.001,1.8688389590097358
1438,0.003972108010202646,0.1566101312637329,0.001,1.767457750000176
1439,0.0038609872572124004,0.10968191176652908,0.001,1.835618124998291
1440,0.003969530109316111,0.09709032624959946,0.001,2.0663115000061225
1441,0.0036095958203077316,0.11684834212064743,0.001,1.946697666993714
1442,0.0039449045434594154,0.10549577325582504,0.001,2.1404590000020107
1443,0.003977102227509022,0.09313426911830902,0.001,1.8155933749949327
1444,0.003801953513175249,0.1553843468427658,0.001,1.755618457988021
1445,0.0036072132643312216,0.15865777432918549,0.001,1.7761264169967035
1446,0.0032086328137665987,0.10264787077903748,0.001,1.7569714999990538
1447,0.0037139453925192356,0.10028378665447235,0.001,1.8077499580103904
1448,0.004022594075649977,0.10927227884531021,0.001,1.7794656659971224
1449,0.0035135429352521896,0.10801275819540024,0.001,1.7315469999884954
1450,0.0037584963720291853,0.18700353801250458,0.001,1.8403475419909228
1451,0.003736475482583046,0.1243535578250885,0.001,1.763549499999499
1452,0.003789304755628109,0.17069745063781738,0.001,1.749193458002992
1453,0.003454212797805667,0.11510451138019562,0.001,1.8354725829995004
1454,0.0040244548581540585,0.1696668416261673,0.001,1.7770495829900028
1455,0.0038651784416288137,0.1349150389432907,0.001,1.7438524159952067
1456,0.003738474566489458,0.1253902018070221,0.001,1.8395229159941664
1457,0.0034281753469258547,0.12934337556362152,0.001,1.7481154170091031
1458,0.003643734846264124,0.08378849923610687,0.001,1.8325087499979418
1459,0.003732434706762433,0.15429803729057312,0.001,1.7738940419949358
1460,0.0037279899697750807,0.12768320739269257,0.001,1.7783544160047313
1461,0.003540735226124525,0.09941884875297546,0.001,1.741907582996646
1462,0.00430875550955534,0.07845623046159744,0.001,1.8082744999992428
1463,0.003447281662374735,0.14910976588726044,0.001,1.8055219170055352
1464,0.0037163938395678997,0.12009621411561966,0.001,1.9374942919966998
1465,0.003571901936084032,0.1455570012331009,0.001,2.21249491701019
1466,0.0036672947462648153,0.08638925105333328,0.001,1.8559252920094877
1467,0.003473428310826421,0.11586633324623108,0.001,1.8114074580080342
1468,0.003838140284642577,0.10014466196298599,0.001,1.7510585830023047
1469,0.003928094170987606,0.10348204523324966,0.001,1.769419582997216
1470,0.0037134827580302954,0.1468973308801651,0.001,1.8129848340031458
1471,0.0037485689390450716,0.08638245612382889,0.001,2.003063625001232
1472,0.003972675651311874,0.1244632750749588,0.001,1.762340959001449
1473,0.0039021188858896494,0.15382985770702362,0.001,1.7697251670033438
1474,0.003902970813214779,0.12174729257822037,0.001,1.7783684580062982
1475,0.003543766215443611,0.1332068145275116,0.001,1.7741552499937825
1476,0.003546883584931493,0.10637998580932617,0.001,1.7332874999992782
1477,0.004080178681761026,0.10464800894260406,0.001,1.839968999993289
1478,0.0035302364267408848,0.05064645782113075,0.001,1.8320729160041083
1479,0.003956495318561792,0.10744879394769669,0.001,1.8258474169997498
1480,0.0035862841177731752,0.08174817264080048,0.001,1.7435706249962095
1481,0.0034533457364887,0.08907639980316162,0.001,1.7504886250098934
1482,0.0035939854569733143,0.08483940362930298,0.001,1.7399899589945562
1483,0.0038790206890553236,0.13184918463230133,0.001,1.9183007079991512
1484,0.00334838661365211,0.10957732796669006,0.001,1.778930666987435
1485,0.0035998562816530466,0.129900261759758,0.001,1.7365981250040932
1486,0.003555864095687866,0.13380877673625946,0.001,1.733668041008059
1487,0.0035119943786412477,0.06007843092083931,0.001,1.8185272499977145
1488,0.0032289198134094477,0.07796186208724976,0.001,1.780335749994265
1489,0.0035192908253520727,0.05721593648195267,0.001,1.7490763749956386
1490,0.003699749708175659,0.08393428474664688,0.001,1.7475204590009525
1491,0.003428906900808215,0.10985352098941803,0.001,1.8111082499963231
1492,0.003428085008636117,0.1170496717095375,0.001,1.7748609999980545
1493,0.0036948921624571085,0.08875834196805954,0.001,1.7648207500024
1494,0.0035654581151902676,0.07668880373239517,0.001,1.8199333339871373
1495,0.003445112844929099,0.13502217829227448,0.001,1.7653543750056997
1496,0.0033191442489624023,0.0980241447687149,0.001,1.7273233339947183
1497,0.003813947318121791,0.08437319844961166,0.001,1.8141286669997498
1498,0.0037836148403584957,0.08836936205625534,0.001,1.776954000000842
1499,0.003609118750318885,0.10905859619379044,0.001,1.76045454198902
1500,0.004218186251819134,0.12321192771196365,0.001,1.7671895829989808
1501,0.004009165335446596,0.1488492339849472,0.001,1.8407693749904865
1502,0.0036354020703583956,0.07668999582529068,0.001,2.2297583750041667
1503,0.003532608738169074,0.11032605171203613,0.001,2.4825406659947475
1504,0.003663140581920743,0.07882125675678253,0.001,2.0592112080048537
1505,0.003595716552808881,0.17417363822460175,0.001,2.4697541249915957
1506,0.0035934404004365206,0.13957102596759796,0.001,2.50070862499706
1507,0.0038168057799339294,0.10988040268421173,0.001,2.0584664580092067
1508,0.003999649081379175,0.17288005352020264,0.001,1.908242417004658
1509,0.004264289978891611,0.14240765571594238,0.001,2.0027939999999944
1510,0.0036319494247436523,0.10787151753902435,0.001,1.9372946660005255
1511,0.0037376293912529945,0.14802564680576324,0.001,1.8872916249965783
1512,0.0035003325901925564,0.09000542014837265,0.001,2.127814292005496
1513,0.00372949056327343,0.11086873710155487,0.001,1.9569563330005622
1514,0.0038290629163384438,0.14960114657878876,0.001,1.941822458000388
1515,0.004016944672912359,0.14377425611019135,0.001,1.909708374994807
1516,0.003347288817167282,0.0816909596323967,0.001,1.8644110830064164
1517,0.003684673923999071,0.1370236873626709,0.001,2.030761292000534
1518,0.0036620390601456165,0.08885058015584946,0.001,2.056188292001025
1519,0.003809214336797595,0.12941066920757294,0.001,1.9339235000079498
1520,0.0036469437181949615,0.17774997651576996,0.001,1.870919375010999
1521,0.003671320155262947,0.12385611236095428,0.001,1.8720530419959687
1522,0.0040349410846829414,0.09356137365102768,0.001,2.041552791997674
1523,0.0034871173556894064,0.09887966513633728,0.001,2.0910023329925025
1524,0.003962739836424589,0.11269354820251465,0.001,1.9813003330054926
1525,0.003490308066830039,0.1254538893699646,0.001,1.8466606669971952
1526,0.003849792294204235,0.1396147757768631,0.001,2.0219964169955347
1527,0.0038138264790177345,0.10964428633451462,0.001,2.3379806250013644
1528,0.0038925032131373882,0.14216990768909454,0.001,1.9491351670003496
1529,0.0036812813486903906,0.11017697304487228,0.001,1.9849173329857877
1530,0.0037095285952091217,0.12473428249359131,0.001,1.9296730420028325
1531,0.0037960815243422985,0.0880836769938469,0.001,1.8580965840083081
1532,0.0035119035746902227,0.10117508471012115,0.001,1.9358433329907712
1533,0.0035746407229453325,0.13892343640327454,0.001,2.0467453750025015
1534,0.0035088530275970697,0.14693868160247803,0.001,1.9066568340058438
1535,0.003292161738499999,0.1219080463051796,0.001,1.9893590829888126
1536,0.003583186073228717,0.07544296234846115,0.001,1.917213749999064
1537,0.0036250685807317495,0.12866440415382385,0.001,1.8811805420118617
1538,0.003539982018992305,0.12447771430015564,0.001,1.9621170000027632
1539,0.003850274719297886,0.10696493089199066,0.001,1.9814989579899702
1540,0.0038195899687707424,0.15143200755119324,0.001,1.8800312500097789
1541,0.003979437053203583,0.15832321345806122,0.001,1.8878270419954788
1542,0.003428738797083497,0.08250055462121964,0.001,1.843770500010578
1543,0.003655161941424012,0.14354248344898224,0.001,1.992745791998459
1544,0.0034769736230373383,0.11861564218997955,0.001,1.9518883339915192
1545,0.003517704550176859,0.1625547856092453,0.001,2.0341663339931984
1546,0.0036664437502622604,0.09344934672117233,0.001,1.8558150830067461
1547,0.003920519724488258,0.06229875236749649,0.001,1.8416657080088044
1548,0.003627159632742405,0.0807114914059639,0.001,1.9045461659989087
1549,0.00349102052859962,0.08657220005989075,0.001,2.049312874994939
1550,0.003909691236913204,0.09989212453365326,0.001,1.9956252910051262
1551,0.0039173997938632965,0.14395874738693237,0.001,1.9175054160004947
1552,0.0035902750678360462,0.05311645194888115,0.001,1.9294271249964368
1553,0.0037560313940048218,0.08939828723669052,0.001,1.9119147079909453
1554,0.00372259970754385,0.07121282070875168,0.001,2.0589898750040447
1555,0.0034143985249102116,0.06397783756256104,0.001,1.9775849579891656
1556,0.00372267491184175,0.1364079713821411,0.001,1.8591121250065044
1557,0.0035803511273115873,0.08945979177951813,0.001,1.8851856249966659
1558,0.003489476628601551,0.06929130852222443,0.001,1.9366473340051016
1559,0.003483137581497431,0.09205020219087601,0.001,1.994176417007111
1560,0.0034603518433868885,0.06543582677841187,0.001,2.039803000006941
1561,0.003408802440389991,0.0947289988398552,0.001,1.8694265839876607
1562,0.003542743856087327,0.07578825205564499,0.001,1.9031325000105426
1563,0.0036777593195438385,0.09318280965089798,0.001,1.9975699160131626
1564,0.0034835399128496647,0.074736587703228,0.001,1.9728100000065751
1565,0.003297516144812107,0.14296574890613556,0.001,1.9857220410049194
1566,0.0038305551279336214,0.13661949336528778,0.001,1.9573004999983823
1567,0.0031654988415539265,0.09086449444293976,0.001,1.8427437500067754
1568,0.003562921890988946,0.09402936697006226,0.001,1.8820031250070315
1569,0.003652612678706646,0.11325153708457947,0.001,1.9932544579933165
1570,0.0035345323849469423,0.044712718576192856,0.001,2.089649375004228
1571,0.0035527616273611784,0.15173621475696564,0.001,1.9384648330014898
1572,0.003756362246349454,0.11057297885417938,0.001,1.978947124996921
1573,0.003565710736438632,0.06926390528678894,0.001,1.8558809160022065
1574,0.0037224164698272943,0.0999264344573021,0.001,1.923739250007202
1575,0.003428921103477478,0.08813971281051636,0.001,1.984547082989593
1576,0.0035111410543322563,0.10925037413835526,0.001,2.0967032079934143
1577,0.003550527384504676,0.10394833236932755,0.001,1.881632125005126
1578,0.003748268121853471,0.08336205035448074,0.001,1.9494308329885826
1579,0.0037524772342294455,0.09256520122289658,0.001,1.8966482499963604
1580,0.0036677003372460604,0.13051123917102814,0.001,2.0633468750020256
1581,0.003227246692404151,0.1025785431265831,0.001,2.081646416991134
1582,0.0038407128304243088,0.14555487036705017,0.001,1.8792325829999754
1583,0.0037062284536659718,0.13016343116760254,0.001,1.8905863330001011
1584,0.00361974467523396,0.09881365299224854,0.001,1.9478656250139466
1585,0.00333743286319077,0.1643366515636444,0.001,1.9244100420037284
1586,0.0031969703268259764,0.11807246506214142,0.001,1.9448922500014305
1587,0.003627012250944972,0.08406984061002731,0.001,1.8513745840027696
1588,0.0032235325779765844,0.05882414057850838,0.001,1.9237792079948122
1589,0.0035827879328280687,0.14531905949115753,0.001,1.9154170830006478
1590,0.0033105656038969755,0.07286408543586731,0.001,2.007259999998496
1591,0.003217162797227502,0.08480922877788544,0.001,1.9412555839953711
1592,0.0035182770807296038,0.14022961258888245,0.001,1.9183332920074463
1593,0.003317751456052065,0.11374562233686447,0.001,1.9254115840012673
1594,0.0037204797845333815,0.09691247344017029,0.001,1.8675867499987362
1595,0.003579961834475398,0.12966783344745636,0.001,1.9464581250067567
1596,0.0032802566420286894,0.13819842040538788,0.001,1.9479883750027511
1597,0.003514436539262533,0.13752061128616333,0.001,1.9242740420013433
1598,0.00320899928919971,0.0812603011727333,0.001,1.912820332989213
1599,0.003530621761456132,0.13065356016159058,0.001,1.9342639170063194
1600,0.004031773190945387,0.1514493227005005,0.001,1.9970926250098273
1601,0.0035934713669121265,0.13704383373260498,0.001,1.953287292009918
1602,0.003659389214590192,0.11819861084222794,0.001,2.0704803749977145
1603,0.003335163462907076,0.1056370809674263,0.001,2.035427167007583
1604,0.003551013069227338,0.1146758422255516,0.001,1.9153711670078337
1605,0.0036628402303904295,0.12247788161039352,0.001,2.011066666993429
1606,0.0038857110776007175,0.1380622833967209,0.001,1.9199164589954307
1607,0.003338042413815856,0.0911465510725975,0.001,1.9533029579906724
1608,0.004054439719766378,0.12791374325752258,0.001,1.9055909580056323
1609,0.0034908128436654806,0.15043386816978455,0.001,1.8491103749984177
1610,0.003475364064797759,0.11078710108995438,0.001,1.901954041008139
1611,0.0037177554331719875,0.15822061896324158,0.001,2.056311457999982
1612,0.0034897513687610626,0.07239607721567154,0.001,1.9626193330041133
1613,0.0030859834514558315,0.11653229594230652,0.001,1.8831706250057323
1614,0.0037812807131558657,0.08593336492776871,0.001,1.8309807080077007
1615,0.003582725767046213,0.10669183731079102,0.001,1.9815158339915797
1616,0.003330423729494214,0.12860386073589325,0.001,1.9810206660040421
1617,0.0036183136980980635,0.14295290410518646,0.001,2.041669540994917
1618,0.0032972099725157022,0.10105248540639877,0.001,1.8904910409910372
1619,0.0035312543623149395,0.11625976115465164,0.001,1.9369012090028264
1620,0.0034743945579975843,0.14359337091445923,0.001,1.9124400000000605
1621,0.0036531744990497828,0.04893944784998894,0.001,1.9386144169984618
1622,0.0032862238585948944,0.13326098024845123,0.001,1.9717597080016276
1623,0.0037346864119172096,0.10874413698911667,0.001,2.027962000007392
1624,0.0034364289604127407,0.07878381013870239,0.001,1.838210749992868
1625,0.003953881561756134,0.15459387004375458,0.001,1.8893708329997025
1626,0.003666890552267432,0.10461422801017761,0.001,1.98682508400816
1627,0.0038589180912822485,0.11707130074501038,0.001,1.9265243750123773
1628,0.0033943410962820053,0.1340501755475998,0.001,1.9146677919925423
1629,0.00399599876254797,0.11166976392269135,0.001,1.9641706249967683
1630,0.0035637032706290483,0.12279534339904785,0.001,1.847033291007392
1631,0.003589821746572852,0.13192206621170044,0.001,1.9291740830085473
1632,0.0030312759336084127,0.08082754909992218,0.001,1.8928394999966258
1633,0.0034711011685431004,0.12813188135623932,0.001,2.0142377500014845
1634,0.0033138252329081297,0.12471079081296921,0.001,1.8964644170046085
1635,0.0038668932393193245,0.11419568210840225,0.001,1.9530022079998162
1636,0.003793352982029319,0.12340546399354935,0.001,1.8670783339912305
1637,0.003754673758521676,0.11827412992715836,0.001,1.9385515000030864
1638,0.0035720928572118282,0.08754657953977585,0.001,1.9182416670082603
1639,0.0034185745753347874,0.14003963768482208,0.001,1.9211373330035713
1640,0.003332882421091199,0.06514053046703339,0.001,1.8759523339977022
1641,0.0039383480325341225,0.11943810433149338,0.001,1.8639364999980899
1642,0.0034889495000243187,0.09892841428518295,0.001,2.143176957994001
1643,0.0037060051690787077,0.1610354632139206,0.001,1.94742562501051
1644,0.0030946715269237757,0.09083138406276703,0.001,1.9724245830002474
1645,0.0035502268001437187,0.10449302196502686,0.001,1.8737169580126647
1646,0.0034652098547667265,0.10092797130346298,0.001,1.8768565409991425
1647,0.0031791934743523598,0.1057325154542923,0.001,1.9722051249991637
1648,0.003219104139134288,0.088766910135746,0.001,1.9097886249946896
1649,0.003893763991072774,0.12225593626499176,0.001,1.9395965830044588
1650,0.003845485858619213,0.13398173451423645,0.001,1.918640999996569
1651,0.003580539021641016,0.07827569544315338,0.001,1.8474625000089873
1652,0.0035987901501357555,0.15366612374782562,0.001,1.912015791007434
1653,0.0031480861362069845,0.08295132219791412,0.001,1.981488374993205
1654,0.0033851091284304857,0.10846530646085739,0.001,1.9248129579937086
1655,0.0035083123948425055,0.07659898698329926,0.001,1.892566166992765
1656,0.0033520665019750595,0.1025669127702713,0.001,1.917471332999412
1657,0.003745482536032796,0.095677450299263,0.001,1.8627359590027481
1658,0.003225955879315734,0.08736671507358551,0.001,1.9409730420011329
1659,0.0033695860765874386,0.13968630135059357,0.001,1.9793033749883762
1660,0.003545536892488599,0.10149749368429184,0.001,1.9133432499947958
1661,0.0038460183423012495,0.12678898870944977,0.001,1.8768879170092987
1662,0.003508829977363348,0.11328305304050446,0.001,1.9037039170070784
1663,0.003419665154069662,0.07226201146841049,0.001,1.9244760409928858
1664,0.003367204684764147,0.11742895096540451,0.001,1.9558298339979956
1665,0.0037590228021144867,0.13943232595920563,0.001,2.0216848340060096
1666,0.0031873963307589293,0.04894500970840454,0.001,1.8674225410068175
1667,0.0035669172648340464,0.14055383205413818,0.001,1.8785239580029156
1668,0.0035735969431698322,0.09731612354516983,0.001,2.083118334005121
1669,0.0032068167347460985,0.1044377014040947,0.001,1.9491253339947434
1670,0.0034912589471787214,0.10043169558048248,0.001,1.936098124991986
1671,0.003568255342543125,0.0647716373205185,0.001,2.7837933330010856
1672,0.0037190434522926807,0.08845635503530502,0.001,2.3312520000035875
1673,0.0032709119841456413,0.08950421959161758,0.001,2.766307957994286
1674,0.0035782295744866133,0.1085188165307045,0.001,2.4791922500007786
1675,0.0037590614520013332,0.08623216301202774,0.001,2.0122000830015168
1676,0.0037857273127883673,0.10606791079044342,0.001,2.079452500009211
1677,0.003357439301908016,0.1987774521112442,0.001,1.9287624999997206
1678,0.0035183895379304886,0.15193645656108856,0.001,1.9620641250076005
1679,0.0035824403166770935,0.12473232299089432,0.001,1.9553762080031447
1680,0.0031282352283596992,0.06294329464435577,0.001,1.8476414580072742
1681,0.003363050287589431,0.08400232344865799,0.001,1.941067584004486
1682,0.0034887525252997875,0.09275666624307632,0.001,1.9876339159964118
1683,0.003578422823920846,0.07288616895675659,0.001,1.9125707500061253
1684,0.0034662634134292603,0.08188450336456299,0.001,1.9324155840004096
1685,0.0031107524409890175,0.0711987093091011,0.001,1.9123762090021046
1686,0.003145583439618349,0.050629373639822006,0.001,1.8664548749948153
1687,0.003516329685226083,0.07724373042583466,0.001,1.9234359160036547
1688,0.003440924920141697,0.08146334439516068,0.001,1.9982599170034518
1689,0.0032712339889258146,0.09804714471101761,0.001,1.9108469580096425
1690,0.003391471691429615,0.11496251821517944,0.001,1.8766699169937056
1691,0.003472358686849475,0.09978529065847397,0.001,1.9441678340081125
1692,0.0034985290840268135,0.0763651430606842,0.001,2.0415260000008857
1693,0.003424459369853139,0.07245922833681107,0.001,1.9277239170041867
1694,0.003469869028776884,0.13653524219989777,0.001,1.9905585419910494
1695,0.0036473239306360483,0.11211243271827698,0.001,1.8782836250029504
1696,0.003539744298905134,0.08260469883680344,0.001,1.8778244590066606
1697,0.003570275381207466,0.08451413363218307,0.001,1.9701962499966612
1698,0.003425723873078823,0.11292298138141632,0.001,1.9807489999948302
1699,0.0034249466843903065,0.09660051017999649,0.001,1.9586995409918018
1700,0.0034691893961280584,0.13976414501667023,0.001,1.9361580830009189
1701,0.00326568353921175,0.1192428469657898,0.001,1.864854915998876
1702,0.0035426574759185314,0.09795081615447998,0.001,1.9200194159930106
1703,0.003064574673771858,0.11250327527523041,0.001,1.9942199159995653
1704,0.003612121334299445,0.0780467540025711,0.001,1.9290810829988914
1705,0.0035535262431949377,0.12444332242012024,0.001,1.9415977079916047
1706,0.0037552672438323498,0.13753022253513336,0.001,1.928605916997185
1707,0.0035281197633594275,0.08043085783720016,0.001,1.8538129579974338
1708,0.0035543839912861586,0.13697361946105957,0.001,1.9523941250081407
1709,0.0037199435755610466,0.06344778835773468,0.001,1.9821906659926753
1710,0.003317579859867692,0.1079159751534462,0.001,1.8926446669938741
1711,0.00356076518073678,0.07952208817005157,0.001,1.8539375410036882
1712,0.00371984438970685,0.08138975501060486,0.001,2.339662041995325
1713,0.0034294959623366594,0.08973338454961777,0.001,1.96361654199427
1714,0.0033652419224381447,0.10449522733688354,0.001,2.076948583999183
1715,0.003567366860806942,0.07915420830249786,0.001,1.8910947499971371
1716,0.003176116617396474,0.099242202937603,0.001,1.9043557080003666
1717,0.0036142931785434484,0.11346660554409027,0.001,1.8437053749948973
1718,0.0035951612517237663,0.11440866440534592,0.001,1.8645137080020504
1719,0.003486975561827421,0.12735751271247864,0.001,1.9433328749873908
1720,0.003446568502113223,0.0843718871474266,0.001,2.042126208994887
1721,0.003412864403799176,0.07510729134082794,0.001,1.8714747089979937
1722,0.003289187792688608,0.1434033364057541,0.001,1.8674160419905093
1723,0.003192752134054899,0.09415211528539658,0.001,1.8512342920002993
1724,0.0035001025535166264,0.10353095084428787,0.001,2.0968725830025505
1725,0.00368971424177289,0.12030934542417526,0.001,1.9192772499955026
1726,0.0032040635123848915,0.08263246715068817,0.001,1.9292921250016661
1727,0.003869646694511175,0.13132549822330475,0.001,1.8347147080057766
1728,0.00349081470631063,0.09944639354944229,0.001,1.7486822919890983
1729,0.0032789106480777264,0.10839526355266571,0.001,1.8742117090005195
1730,0.0034168416168540716,0.10976526886224747,0.001,2.1251098750071833
1731,0.003284532343968749,0.11223805695772171,0.001,2.0160785829939414
1732,0.0031742751598358154,0.1132366806268692,0.001,1.974700541002676
1733,0.003821193240582943,0.1286361962556839,0.001,2.013334917006432
1734,0.003432943020015955,0.12840791046619415,0.001,2.1984318750037346
1735,0.0036371503956615925,0.07269511371850967,0.001,1.8061131250142353
1736,0.0037083218339830637,0.11900516599416733,0.001,1.8524005829967791
1737,0.003250529058277607,0.11234931647777557,0.001,2.1345232500025304
1738,0.0034428478684276342,0.10588738322257996,0.001,1.958211791003123
1739,0.0035614545922726393,0.13657547533512115,0.001,1.9475889580062358
1740,0.003200890263542533,0.08702802658081055,0.001,2.0141304160060827
1741,0.0037401639856398106,0.11303319036960602,0.001,1.9700724580034148
1742,0.0033759484067559242,0.07602011412382126,0.001,1.9285717089951504
1743,0.0034108059480786324,0.07935260236263275,0.001,1.954775417005294
1744,0.003406635019928217,0.0962441936135292,0.001,1.8984528750006575
1745,0.0031525283120572567,0.07745778560638428,0.001,1.916778458005865
1746,0.00341650634072721,0.06579813361167908,0.001,1.9709037909924518
1747,0.003450067713856697,0.1316043585538864,0.001,1.9698155840014806
1748,0.0033252770081162453,0.10868877172470093,0.001,1.9734533750015544
1749,0.0030675008893013,0.12275180220603943,0.001,1.9206491249933606
1750,0.0036378945223987103,0.09186597168445587,0.001,2.078118083998561
1751,0.0034790707286447287,0.10230851918458939,0.001,2.2157407500053523
1752,0.0032198168337345123,0.12308278679847717,0.001,1.7787830830056919
1753,0.0030695798341184855,0.11068674176931381,0.001,1.7213241659919731
1754,0.003115904051810503,0.08047802746295929,0.001,1.7312500000116415
1755,0.003391087520867586,0.08700282871723175,0.001,1.7977524169982644
1756,0.0032580033876001835,0.07136902213096619,0.001,1.816814332996728
1757,0.0030852044001221657,0.11908833682537079,0.001,1.8601291250088252
1758,0.0035503634717315435,0.12501519918441772,0.001,1.740669666993199
1759,0.0035100611858069897,0.11812808364629745,0.001,1.735944499989273
1760,0.0032207511831074953,0.09248464554548264,0.001,1.7732670419936767
1761,0.0035297295544296503,0.11880321055650711,0.001,1.7709532500011846
1762,0.0035837783943861723,0.11785206198692322,0.001,1.7846897920098854
1763,0.003736486891284585,0.12061670422554016,0.001,1.993213082998409
1764,0.0035080555826425552,0.15411464869976044,0.001,1.770261458994355
1765,0.0032584986183792353,0.1379881352186203,0.001,1.8015166670084
1766,0.003519349964335561,0.13564640283584595,0.001,2.2175796670053387
1767,0.0034955404698848724,0.09984710067510605,0.001,2.2043994999985443
1768,0.003441753564402461,0.07523727416992188,0.001,2.580310666002333
1769,0.0033174806740134954,0.13201402127742767,0.001,2.1775504580000415
1770,0.0031165247783064842,0.14059928059577942,0.001,1.813648125011241
1771,0.0033871750347316265,0.06665542721748352,0.001,1.7718692499911413
1772,0.0034017718862742186,0.14730441570281982,0.001,1.96107975000632
1773,0.003227380570024252,0.10037285834550858,0.001,1.9153025830019033
1774,0.0031897954177111387,0.0666850358247757,0.001,1.9536324590008007
1775,0.0030815228819847107,0.10890791565179825,0.001,2.186595374994795
1776,0.003415005747228861,0.12798386812210083,0.001,2.1681958340050187
1777,0.003366915276274085,0.07012107968330383,0.001,1.7634774170001037
1778,0.0031076641753315926,0.11342231929302216,0.001,1.9457127079949714
1779,0.00358669925481081,0.14492735266685486,0.001,1.8326709579996532
1780,0.0031605728436261415,0.08401552587747574,0.001,1.8655647080013296
1781,0.003685686271637678,0.14165708422660828,0.001,1.7636043329985114
1782,0.004048911388963461,0.12589527666568756,0.001,1.8177964170026826
1783,0.0034278621897101402,0.1542215496301651,0.001,1.770267125000828
1784,0.003275916213169694,0.09671789407730103,0.001,1.7578855419997126
1785,0.0037315927911549807,0.10757339000701904,0.001,1.7863859170029173
1786,0.003364258911460638,0.12426403909921646,0.001,1.7946133330115117
1787,0.0029481013771146536,0.1312408596277237,0.001,1.8020458750106627
1788,0.0033835163339972496,0.1327270120382309,0.001,1.7496043340070173
1789,0.0034507038071751595,0.1108427420258522,0.001,1.753653417006717
1790,0.003568864893168211,0.11113972961902618,0.001,1.7991388340014964
1791,0.0031996541656553745,0.16559386253356934,0.001,1.7703356669953791
1792,0.0038306936621665955,0.13187041878700256,0.001,1.7555066670029191
1793,0.003344312310218811,0.09803984314203262,0.001,1.7737952500028769
1794,0.0037198641803115606,0.1522112637758255,0.001,1.774907583007007
1795,0.003466873662546277,0.10410106927156448,0.001,1.8893028750026133
1796,0.0031041039619594812,0.07892601191997528,0.001,1.754292166995583
1797,0.0034269641619175673,0.13327820599079132,0.001,1.8091375829972094
1798,0.003228274406865239,0.14477287232875824,0.001,1.7591659169993363
1799,0.0031804563477635384,0.13455897569656372,0.001,1.7799606250046054
1800,0.0034144618548452854,0.14226260781288147,0.001,1.7758267089957371
1801,0.003370789112523198,0.11081353574991226,0.001,1.8438694580108859
1802,0.003507019020617008,0.08032775670289993,0.001,1.8804000419913791
1803,0.0034700497053563595,0.13176193833351135,0.001,2.21802741700958
1804,0.003628156380727887,0.16929692029953003,0.001,3.210300125007052
1805,0.003013783134520054,0.10623710602521896,0.001,2.0630436670035124
1806,0.0035188740584999323,0.15178632736206055,0.001,2.3364943750057137
1807,0.0031435091514140368,0.07590427249670029,0.001,2.582232874992769
1808,0.0034771468490362167,0.10570138692855835,0.001,2.6457194590038853
1809,0.003293003421276808,0.08059488236904144,0.001,2.851714083997649
1810,0.0034869236405938864,0.11661608517169952,0.001,2.6329641249903943
1811,0.0032010420691221952,0.09625034779310226,0.001,2.5632699580019107
1812,0.00330568035133183,0.04377792030572891,0.001,2.790034582998487
1813,0.0032906474079936743,0.0630333423614502,0.001,2.695242290996248
1814,0.0030813957564532757,0.08971792459487915,0.001,2.723429459001636
1815,0.003541357582435012,0.09867754578590393,0.001,2.173182040991378
1816,0.0034538847394287586,0.11703459173440933,0.001,1.9987121669983026
1817,0.003326345467939973,0.07907502353191376,0.001,1.8459812920045806
1818,0.003156593767926097,0.10742268711328506,0.001,1.8935042919911211
1819,0.0033760832156986,0.07903044670820236,0.001,1.993472208007006
1820,0.0028301789425313473,0.1258414387702942,0.001,2.253381167000043
1821,0.003379764035344124,0.10639000684022903,0.001,2.1804848329920787
1822,0.003508447203785181,0.10346462577581406,0.001,1.8441557909973199
1823,0.003466238034889102,0.10835090279579163,0.001,1.987313333011116
1824,0.0034175978507846594,0.06616620719432831,0.001,1.9231332909985213
1825,0.0034287781454622746,0.12965857982635498,0.001,1.9621908749977592
1826,0.0029415423050522804,0.11587189137935638,0.001,1.8345262910006568
1827,0.003623336786404252,0.08472628146409988,0.001,1.831960290990537
1828,0.0033469893969595432,0.07674061506986618,0.001,1.8836062920017866
1829,0.003203164553269744,0.08337276428937912,0.001,1.8891315829969244
1830,0.0034230435267090797,0.12167028337717056,0.001,1.868203584002913
1831,0.003546616295352578,0.08487953990697861,0.001,1.8290805419965181
1832,0.0029871780425310135,0.0813547894358635,0.001,1.8328335419937503
1833,0.0032394444569945335,0.12971356511116028,0.001,1.9268589169951156
1834,0.003446370828896761,0.06484097242355347,0.001,1.8860479590075556
1835,0.0030660496558994055,0.15033715963363647,0.001,1.9794452079950133
1836,0.0032406977843493223,0.07059197872877121,0.001,1.8313501659868052
1837,0.003297514049336314,0.12017042934894562,0.001,1.8347401670034742
1838,0.003119351575151086,0.08451070636510849,0.001,1.8615277909993893
1839,0.0039638616144657135,0.0800788626074791,0.001,1.8830520000046818
1840,0.003306731814518571,0.10116000473499298,0.001,1.8869618750031805
1841,0.0031525965314358473,0.09934360533952713,0.001,1.8504209160018945
1842,0.002880240324884653,0.06265707314014435,0.001,1.8942945839953609
1843,0.0035833395086228848,0.10372043401002884,0.001,1.8312005000043428
1844,0.0032221470028162003,0.11606191098690033,0.001,1.950117208994925
1845,0.0033251268323510885,0.11942441016435623,0.001,1.882537332989159
1846,0.0031621286179870367,0.14094847440719604,0.001,1.8768620409973664
1847,0.0034183915704488754,0.16028493642807007,0.001,1.8992025830084458
1848,0.0027303227689117193,0.07578790932893753,0.001,1.8352965420053806
1849,0.0034667695872485638,0.10794788599014282,0.001,1.8637691659969278
1850,0.0035161518026143312,0.1398535519838333,0.001,1.8874261250020936
1851,0.0033785824198275805,0.07633759826421738,0.001,1.9104877909994684
1852,0.0031101524364203215,0.1263679414987564,0.001,1.854038582998328
1853,0.0034408303909003735,0.10693062841892242,0.001,1.8177377079991857
1854,0.0031039328314363956,0.07404956221580505,0.001,1.8213656669977354
1855,0.003248123452067375,0.11187776923179626,0.001,1.8953774999972666
1856,0.0032706796191632748,0.09672757238149643,0.001,1.8797584580024704
1857,0.0029853046871721745,0.13231244683265686,0.001,1.9417735829920275
1858,0.003332701278850436,0.08600865304470062,0.001,1.9722015419974923
1859,0.003535196650773287,0.0963832437992096,0.001,1.8451722909958335
1860,0.0032393925357609987,0.12124364078044891,0.001,1.8867469999968307
1861,0.0033692093566060066,0.12298547476530075,0.001,2.087062332997448
1862,0.0035880575887858868,0.14560802280902863,0.001,1.9506852500053355
1863,0.00325622595846653,0.07570332288742065,0.001,1.8929864579986315
1864,0.0035133815836161375,0.14050205051898956,0.001,1.8664282920071855
1865,0.0033190760295838118,0.11597737669944763,0.001,2.02534837499843
1866,0.0032166070304811,0.08257126063108444,0.001,1.931167207992985
1867,0.003447579452767968,0.105423703789711,0.001,2.217163374996744
1868,0.00342498067766428,0.09130726754665375,0.001,2.7407662909972714
1869,0.0033164534252136946,0.11431550979614258,0.001,2.0410282499942696
1870,0.0033411411568522453,0.12955138087272644,0.001,1.9824870829907013
1871,0.003401386085897684,0.09711100161075592,0.001,1.9187920830008807
1872,0.003141092136502266,0.09717092663049698,0.001,2.1037312499975087
1873,0.0035915938206017017,0.08095860481262207,0.001,1.9076743749901652
1874,0.0033456403762102127,0.10087617486715317,0.001,1.854233000005479
1875,0.003257282078266144,0.11034125089645386,0.001,1.926866166992113
1876,0.003205434652045369,0.08087783306837082,0.001,2.1116093339951476
1877,0.003057890571653843,0.05453220382332802,0.001,1.8927192499977536
1878,0.003236937802284956,0.09346085041761398,0.001,1.9730628749966854
1879,0.003051670268177986,0.08548858761787415,0.001,1.922202332993038
1880,0.0031042201444506645,0.12253231555223465,0.001,1.9258947089983849
1881,0.0032824601512402296,0.11613692343235016,0.001,1.907854541001143
1882,0.0031529206316918135,0.09040580689907074,0.001,2.0358902500011027
1883,0.0033423553686589003,0.10650529712438583,0.001,1.8569414579978911
1884,0.0033057215623557568,0.13948793709278107,0.001,1.880110166996019
1885,0.003305150894448161,0.11816874146461487,0.001,2.014671457989607
1886,0.0037039793096482754,0.10352490097284317,0.001,1.9746235409984365
1887,0.003000723896548152,0.07397501170635223,0.001,1.9315210839995416
1888,0.0034004973713308573,0.13439832627773285,0.001,1.9125451250001788
1889,0.0034162895753979683,0.0925029069185257,0.001,1.8555907499976456
1890,0.0032940020319074392,0.06485132873058319,0.001,1.8857279170042602
1891,0.003440225264057517,0.11970387399196625,0.001,2.0767095839983085
1892,0.002835158258676529,0.10474985092878342,0.001,1.9088500839861808
1893,0.0028538827318698168,0.09664428979158401,0.001,1.8542918329912936
1894,0.0034978375770151615,0.10706665366888046,0.001,1.9449789170030272
1895,0.003738079685717821,0.08994092792272568,0.001,1.8757639170071343
1896,0.00305525423027575,0.12740780413150787,0.001,1.9128355419961736
1897,0.003316990565508604,0.1340121179819107,0.001,1.9581857080047484
1898,0.0034507252275943756,0.1561250239610672,0.001,1.9587060829944676
1899,0.0032851630821824074,0.09401256591081619,0.001,1.8322737919952488
1900,0.0032796859741210938,0.12465636432170868,0.001,2.0087564999994356
1901,0.003534958465024829,0.09505394101142883,0.001,1.9133588340046117
1902,0.0032762368209660053,0.11531674861907959,0.001,1.9402214159927098
1903,0.003422326175495982,0.10486356914043427,0.001,2.0470754170091823
1904,0.003199914935976267,0.07401765137910843,0.001,1.8524385420023464
1905,0.003129668300971389,0.1399538218975067,0.001,1.8929570409964072
1906,0.003222741186618805,0.12050813436508179,0.001,1.9633759160060436
1907,0.003234060714021325,0.11973921209573746,0.001,1.9775083330023335
1908,0.003646701807156205,0.1519356071949005,0.001,1.955262000003131
1909,0.0035415496677160263,0.09114453941583633,0.001,2.199648709007306
1910,0.0032855805475264788,0.07718974351882935,0.001,1.8699043749948032
1911,0.00326343672350049,0.08890765905380249,0.001,1.9084341669949936
1912,0.003229206195101142,0.1130000576376915,0.001,1.8926172500068787
1913,0.003271964145824313,0.12557217478752136,0.001,2.082298916997388
1914,0.0029619168490171432,0.10781016945838928,0.001,1.8597256249922793
1915,0.0030599944293498993,0.13488821685314178,0.001,1.9619828339928063
1916,0.0038396858144551516,0.11180266737937927,0.001,1.906323291012086
1917,0.0031005919445306063,0.08043956756591797,0.001,1.9336705000023358
1918,0.003119384404271841,0.07505094259977341,0.001,2.0131867089949083
1919,0.003193875774741173,0.10426204651594162,0.001,1.8515951250010403
1920,0.003367283381521702,0.11282452940940857,0.001,1.7767120829958003
1921,0.0029933901969343424,0.11432582885026932,0.001,1.8247896249959012
1922,0.00309754372574389,0.06132863089442253,0.001,1.7697740419971524
1923,0.0035029007121920586,0.07202545553445816,0.001,1.759100833995035
1924,0.0032000630162656307,0.08665549010038376,0.001,1.7823948750010459
1925,0.003371662925928831,0.08966389298439026,0.001,1.8173506669991184
1926,0.003164610592648387,0.0802503451704979,0.001,1.7413593329983996
1927,0.003334258683025837,0.1109032854437828,0.001,1.822598167011165
1928,0.003602110780775547,0.1434863656759262,0.001,1.8048668330011424
1929,0.0034147975966334343,0.122967928647995,0.001,1.756030958989868
1930,0.003042183117941022,0.09936826676130295,0.001,1.7642393749993062
1931,0.0032804005313664675,0.10534796863794327,0.001,1.7915268749929965
1932,0.0030047628097236156,0.094950832426548,0.001,1.751835041999584
1933,0.0032967692241072655,0.14603307843208313,0.001,1.7558106670039706
1934,0.0037573606241494417,0.10608988255262375,0.001,1.7666306250030175
1935,0.0032152810599654913,0.13806410133838654,0.001,1.7827320420037722
1936,0.0031235660426318645,0.09113694727420807,0.001,1.7492662919976283
1937,0.003132977755740285,0.08383406698703766,0.001,1.777664541004924
1938,0.003107780823484063,0.11777984350919724,0.001,1.7432108339999104
1939,0.003233489813283086,0.09094110131263733,0.001,1.8184036250022473
1940,0.0033547410275787115,0.1290787309408188,0.001,1.7466308330040192
1941,0.002989121712744236,0.06907258927822113,0.001,1.7706492080033058
1942,0.003394701983779669,0.1338036060333252,0.001,1.7583750409976346
1943,0.0033229338005185127,0.07883686572313309,0.001,1.797172791993944
1944,0.0030805969145148993,0.10140790790319443,0.001,1.7363025410013506
1945,0.0032587398309260607,0.125614196062088,0.001,1.830250500002876
1946,0.0031274554785341024,0.06799206137657166,0.001,1.742790917007369
1947,0.0034537366591393948,0.08067703992128372,0.001,1.7513973750028526
1948,0.003380262991413474,0.10433916747570038,0.001,1.8902260410104645
1949,0.003221403807401657,0.0912863165140152,0.001,1.8779896670021117
1950,0.003342718118801713,0.12322103977203369,0.001,1.7407601250015432
1951,0.003246922744438052,0.1364268660545349,0.001,1.7710031249880558
1952,0.0031579111237078905,0.10270898789167404,0.001,1.81191645799845
1953,0.002859284169971943,0.13073469698429108,0.001,1.7469723329995759
1954,0.003376762382686138,0.11668495088815689,0.001,1.7765776250016643
1955,0.0029156480450183153,0.07169444859027863,0.001,1.7343335000041407
1956,0.0033024451695382595,0.11996859312057495,0.001,1.820161542011192
1957,0.002886897884309292,0.09339974820613861,0.001,1.7822805409959983
1958,0.003450714983046055,0.09777465462684631,0.001,1.7763194170111092
1959,0.003466665977612138,0.0961170643568039,0.001,1.8471948329970473
1960,0.003089909441769123,0.09049417078495026,0.001,1.760873166989768
1961,0.0034844998735934496,0.14100994169712067,0.001,1.85774062499695
1962,0.0033518075942993164,0.09790152311325073,0.001,1.7716466660058359
1963,0.003198280232027173,0.1085100993514061,0.001,1.7498197079985403
1964,0.0031023011542856693,0.10560598969459534,0.001,1.7641676249913871
1965,0.0030749577563256025,0.11222314089536667,0.001,1.8631464170030085
1966,0.0026703050825744867,0.0739501565694809,0.001,1.7439561249921098
1967,0.003518311772495508,0.09942656755447388,0.001,1.7728858750051586
1968,0.003273236798122525,0.07445172965526581,0.001,1.8324583749927115
1969,0.0029712789691984653,0.11719813197851181,0.001,1.741071540993289
1970,0.003473327960819006,0.1015060544013977,0.001,1.7550187080050819
1971,0.0031383417081087828,0.09812207520008087,0.001,1.784512915997766
1972,0.003278507851064205,0.09432712197303772,0.001,1.7538692920061294
1973,0.0031476907897740602,0.09200583398342133,0.001,1.7559017080056947
1974,0.003460950218141079,0.13965854048728943,0.001,1.7327490829920862
1975,0.003132070880383253,0.11774001270532608,0.001,1.7446957919892156
1976,0.003133447840809822,0.15492446720600128,0.001,1.844858500000555
1977,0.0036423865240067244,0.14001868665218353,0.001,1.7430236250074813
1978,0.003313501365482807,0.17099067568778992,0.001,1.8331344170001103
1979,0.003364637028425932,0.13652606308460236,0.001,1.75554933300009
1980,0.003295811591669917,0.097820945084095,0.001,1.846023541991599
1981,0.0034125838428735733,0.10598552972078323,0.001,1.8184504170058062
1982,0.0031771266367286444,0.11370406299829483,0.001,1.7997335419931915
1983,0.0036088789347559214,0.07161778211593628,0.001,1.7619897500117077
1984,0.0034752979408949614,0.12504753470420837,0.001,1.759034333008458
1985,0.003281814744696021,0.02546510472893715,0.001,1.8160538749943953
1986,0.003053918480873108,0.1298576295375824,0.001,1.755893500012462
1987,0.0031556193716824055,0.08767515420913696,0.001,1.7654679999977816
1988,0.003209334099665284,0.14584876596927643,0.001,1.8054210409900406
1989,0.0033999993465840816,0.06213992461562157,0.001,1.737914458004525
1990,0.003156894352287054,0.15683169662952423,0.001,1.7654667910101125
1991,0.0034957570023834705,0.14521107077598572,0.001,1.8482605000026524
1992,0.0034735475201159716,0.11090008169412613,0.001,1.7476140829967335
1993,0.003091719001531601,0.138003870844841,0.001,1.7812654589943122
1994,0.003195542609319091,0.10563509911298752,0.001,1.8326484159915708
1995,0.0029065092094242573,0.11425108462572098,0.001,1.74281525000697
1996,0.003148941555991769,0.12080342322587967,0.001,1.7768716660066275
1997,0.0032405899837613106,0.09671337902545929,0.001,1.826297457999317
1998,0.003372121835127473,0.08306248486042023,0.001,1.7495930419972865
1999,0.00335455359891057,0.07390883564949036,0.001,1.7731360000034329
2000,0.0035415273159742355,0.12350708991289139,0.001,1.7361390000005485
2001,0.003549259854480624,0.15066653490066528,0.001,1.978955375001533
2002,0.003087925026193261,0.06359720230102539,0.001,1.8121949589985888
2003,0.0029205840546637774,0.10428126901388168,0.001,1.8422780420078197
2004,0.003312202636152506,0.14238663017749786,0.001,1.790762167001958
2005,0.0032541847322136164,0.13739000260829926,0.001,1.7834270000021206
2006,0.003222947707399726,0.09516457468271255,0.001,1.7435255000018515
2007,0.003664514049887657,0.13571317493915558,0.001,1.8232499580044532
2008,0.003180054947733879,0.15919534862041473,0.001,1.7429104999901028
2009,0.0035902985837310553,0.11532117426395416,0.001,1.7637133340031141
2010,0.0037255866918712854,0.14675039052963257,0.001,1.7624681669985875
2011,0.003634833265095949,0.13804548978805542,0.001,1.7767540420027217
2012,0.0031718637328594923,0.12401482462882996,0.001,1.7661651670059655
2013,0.003263147547841072,0.10856465250253677,0.001,1.7319590830011293
2014,0.003556343959644437,0.10223814845085144,0.001,1.738384833006421
2015,0.003125339513644576,0.06662431359291077,0.001,1.813221832999261
2016,0.0033817291259765625,0.13785091042518616,0.001,1.7605459159967722
2017,0.00301802228204906,0.10824788361787796,0.001,1.7617429589881795
2018,0.0029181570280343294,0.07657957077026367,0.001,1.8314987500052666
2019,0.0035923232790082693,0.12287554144859314,0.001,1.7628418749955017
2020,0.003018263028934598,0.14831557869911194,0.001,1.7696720829990227
2021,0.003031844738870859,0.05054696276783943,0.001,1.7647032080130884
2022,0.0028948471881449223,0.144882932305336,0.001,1.7923664580011973
2023,0.0032274003606289625,0.11113626509904861,0.001,1.7428729169914732
2024,0.0031384220346808434,0.17214493453502655,0.001,1.8465713750047144
2025,0.003088944358751178,0.09621652960777283,0.001,1.85675895800523
2026,0.0033664857037365437,0.08433961868286133,0.001,1.7591317500045989
2027,0.003113968065008521,0.0739026740193367,0.001,1.7531378749990836
2028,0.003359743393957615,0.09555134177207947,0.001,1.8104134170134785
2029,0.003220237558707595,0.1386972814798355,0.001,1.7464193339983467
2030,0.0030892575159668922,0.08212593197822571,0.001,1.7393034580018139
2031,0.0030748178251087666,0.06816133111715317,0.001,1.793191165997996
2032,0.0032252673991024494,0.14660286903381348,0.001,1.7856413330009673
2033,0.003267253516241908,0.0677909329533577,0.001,1.7511957919923589
2034,0.0032169886399060488,0.1454056054353714,0.001,1.7386390419997042
2035,0.002964574145153165,0.10593343526124954,0.001,1.7669466669904068
2036,0.003170575248077512,0.08827129006385803,0.001,1.749904249998508
2037,0.0031622841488569975,0.10753986984491348,0.001,1.7375385830091545
2038,0.003096905769780278,0.13593724370002747,0.001,1.7408789999899454
2039,0.002795823384076357,0.07395897805690765,0.001,1.73454233299708
2040,0.0030426408629864454,0.12704630196094513,0.001,1.8188785419915803
2041,0.003289150772616267,0.09952746331691742,0.001,1.7504515420005191
2042,0.003373098559677601,0.10423817485570908,0.001,1.7660330420039827
2043,0.00296485866419971,0.14430288970470428,0.001,1.817566582991276
2044,0.003445693990215659,0.10381153970956802,0.001,1.8691357909992803
2045,0.0033749653957784176,0.11604893952608109,0.001,1.7693181250069756
2046,0.0032013352029025555,0.06245366111397743,0.001,1.864570416000788
2047,0.0028372679371386766,0.11324374377727509,0.001,1.772199750004802
2048,0.003105626907199621,0.08210594952106476,0.001,1.8287092080136063
2049,0.0030158015433698893,0.07807162404060364,0.001,1.742860667000059
2050,0.0033446892630308867,0.12659546732902527,0.001,1.8168064170022262
2051,0.0032388470135629177,0.13371159136295319,0.001,1.8053579999977956
2052,0.003120528068393469,0.13835832476615906,0.001,1.7513020420010434
2053,0.0030987649224698544,0.1432836949825287,0.001,1.7934300839988282
2054,0.0028954693116247654,0.1347874253988266,0.001,1.8178932500013616
2055,0.003267189720645547,0.06758607923984528,0.001,1.73815720800485
2056,0.003030811669304967,0.08090770989656448,0.001,1.8961277919879649
2057,0.003162044333294034,0.1201358363032341,0.001,1.8945507500029635
2058,0.0030770304147154093,0.09907357394695282,0.001,2.0379899999970803
2059,0.0031751689966768026,0.12454060465097427,0.001,1.9869492910074769
2060,0.002871626755222678,0.08061312139034271,0.001,1.7810510830022395
2061,0.0031770728528499603,0.10777527838945389,0.001,1.7705194170121104
2062,0.0035106476861983538,0.09617292881011963,0.001,1.810632833003183
2063,0.0028871558606624603,0.10170105844736099,0.001,1.7522570830042241
2064,0.002745560836046934,0.10328101366758347,0.001,1.7681239999947138
2065,0.0036585316993296146,0.1119137853384018,0.001,1.8343870829994557
2066,0.0033647881355136633,0.10616441816091537,0.001,1.7446350419922965
2067,0.003205048618838191,0.10583021491765976,0.001,1.7321130829950562
2068,0.003613995620980859,0.18914493918418884,0.001,1.7720619999890914
2069,0.003476775251328945,0.10030288249254227,0.001,2.050282791009522
2070,0.0034588314592838287,0.11106442660093307,0.001,1.930437791001168
2071,0.003218707162886858,0.12252733111381531,0.001,1.9785360840032808
2072,0.0033314807806164026,0.1535457819700241,0.001,1.8182563340087654
2073,0.003418923821300268,0.06524049490690231,0.001,1.755545833002543
2074,0.003983573522418737,0.12147428840398788,0.001,1.7542370830051368
2075,0.003223086940124631,0.127550408244133,0.001,1.7989289580000332
2076,0.0035704723559319973,0.1362873613834381,0.001,1.7835942910023732
2077,0.003485470311716199,0.07085564732551575,0.001,1.743888415992842
2078,0.0031445506028831005,0.10112685710191727,0.001,1.7719977499946253
2079,0.0035650853533297777,0.12710347771644592,0.001,1.8324162079952657
2080,0.0032766382209956646,0.11434114724397659,0.001,1.7497788339969702
2081,0.003148726187646389,0.0587528720498085,0.001,1.8325141670065932
2082,0.0032130072358995676,0.10454613715410233,0.001,1.7600029160093982
2083,0.003250270150601864,0.09913302212953568,0.001,1.7298282920091879
2084,0.0028495516162365675,0.11878736317157745,0.001,1.837640375000774
2085,0.003075921908020973,0.12438881397247314,0.001,1.7687981669878354
2086,0.0034417896531522274,0.07940101623535156,0.001,1.7572891250019893
2087,0.003210114547982812,0.13082192838191986,0.001,1.7496255410078447
2088,0.0030513526871800423,0.10980687290430069,0.001,1.8392975829920033
2089,0.0034451864194124937,0.15952612459659576,0.001,1.7446334589913022
2090,0.0027975740376859903,0.1253918558359146,0.001,1.866550416991231
2091,0.003170231357216835,0.08159197121858597,0.001,1.7607803749997402
2092,0.0033471533097326756,0.14591123163700104,0.001,1.7699187919934047
2093,0.0030753212049603462,0.09817371517419815,0.001,1.812601541998447
2094,0.003113643964752555,0.13759447634220123,0.001,1.758958624996012
2095,0.0029879254288971424,0.07116919010877609,0.001,1.758949916009442
2096,0.00303220609202981,0.08614247292280197,0.001,1.757840958001907
2097,0.0035530978348106146,0.13551805913448334,0.001,1.799257208011113
2098,0.0031692413613200188,0.10325872898101807,0.001,1.7349872500053607
2099,0.0030113672837615013,0.12516045570373535,0.001,1.7665308750001714
2100,0.0033964007161557674,0.07568527013063431,0.001,1.731446457997663
2101,0.003378304885700345,0.14534905552864075,0.001,1.8497847079997882
2102,0.003210394876077771,0.08498181402683258,0.001,1.753324707999127
2103,0.0033041751012206078,0.17521844804286957,0.001,1.8525480420066742
2104,0.003346870420500636,0.07554107904434204,0.001,1.7580295410007238
2105,0.0034757747780531645,0.12727603316307068,0.001,1.746301624996704
2106,0.0031546263489872217,0.09863627701997757,0.001,1.7573664160008775
2107,0.003272180212661624,0.08775284886360168,0.001,1.7891067500022473
2108,0.0033589296508580446,0.1275189369916916,0.001,1.7399825409956975
2109,0.0031539667397737503,0.10418269783258438,0.001,1.7736680840025656
2110,0.0032554056961089373,0.17473550140857697,0.001,1.8226125000073807
2111,0.0032580692786723375,0.1124410331249237,0.001,1.7590384170034667
2112,0.0031605802942067385,0.11351993680000305,0.001,1.746394000001601
2113,0.003182557877153158,0.08852900564670563,0.001,1.876727957991534
2114,0.0034214879851788282,0.14587335288524628,0.001,1.7447527920012362
2115,0.0033946987241506577,0.09155859053134918,0.001,1.7447442090051482
2116,0.002929930342361331,0.07676343619823456,0.001,1.8582268329919316
2117,0.0030396650545299053,0.11105795204639435,0.001,1.7638342910067877
2118,0.0031052539125084877,0.08643964678049088,0.001,1.785273417001008
2119,0.003423708491027355,0.1185213103890419,0.001,1.7397403750073863
2120,0.0032661559525877237,0.05272037163376808,0.001,1.8276643749995856
2121,0.0031839855946600437,0.0732911005616188,0.001,1.748615750009776
2122,0.003508118912577629,0.07688186317682266,0.001,1.7783589579921681
2123,0.0033263303339481354,0.10309382528066635,0.001,1.8027193330053706
2124,0.002926440676674247,0.08752253651618958,0.001,1.7940249999955995
2125,0.0031613747123628855,0.08711887151002884,0.001,1.7742912920075469
2126,0.0030729391146451235,0.15847794711589813,0.001,1.8134720000089146
2127,0.0033224497456103563,0.1187184602022171,0.001,1.7550738330028253
2128,0.003283760044723749,0.09826982021331787,0.001,1.7328237499896204
2129,0.003108762204647064,0.08112090826034546,0.001,1.7826170420012204
2130,0.0033514993265271187,0.08985139429569244,0.001,1.816271333998884
2131,0.0034647148568183184,0.07407493144273758,0.001,1.7559754999965662
2132,0.0033332929015159607,0.11283903568983078,0.001,1.7627797910099616
2133,0.0032452440354973078,0.08780315518379211,0.001,1.8110886670037871
2134,0.003401365363970399,0.1408458650112152,0.001,1.745223083999008
2135,0.00337445130571723,0.13093753159046173,0.001,1.7737646249879617
2136,0.002689776010811329,0.07484566420316696,0.001,1.7442648750002263
2137,0.0033737504854798317,0.10976660996675491,0.001,1.8029035829968052
2138,0.0034159545321017504,0.10286007076501846,0.001,1.7438480839919066
2139,0.0032545586582273245,0.0852770134806633,0.001,1.7603917920059757
2140,0.003384093288332224,0.11612625420093536,0.001,1.7337950829969486
2141,0.0029373345896601677,0.06225227192044258,0.001,1.8217308330058586
2142,0.0030593525152653456,0.10334202647209167,0.001,1.7431027499987977
2143,0.0031258659437298775,0.09125961363315582,0.001,1.8560032499954104
2144,0.0033045827876776457,0.09531182795763016,0.001,1.7756783749937313
2145,0.002921756822615862,0.06372024863958359,0.001,1.7532115840003826
2146,0.002957948250696063,0.06781095266342163,0.001,1.7629113330040127
2147,0.0030676526948809624,0.10601320117712021,0.001,1.8118744590028655
2148,0.0032798917964100838,0.09170185774564743,0.001,1.7734375409927452
2149,0.003126559080556035,0.076603002846241,0.001,1.7776246249995893
2150,0.0029559291433542967,0.07883703708648682,0.001,1.7401062499993714
2151,0.003066880162805319,0.09267353266477585,0.001,1.7951907919923542
2152,0.003456107573583722,0.05119267478585243,0.001,1.7431172910000896
2153,0.0031437904108315706,0.12938648462295532,0.001,1.780557709003915
2154,0.0030601921025663614,0.058358822017908096,0.001,1.825352957996074
2155,0.0029772543348371983,0.10218773782253265,0.001,1.741761792000034
2156,0.0028343016747385263,0.08906671404838562,0.001,1.8317857079964597
2157,0.0029988435562700033,0.08544465899467468,0.001,1.7624886249977862
2158,0.003075948217883706,0.1339222639799118,0.001,1.755079292008304
2159,0.002997661242261529,0.07877524197101593,0.001,1.8468655000033323
2160,0.003199902130290866,0.0626157820224762,0.001,1.7482309170009103
2161,0.003076018998399377,0.09436356276273727,0.001,1.7499104590096977
2162,0.0028324208687990904,0.1026345044374466,0.001,1.8269321669940837
2163,0.0031770409550517797,0.093910351395607,0.001,1.7608475829911185
2164,0.0027389186434447765,0.10664326697587967,0.001,1.7757843330036849
2165,0.0029000311624258757,0.09797302633523941,0.001,1.7447174580011051
2166,0.003524219151586294,0.055033475160598755,0.001,1.8427665420022095
2167,0.003313781227916479,0.07747496664524078,0.001,1.750686332990881
2168,0.0031088620889931917,0.06224388629198074,0.001,1.8335998749971623
2169,0.0029925298877060413,0.08342152088880539,0.001,1.7534622910025064
2170,0.0033045101445168257,0.11153005063533783,0.001,1.7447114170063287
2171,0.003030677093192935,0.11979536712169647,0.001,1.8478377089923015
2172,0.0028685634024441242,0.1010485589504242,0.001,1.7546645840047859
2173,0.003212248208001256,0.0939699038863182,0.001,1.7225675829977263
2174,0.003041143761947751,0.12272012233734131,0.001,1.9031144159962423
2175,0.0030873038340359926,0.12939123809337616,0.001,2.0837527080002474
2176,0.0031663081608712673,0.0843239575624466,0.001,1.8432662499981234
2177,0.0031837718561291695,0.10696236044168472,0.001,1.8483152500120923
2178,0.0028311226051300764,0.123061902821064,0.001,1.745751292008208
2179,0.0031049326062202454,0.094584159553051,0.001,1.7504282080044504
2180,0.003178030950948596,0.18360136449337006,0.001,1.7960748329933267
2181,0.003138796892017126,0.07597769796848297,0.001,1.8219737920007901
2182,0.0029518683440983295,0.1505003720521927,0.001,1.7528008340013912
2183,0.003075058339163661,0.08210239559412003,0.001,1.7778105839970522
2184,0.0032536466605961323,0.11985568702220917,0.001,1.8032578330021352
2185,0.0034146651159971952,0.15809662640094757,0.001,1.7475805420108372
2186,0.0030368869192898273,0.08524420857429504,0.001,1.8434527909994358
2187,0.003420249791815877,0.11193171888589859,0.001,1.7556725000031292
2188,0.003232629969716072,0.08706413209438324,0.001,1.7565445840009488
2189,0.0029530851170420647,0.07233018428087234,0.001,1.8266225829866016
2190,0.0030127780046314,0.11536485701799393,0.001,1.7513827920047333
2191,0.0029582984279841185,0.09142214804887772,0.001,1.7699968329980038
2192,0.003276960225775838,0.1528283804655075,0.001,1.7546497500006808
2193,0.0030038172844797373,0.138251394033432,0.001,1.8644454589957604
2194,0.0029027194250375032,0.11505388468503952,0.001,1.7465550420020008
2195,0.003248652908951044,0.12984295189380646,0.001,1.8442002090014284
2196,0.0033247091341763735,0.07146703451871872,0.001,1.755534208001336
2197,0.003111692611128092,0.07490363717079163,0.001,1.7801842500048224
2198,0.0033981120213866234,0.08872371166944504,0.001,1.796515249996446
2199,0.00292224925942719,0.08272247016429901,0.001,1.748011082992889
2200,0.0032314348500221968,0.1063835546374321,0.001,1.7955688340007327
2201,0.003327175509184599,0.12475204467773438,0.001,1.767066040993086
2202,0.002945900894701481,0.09096015244722366,0.001,1.8130692499980796
2203,0.0031187147833406925,0.1540771722793579,0.001,1.7806832079950254
2204,0.0028720893897116184,0.10809675604104996,0.001,1.7882237919984618
2205,0.003078379202634096,0.10642806440591812,0.001,1.8189672919979785
2206,0.003432048251852393,0.09274052828550339,0.001,1.7524466250033583
2207,0.0032099394593387842,0.09697464108467102,0.001,1.7335253339988412
2208,0.0030765575356781483,0.08148333430290222,0.001,1.8260732499911683
2209,0.003058261703699827,0.13293567299842834,0.001,1.7558316670038039
2210,0.003005783073604107,0.12257018685340881,0.001,1.7668222500069533
2211,0.0029514948837459087,0.10159135609865189,0.001,1.861293084002682
2212,0.002917640842497349,0.12247387319803238,0.001,1.7490502500004368
2213,0.003229440888389945,0.14972613751888275,0.001,1.7582322499947622
2214,0.003097184933722019,0.14039945602416992,0.001,1.8226136669982225
2215,0.002973016584292054,0.09824547916650772,0.001,1.7484106659976533
2216,0.003224884392693639,0.122216135263443,0.001,1.7757432919897838
2217,0.0031784367747604847,0.06544836610555649,0.001,1.834457958000712
2218,0.0030495503451675177,0.11535830050706863,0.001,1.7462324579973938
2219,0.0032473434694111347,0.09412544965744019,0.001,1.7470372920070076
2220,0.0034179729409515858,0.07990530878305435,0.001,1.7858938339923043
2221,0.003415829734876752,0.08611588925123215,0.001,1.835221792003722
2222,0.0032864767126739025,0.11899431049823761,0.001,1.7474947910086485
2223,0.0030003187712281942,0.10696349292993546,0.001,1.8683573750022333
2224,0.0030107025522738695,0.07717341929674149,0.001,1.7523589589982294
2225,0.003193112788721919,0.17985239624977112,0.001,1.8134923339966917
2226,0.0034404820762574673,0.13472050428390503,0.001,1.8147321669966914
2227,0.0028489052783697844,0.0738292708992958,0.001,1.763153334002709
2228,0.0027829459868371487,0.09026992321014404,0.001,1.7451652500021737
2229,0.0031190046574920416,0.13632363080978394,0.001,1.7648473329900298
2230,0.0030994450207799673,0.11339491605758667,0.001,1.7919367910071742
2231,0.0031843376345932484,0.11122749745845795,0.001,1.7439013330003945
2232,0.0030864805448800325,0.1083204597234726,0.001,1.7484471249917988
2233,0.0032360267359763384,0.12541162967681885,0.001,1.7721596659976058
2234,0.0032790990080684423,0.14237365126609802,0.001,1.7995281659968896
2235,0.002753106178715825,0.09786418825387955,0.001,1.746681125005125
2236,0.003613116452470422,0.15153291821479797,0.001,1.8404454159899615
2237,0.0030529641080647707,0.1023915708065033,0.001,1.8199975420138799
2238,0.003156527178362012,0.07800958305597305,0.001,1.764268084007199
2239,0.0032212394289672375,0.0825081616640091,0.001,1.7520908750011586
2240,0.003104044822975993,0.09212767332792282,0.001,1.8048636250023264
2241,0.003252974711358547,0.17596717178821564,0.001,1.7645416670129634
2242,0.0032487702555954456,0.12429599463939667,0.001,1.776173624995863
2243,0.0027766621205955744,0.07878021150827408,0.001,1.7288920829887502
2244,0.003094755345955491,0.0990583747625351,0.001,1.7417138330056332
2245,0.0031724011059850454,0.12737494707107544,0.001,1.7373469169979217
2246,0.0031429901719093323,0.14598442614078522,0.001,1.7431204999884358
2247,0.0032130531035363674,0.14216235280036926,0.001,1.7734871660068166
2248,0.003133257618173957,0.15797023475170135,0.001,1.8197758750029607
2249,0.003107449971139431,0.10744080692529678,0.001,1.742558875004761
2250,0.00349308829754591,0.07440044730901718,0.001,1.970188249993953
2251,0.002648047637194395,0.1549162119626999,0.001,2.2466502500028582
2252,0.002826474606990814,0.13426190614700317,0.001,1.775454541988438
2253,0.003264054888859391,0.11220177263021469,0.001,2.045337500007008
2254,0.002891744952648878,0.10394211858510971,0.001,1.8660537920077331
2255,0.0027378229424357414,0.12402021139860153,0.001,1.7990334170026472
2256,0.0031328913755714893,0.10634615272283554,0.001,1.8051209999975981
2257,0.00315654743462801,0.1350589245557785,0.001,1.8418571670044912
2258,0.0031076823361217976,0.061143677681684494,0.001,1.7937320839992026
2259,0.002828050870448351,0.13372312486171722,0.001,1.7746024579973891
2260,0.003133048303425312,0.10556858777999878,0.001,1.8040077920013573
2261,0.0029675995465368032,0.10111796110868454,0.001,1.7730973750003614
2262,0.0032143036369234324,0.08145628869533539,0.001,1.7407709999970393
2263,0.003131050616502762,0.11679616570472717,0.001,1.7596231659990735
2264,0.0030993488617241383,0.14467297494411469,0.001,1.8113211669988232
2265,0.00337044196203351,0.10091342777013779,0.001,1.7549703330005286
2266,0.003056486137211323,0.14550867676734924,0.001,1.778502874993137
2267,0.0030228826217353344,0.12654687464237213,0.001,1.8029825419944245
2268,0.0031049021054059267,0.10147321969270706,0.001,1.7346055840025656
2269,0.0035644990857690573,0.17648650705814362,0.001,1.7767731249914505
2270,0.003079237649217248,0.096995048224926,0.001,1.7373990829946706
2271,0.002839897759258747,0.08548330515623093,0.001,1.823280791999423
2272,0.003366636810824275,0.15747956931591034,0.001,1.7555100000026869
2273,0.002863554982468486,0.09361910820007324,0.001,1.764627249998739
2274,0.003058172296732664,0.1196785718202591,0.001,1.7434085410059197
2275,0.0030730138532817364,0.14336800575256348,0.001,1.8360403749975376
2276,0.0030118145514279604,0.07469727843999863,0.001,1.7944489579967922
2277,0.003087276127189398,0.0936940461397171,0.001,1.9200576669973088
2278,0.003386824857443571,0.1096549928188324,0.001,1.7592569999978878
2279,0.0031265560537576675,0.09206318855285645,0.001,1.7667747499945108
2280,0.0031062692869454622,0.10578524321317673,0.001,1.7705539589951513
2281,0.002848634961992502,0.11738593876361847,0.001,1.7891232499969192
2282,0.0030231974087655544,0.08917567133903503,0.001,1.7419995840027696
2283,0.0032194904051721096,0.19538003206253052,0.001,1.7581916250055656
2284,0.0030233075376600027,0.08234061300754547,0.001,1.7364135420066305
2285,0.0027408853638917208,0.08336679637432098,0.001,1.8353084590053186
2286,0.002960360608994961,0.11015373468399048,0.001,1.7394095000054222
2287,0.0033491894137114286,0.14877252280712128,0.001,1.8111113750055665
2288,0.003343308810144663,0.08816254138946533,0.001,1.8062493749894202
2289,0.0030494469683617353,0.12941375374794006,0.001,1.7559015409933636
2290,0.00319656147621572,0.1073291003704071,0.001,1.7545475829974748
2291,0.0031810833606868982,0.1197911873459816,0.001,1.7287413750018459
2292,0.0030415463261306286,0.15774856507778168,0.001,1.802143207998597
2293,0.0027930978685617447,0.17430557310581207,0.001,1.73824470800173
2294,0.0031106839887797832,0.05865484103560448,0.001,1.777225375000853
2295,0.002913114381954074,0.08252323418855667,0.001,1.824980040997616
2296,0.003000698983669281,0.06743428111076355,0.001,1.7479998750059167
2297,0.0035095466300845146,0.11584878712892532,0.001,1.7444153749966063
2298,0.0030517512932419777,0.09309626370668411,0.001,1.850079249998089
2299,0.003014681627973914,0.06329010426998138,0.001,1.753780083003221
2300,0.0030353644397109747,0.10692287981510162,0.001,1.777137875003973
2301,0.0033753213938325644,0.17676441371440887,0.001,1.8197430830041412
2302,0.0032598408870399,0.14549694955348969,0.001,1.7499813750036992
2303,0.002853523241356015,0.13836924731731415,0.001,1.7706555829936406
2304,0.0029489388689398766,0.14173978567123413,0.001,1.8173704590008128
2305,0.002963871695101261,0.06256024539470673,0.001,1.7669235000066692
2306,0.0034704541321843863,0.13246820867061615,0.001,1.7679787920060335
2307,0.003206003690138459,0.14672105014324188,0.001,1.8128698749933392
2308,0.0034323029685765505,0.12834325432777405,0.001,1.8330434159870492
2309,0.0033557910937815905,0.15614669024944305,0.001,1.7644583329965826
2310,0.003046267433091998,0.0844823345541954,0.001,1.819030541999382
2311,0.0030262619256973267,0.09414092451334,0.001,2.05056741599401
2312,0.003668702207505703,0.11753837019205093,0.001,1.964643208993948
2313,0.0032254992984235287,0.1546468734741211,0.001,1.8261532500036992
2314,0.002767786383628845,0.12531831860542297,0.001,1.7567375840008026
2315,0.002959036733955145,0.10793651640415192,0.001,1.7797383750003064
2316,0.003278921125456691,0.10456483066082001,0.001,1.7708640000055311
2317,0.0034279688261449337,0.13324002921581268,0.001,1.785789041998214
2318,0.003490183735266328,0.10332679748535156,0.001,1.7668578750017332
2319,0.0030887217726558447,0.10698875784873962,0.001,1.8415875829959987
2320,0.003076406894251704,0.08627970516681671,0.001,1.753411750003579
2321,0.002964983694255352,0.14231042563915253,0.001,1.747839000003296
2322,0.003146646311506629,0.1334334760904312,0.001,1.848823624997749
2323,0.00318148429505527,0.12395655363798141,0.001,1.7379075839999132
2324,0.003180090803653002,0.10342172533273697,0.001,1.7750259169988567
2325,0.0030166865326464176,0.08557825535535812,0.001,1.820773208004539
2326,0.0031390355434268713,0.07358765602111816,0.001,1.7552197500044713
2327,0.0034553101286292076,0.05857823044061661,0.001,1.76970054199046
2328,0.0030477375257760286,0.07288950681686401,0.001,1.8252865829999791
2329,0.00267986417748034,0.09998778998851776,0.001,1.7594449169992004
2330,0.0030807240400463343,0.1271672248840332,0.001,1.7575837080075871
2331,0.002999527845531702,0.09618759900331497,0.001,1.7592062920011813
2332,0.003160372143611312,0.10187098383903503,0.001,1.8012793329980923
2333,0.0026482746470719576,0.07210858166217804,0.001,1.7464228329918114
2334,0.003266645595431328,0.08078493177890778,0.001,1.770453874996747
2335,0.0032652728259563446,0.11341510713100433,0.001,1.7453055410005618
2336,0.003108834382146597,0.10309755802154541,0.001,1.8127224999916507
2337,0.0033654042053967714,0.09093916416168213,0.001,1.7495102499960922
2338,0.0029946521390229464,0.14056901633739471,0.001,1.7876226660009706
2339,0.003211007919162512,0.09240569174289703,0.001,1.802219083008822
2340,0.0032842522487044334,0.11369182914495468,0.001,1.7418949169950793
2341,0.0028334727976471186,0.0858348086476326,0.001,1.828851541999029
2342,0.0028875302523374557,0.08101607114076614,0.001,1.7588053329964168
2343,0.0032016851473599672,0.07389690726995468,0.001,1.8215208330075257
2344,0.002890173578634858,0.0860578715801239,0.001,1.8211330830090446
2345,0.0033591247629374266,0.12140116095542908,0.001,1.7515554590063402
2346,0.0031953828874975443,0.1182045117020607,0.001,1.7694522079982562
2347,0.0025392083916813135,0.08345916122198105,0.001,1.7971006659936393
2348,0.003055727807804942,0.10670292377471924,0.001,1.782528416995774
2349,0.00320350076071918,0.0882578119635582,0.001,1.7469630830019014
2350,0.002865934045985341,0.09341602772474289,0.001,1.7707602089940337
2351,0.0030054678209125996,0.10819289833307266,0.001,1.8176265829970362
2352,0.0029984889551997185,0.17467013001441956,0.001,1.7550808750092983
2353,0.0034681239631026983,0.09348146617412567,0.001,1.7464729999919655
2354,0.0030426292214542627,0.10659055411815643,0.001,1.76630704200943
2355,0.0033806776627898216,0.11656344681978226,0.001,1.8224357080034679
2356,0.003045090939849615,0.10328070819377899,0.001,1.7530509579955833
2357,0.0029840918723493814,0.09770277887582779,0.001,1.8343093750008848
2358,0.0029433174058794975,0.09878270328044891,0.001,1.7554960419947747
2359,0.0032285363413393497,0.12613250315189362,0.001,1.739152499998454
2360,0.0029715632554143667,0.08932296186685562,0.001,1.8391458749974845
2361,0.0031275274232029915,0.1189635694026947,0.001,1.7544498330098577
2362,0.002867733361199498,0.11190532147884369,0.001,1.7431065829878207
2363,0.002971505280584097,0.12671536207199097,0.001,1.7757779590028804
2364,0.002764847595244646,0.12844358384609222,0.001,1.828854625011445
2365,0.0029622346628457308,0.10678952932357788,0.001,1.749736458004918
2366,0.003166957525536418,0.12694431841373444,0.001,1.8536911250121193
2367,0.003244374180212617,0.06343813985586166,0.001,1.9172080409916816
2368,0.003070581005886197,0.18278193473815918,0.001,2.0178142079967074
2369,0.0031569907441735268,0.12669941782951355,0.001,1.8593512090010336
2370,0.0030913010705262423,0.10865870863199234,0.001,1.76417512500484
2371,0.0026780329644680023,0.06493295729160309,0.001,1.7583159579953644
2372,0.002840030239894986,0.1408509910106659,0.001,1.8297805000038352
2373,0.0030939809512346983,0.13103662431240082,0.001,1.7468719160096953
2374,0.003071463666856289,0.10664839297533035,0.001,1.7500022500025807
2375,0.0028027978260070086,0.1238224133849144,0.001,1.8325706249888754
2376,0.0029870071448385715,0.11448010802268982,0.001,1.7584657080005854
2377,0.0030327006243169308,0.13129264116287231,0.001,1.7732907909958158
2378,0.0027350883465260267,0.08440492302179337,0.001,1.795571333001135
2379,0.0031191834714263678,0.06563444435596466,0.001,1.8042849589983234
2380,0.0030092354863882065,0.10247524827718735,0.001,1.7391019170026993
2381,0.003160979598760605,0.15159739553928375,0.001,1.8441118329938035
2382,0.0029169097542762756,0.1092262789607048,0.001,1.7887418750033248
2383,0.0030094932299107313,0.13028466701507568,0.001,1.7361351250001462
2384,0.002995444927364588,0.07984687387943268,0.001,1.8456937080045464
2385,0.0032607433386147022,0.08323363214731216,0.001,1.7550851249980042
2386,0.003283550962805748,0.09977268427610397,0.001,2.1354420830029994
2387,0.003096705535426736,0.11605019122362137,0.001,1.9162085840071086
2388,0.0028696474619209766,0.08481123298406601,0.001,1.7570630830014125
2389,0.003002657787874341,0.09728601574897766,0.001,1.7912479999940842
2390,0.002980874152854085,0.09761849790811539,0.001,1.8676482500013663
2391,0.0031544822268188,0.07106894999742508,0.001,1.7510632920020726
2392,0.003114418126642704,0.08791673928499222,0.001,1.8986283330013976
2393,0.0028697445522993803,0.12299813330173492,0.001,1.860956874996191
2394,0.002872864715754986,0.08892111480236053,0.001,1.761822166008642
2395,0.0031105184461921453,0.13835221529006958,0.001,1.7710004160035169
2396,0.0033806050196290016,0.0917774960398674,0.001,1.7455197090021102
2397,0.0029312625993043184,0.1425793170928955,0.001,1.8229556669975864
2398,0.0031583255622535944,0.10847166180610657,0.001,1.7481129999941913
2399,0.002966027008369565,0.08950215578079224,0.001,1.7992873750044964
2400,0.0026831887662410736,0.09308623522520065,0.001,1.784162791998824
2401,0.002997321542352438,0.0401657335460186,0.001,1.7415517499903217
2402,0.0029972298070788383,0.09452538192272186,0.001,1.8230266250029672
2403,0.0029284649062901735,0.09272301197052002,0.001,1.769932333001634
2404,0.002771822502836585,0.10120666772127151,0.001,1.7486607909959275
2405,0.002948196604847908,0.06978112459182739,0.001,1.8383434170100372
2406,0.0027745692059397697,0.09490164369344711,0.001,1.748823292000452
2407,0.002912874799221754,0.09020248800516129,0.001,1.7721832090028329
2408,0.003490081988275051,0.16193744540214539,0.001,1.75493062500027
2409,0.00329029094427824,0.06839945912361145,0.001,1.8508192500012228
2410,0.0031923893839120865,0.07762450724840164,0.001,1.7495289999933448
2411,0.003089565085247159,0.14276395738124847,0.001,1.924620292003965
2412,0.003021515440195799,0.060011494904756546,0.001,1.765772749989992
2413,0.0026924321427941322,0.10492194443941116,0.001,1.7550194159994135
2414,0.0030344694387167692,0.10655747354030609,0.001,1.8359502919920487
2415,0.0030320098157972097,0.09976121038198471,0.001,1.7530701250070706
2416,0.003049260936677456,0.07325752079486847,0.001,1.7305356249999022
2417,0.0032758794259279966,0.0876239538192749,0.001,1.7649010839959374
2418,0.0032925792038440704,0.08271432667970657,0.001,1.8019217910041334
2419,0.0032931731548160315,0.0846722275018692,0.001,1.755104208990815
2420,0.0032105487771332264,0.11593697220087051,0.001,1.7546162499929778
2421,0.0032452752348035574,0.113607257604599,0.001,1.7457208749983693
2422,0.0028839572332799435,0.06989546120166779,0.001,1.7821800410019932
2423,0.003208964364603162,0.0794733464717865,0.001,1.7344982499926118
2424,0.002944453153759241,0.09778434783220291,0.001,1.7359858330019051
2425,0.003150667529553175,0.08758722990751266,0.001,1.7346192500117468
2426,0.003074044594541192,0.06274823844432831,0.001,1.7423069999931613
2427,0.0030559066217392683,0.10161364823579788,0.001,1.8163264169998001
2428,0.0033534986432641745,0.14424380660057068,0.001,1.7431426670082146
2429,0.0035871879663318396,0.08042937517166138,0.001,1.7736572499998147
2430,0.003404592862352729,0.12686803936958313,0.001,1.874248374995659
2431,0.0029220804572105408,0.09681712836027145,0.001,2.0322216670028865
2432,0.0032366085797548294,0.11356447637081146,0.001,2.0073959159926744
2433,0.00324636441655457,0.08214931935071945,0.001,1.7744067089952296
2434,0.0033051478676497936,0.04938206076622009,0.001,2.0056537499913247
2435,0.0032801376655697823,0.08098511397838593,0.001,1.743434874995728
2436,0.0031258980743587017,0.10945264995098114,0.001,1.7496913749928353
2437,0.0029569820035248995,0.0743027925491333,0.001,1.7541809170070337
2438,0.0033199063036590815,0.1307210773229599,0.001,1.7409300830040593
2439,0.0030743437819182873,0.07807205617427826,0.001,1.8066278749902267
2440,0.003059603273868561,0.08235059678554535,0.001,1.8269615419994807
2441,0.0029116468504071236,0.12016560137271881,0.001,1.7771473329921719
2442,0.0029573077335953712,0.0876147523522377,0.001,1.809854416991584
2443,0.0029442408122122288,0.12107138335704803,0.001,1.8624652500002412
2444,0.0031333763618022203,0.16229043900966644,0.001,1.8237386670080014
2445,0.003410392440855503,0.09651953727006912,0.001,1.8262025000003632
2446,0.002949174726381898,0.11559278517961502,0.001,1.7617734590021428
2447,0.002988854655995965,0.09459473937749863,0.001,1.7735511250066338
2448,0.0030570724047720432,0.06633959710597992,0.001,1.7379515409993473
2449,0.003034275723621249,0.09844447672367096,0.001,1.7953184579964727
2450,0.0027486798353493214,0.06909000128507614,0.001,1.74437954199675
2451,0.003302177879959345,0.03727191686630249,0.001,1.7629853329999605
2452,0.0033176641445606947,0.10747336596250534,0.001,1.804591749998508
2453,0.0029047548305243254,0.10177358984947205,0.001,1.7516219579993049
2454,0.003474088851362467,0.06752126663923264,0.001,1.7684612090088194
2455,0.0031296887900680304,0.14348748326301575,0.001,1.7665258750057546
2456,0.0029622146394103765,0.08513559401035309,0.001,1.849433333001798
2457,0.00287797418422997,0.12073605507612228,0.001,1.7390137920010602
2458,0.0031134416349232197,0.09723733365535736,0.001,1.7394069159927312
2459,0.0031088863033801317,0.12352864444255829,0.001,1.7493547079939162
2460,0.002930240472778678,0.08913420885801315,0.001,1.7908516669995151
2461,0.002923343563452363,0.12797346711158752,0.001,1.7427100000059
2462,0.003157233353704214,0.07961542159318924,0.001,1.747624583003926
2463,0.002728971652686596,0.08540428429841995,0.001,1.7394386250089156
2464,0.0032049461733549833,0.11455821990966797,0.001,1.810958042013226
2465,0.002787903416901827,0.0738961398601532,0.001,1.7550953750032932
2466,0.0025305405724793673,0.09032780677080154,0.001,1.7871030000096653
2467,0.0029633883386850357,0.11391545087099075,0.001,1.80736745899776
2468,0.0024768610019236803,0.07497035712003708,0.001,1.763359250006033
2469,0.003087670775130391,0.1890689879655838,0.001,2.075968709003064
2470,0.0033106307964771986,0.06043653190135956,0.001,1.8997801250079647
2471,0.0032064146362245083,0.1475163847208023,0.001,1.7637019590038108
2472,0.0028069366235285997,0.06383651494979858,0.001,1.7722450000001118
2473,0.003121659392490983,0.11289681494235992,0.001,1.8268233749986393
2474,0.00320653454400599,0.0960039421916008,0.001,1.7589409579959465
2475,0.003043564734980464,0.09620794653892517,0.001,1.7562323340098374
2476,0.0031726788729429245,0.10132630914449692,0.001,1.8526649580016965
2477,0.003030971856787801,0.08564981073141098,0.001,1.7764233750058338
2478,0.003262552432715893,0.10573579370975494,0.001,1.8183175000012852
2479,0.0032685829792171717,0.14926886558532715,0.001,1.812952915992355
2480,0.0030230237171053886,0.09713205695152283,0.001,1.7744467920128955
2481,0.0028243304695934057,0.126876100897789,0.001,1.7428467910067411
2482,0.0028123287484049797,0.07734430581331253,0.001,1.7843357090023346
2483,0.0029572860803455114,0.1435217261314392,0.001,1.8212909170106286
2484,0.003049037652090192,0.11993194371461868,0.001,1.7450347080011852
2485,0.002842667745426297,0.11638909578323364,0.001,1.8333898749988293
2486,0.0028271107003092766,0.1171063482761383,0.001,1.7554193340038182
2487,0.003087024437263608,0.09940022230148315,0.001,1.7856007919908734
2488,0.003255540505051613,0.15939131379127502,0.001,1.7742618330084952
2489,0.0030065146274864674,0.11657723784446716,0.001,1.7682449169951724
2490,0.002893590135499835,0.10568710416555405,0.001,1.752214374995674
2491,0.0025861121248453856,0.09772519767284393,0.001,1.812359582996578
2492,0.002992374589666724,0.08186214417219162,0.001,1.7744084169971757
2493,0.002803908195346594,0.09079869091510773,0.001,1.747275959001854
2494,0.003022899618372321,0.07035847008228302,0.001,1.7874636670021573
2495,0.0026249499060213566,0.12975887954235077,0.001,1.8799602080107434
2496,0.0026928503066301346,0.09936250001192093,0.001,1.9272539579978911
2497,0.0026642163284122944,0.10145248472690582,0.001,1.9196171250077896
2498,0.0026392568834125996,0.14224594831466675,0.001,1.793879000004381
2499,0.0028168074786663055,0.10070782899856567,0.001,2.001865041995188
2500,0.002928502857685089,0.08974044024944305,0.001,2.0858062920015072
2501,0.00297961151227355,0.1317519098520279,0.001,1.8476764999941224
2502,0.0025978933554142714,0.11658680438995361,0.001,1.8737886250019073
2503,0.0031510004773736,0.10848108679056168,0.001,1.9540645419911016
2504,0.002970173256471753,0.14506688714027405,0.001,1.885229708001134
2505,0.0027971197851002216,0.06978211551904678,0.001,1.850814833000186
2506,0.003113087732344866,0.09649670124053955,0.001,1.8580299589957576
2507,0.0032526645809412003,0.08131870627403259,0.001,1.8364344169967808
2508,0.003053284715861082,0.1237555667757988,0.001,1.816997583999182
2509,0.003073337022215128,0.09671742469072342,0.001,1.8767149170016637
2510,0.0028220077510923147,0.10680609196424484,0.001,1.7901198330073385
2511,0.0029289224185049534,0.10158006846904755,0.001,1.7921388329996262
2512,0.002887519309297204,0.08090045303106308,0.001,1.7869878329947824
2513,0.00328860804438591,0.10037460923194885,0.001,1.8076692500035278
2514,0.0030556581914424896,0.1059090793132782,0.001,1.8461971659999108
2515,0.0027566917706280947,0.09499102830886841,0.001,1.8342354170017643
2516,0.002865205518901348,0.12099529057741165,0.001,2.1649152919999324
2517,0.0029860541690140963,0.0892004445195198,0.001,2.232250417000614
2518,0.00315960799343884,0.12752488255500793,0.001,1.8788909170107218
2519,0.003115253522992134,0.1425577700138092,0.001,1.8466484999953536
2520,0.002927237655967474,0.1237865760922432,0.001,1.8674642910045804
2521,0.0030295972246676683,0.12711966037750244,0.001,1.877264249997097
2522,0.0030967521015554667,0.1227005273103714,0.001,1.852573583004414
2523,0.002984513994306326,0.14815807342529297,0.001,1.8550988339993637
2524,0.002962110098451376,0.14203543961048126,0.001,1.8707019169960404
2525,0.003029695712029934,0.1074737012386322,0.001,1.952307458006544
2526,0.002924688858911395,0.11758274585008621,0.001,1.868732834002003
2527,0.00271236221306026,0.06820928305387497,0.001,1.8154774160066154
2528,0.0031727717723697424,0.08718837052583694,0.001,1.809238332993118
2529,0.0029949876479804516,0.1460290551185608,0.001,1.790738291994785
2530,0.002920872764661908,0.1858823001384735,0.001,1.8037124169932213
2531,0.0034680983517318964,0.09031832963228226,0.001,1.8108320419996744
2532,0.0030773833859711885,0.11346417665481567,0.001,1.8238312500034226
2533,0.003058461705222726,0.1457231044769287,0.001,1.8126616250083316
2534,0.0028526948299258947,0.09226863086223602,0.001,1.9198720839922316
2535,0.0027259679045528173,0.07681243121623993,0.001,1.821940583002288
2536,0.002928408794105053,0.11722931265830994,0.001,1.7719099169917172
2537,0.002660835860297084,0.1368531733751297,0.001,1.8064400000002934
2538,0.0026848416309803724,0.09717012196779251,0.001,1.9012040829984471
2539,0.0028075866866856813,0.14115041494369507,0.001,2.0464903750107624
2540,0.002893399680033326,0.09778065234422684,0.001,2.162344625001424
2541,0.003284395206719637,0.10910733044147491,0.001,1.9812651670072228
2542,0.0028201863169670105,0.084671750664711,0.001,1.877480082999682
2543,0.0031708080787211657,0.08763973414897919,0.001,1.9520332499960205
2544,0.003120054956525564,0.08918149769306183,0.001,1.989320916007273
2545,0.0028648804873228073,0.14467298984527588,0.001,1.9584818330040434
2546,0.002907568123191595,0.11228311061859131,0.001,1.8605726660025539
2547,0.0029047266580164433,0.10267812758684158,0.001,1.858585875001154
2548,0.0029358251485973597,0.10284797102212906,0.001,1.8601132920011878
2549,0.0029834324959665537,0.11230083554983139,0.001,1.90509391699743
2550,0.003205169690772891,0.1256628781557083,0.001,1.916183124994859
2551,0.0031804475001990795,0.12089761346578598,0.001,1.8119748330063885
2552,0.0030543524771928787,0.12115710228681564,0.001,1.7545383750111796
2553,0.003084412310272455,0.10610447078943253,0.001,2.0134076669928618
2554,0.002693859161809087,0.10776741802692413,0.001,2.011913041002117
2555,0.0027692560106515884,0.13208529353141785,0.001,1.9271867079951335
2556,0.0031074027065187693,0.12917552888393402,0.001,1.978452750001452
2557,0.002842389978468418,0.08092115819454193,0.001,1.942270333005581
2558,0.0028988500125706196,0.13380475342273712,0.001,1.932857416002662
2559,0.0031361356377601624,0.14611050486564636,0.001,1.9362069170019822
2560,0.0027979679871350527,0.08277663588523865,0.001,1.944532583002001
2561,0.003382178023457527,0.1055101528763771,0.001,2.11301437500515
2562,0.0032267910428345203,0.08813964575529099,0.001,2.612866417010082
2563,0.0028256333898752928,0.06283380091190338,0.001,2.2959372499899473
2564,0.0027461021672934294,0.10563230514526367,0.001,2.438410874994588
2565,0.002958206692710519,0.1574266254901886,0.001,2.259161750000203
2566,0.0032170196063816547,0.05962453410029411,0.001,2.2212564170040423
2567,0.003033970482647419,0.14079990983009338,0.001,2.1325938329973724
2568,0.0029535640496760607,0.1433744877576828,0.001,2.084328208991792
2569,0.0032988903112709522,0.09427150338888168,0.001,1.96901295799762
2570,0.003060695016756654,0.13371509313583374,0.001,2.015092707995791
2571,0.002742069074884057,0.10589132457971573,0.001,1.9405489159980789
2572,0.003026430495083332,0.11089500784873962,0.001,1.8144682919955812
2573,0.003152398392558098,0.08861915022134781,0.001,1.8056963330018334
2574,0.0028916173614561558,0.1083153560757637,0.001,1.8534419999923557
2575,0.002691912231966853,0.08922165632247925,0.001,1.9428543750109384
2576,0.0029509516898542643,0.1200026124715805,0.001,1.7982290840009227
2577,0.0032201996073126793,0.1097775474190712,0.001,1.803558832994895
2578,0.0031276808585971594,0.10412970930337906,0.001,1.8126409579999745
2579,0.0028419867157936096,0.09562195092439651,0.001,1.8096684579941211
2580,0.0030651928391307592,0.13017994165420532,0.001,1.7979546249989653
2581,0.0032534280326217413,0.13378675282001495,0.001,1.800489707995439
2582,0.0031094832811504602,0.0956050381064415,0.001,2.297867582994513
2583,0.00286016333848238,0.13225054740905762,0.001,2.0228841249918332
2584,0.002940372098237276,0.12545447051525116,0.001,1.9356541659944924
2585,0.002923801774159074,0.12905770540237427,0.001,2.0601829579973128
2586,0.00321986828930676,0.13964378833770752,0.001,2.55835483300325
2587,0.002875036559998989,0.1344955861568451,0.001,2.861552374990424
2588,0.0032138600945472717,0.13487395644187927,0.001,2.4886470409983303
2589,0.002997263101860881,0.06890690326690674,0.001,2.394035040997551
2590,0.003238019533455372,0.11845846474170685,0.001,2.659022665990051
2591,0.003487404901534319,0.1437000036239624,0.001,1.9871435839886544
2592,0.003150114556774497,0.10245317220687866,0.001,1.9560025419923477
2593,0.00327453576028347,0.12449298799037933,0.001,1.8952534999989439
2594,0.0033032316714525223,0.10787586867809296,0.001,1.8318208749988116
2595,0.0031369805801659822,0.1337147355079651,0.001,1.834783416998107
2596,0.0024321177043020725,0.08953706920146942,0.001,2.013525333008147
2597,0.003498278558254242,0.16889753937721252,0.001,1.9853058750013588
2598,0.0032144479919224977,0.10998833924531937,0.001,1.9888466250122292
2599,0.0029991434421390295,0.14081862568855286,0.001,1.9554812080023112
2600,0.0028575893957167864,0.12188716232776642,0.001,1.9225555839948356
2601,0.0026967120356857777,0.09127338230609894,0.001,1.9252133749978384
2602,0.0028968441765755415,0.08635745942592621,0.001,2.0471695409942186
2603,0.003160435939207673,0.12738218903541565,0.001,1.8674691250053002
2604,0.0029618404805660248,0.13200995326042175,0.001,1.852909124994767
2605,0.002976873889565468,0.1242041140794754,0.001,1.8940210000000661
2606,0.0031094076111912727,0.1350659877061844,0.001,2.0619486670038896
2607,0.0030327315907925367,0.11365573108196259,0.001,1.975557249999838
2608,0.0032547474838793278,0.11606822162866592,0.001,1.979403999997885
2609,0.0031216617207974195,0.14729103446006775,0.001,1.868863625000813
2610,0.0029084254056215286,0.1380535513162613,0.001,1.8622085000097286
2611,0.0029229754582047462,0.07448052614927292,0.001,2.0808415840001544
2612,0.002990542910993099,0.08791930973529816,0.001,1.925108833995182
2613,0.002972267335280776,0.1016283929347992,0.001,1.9115294579969486
2614,0.0027313632890582085,0.10915466398000717,0.001,1.8688316250045318
2615,0.0032861707732081413,0.12722617387771606,0.001,1.9710586670116754
2616,0.0029847908299416304,0.11327265948057175,0.001,1.9365589169901796
2617,0.0029771130066365004,0.09073920547962189,0.001,1.9904817920032656
2618,0.0030593762639909983,0.09452168643474579,0.001,2.0266709169954993
2619,0.003049322636798024,0.11597161740064621,0.001,1.8160526669962564
2620,0.003078668611124158,0.09581445902585983,0.001,1.8249150829942664
2621,0.002978882286697626,0.07649344950914383,0.001,1.9917323750123614
2622,0.002899082377552986,0.10343693941831589,0.001,1.8663956250093179
2623,0.002612376818433404,0.08116818964481354,0.001,1.993675625009928
2624,0.002988284220919013,0.11356161534786224,0.001,1.8542952919960953
2625,0.0029596711974591017,0.16623125970363617,0.001,1.8288999590004096
2626,0.0029878313653171062,0.059135518968105316,0.001,2.0168614169961074
2627,0.0029812552966177464,0.14453238248825073,0.001,1.9452298340038396
2628,0.0031940159387886524,0.09265381842851639,0.001,2.008027417003177
2629,0.003326952690258622,0.12883204221725464,0.001,1.9603910409932723
2630,0.0032671771477907896,0.11553829908370972,0.001,1.8624364999996033
2631,0.0031827851198613644,0.14036299288272858,0.001,1.876223832994583
2632,0.002809132682159543,0.1503719538450241,0.001,1.9902312499907566
2633,0.002878878964111209,0.0867910087108612,0.001,2.0094639169983566
2634,0.0030839599203318357,0.08968193084001541,0.001,1.9395245839987183
2635,0.00310093373991549,0.10477935522794724,0.001,1.9164893749984913
2636,0.0030622666236013174,0.15303169190883636,0.001,1.8698092919948976
2637,0.002913103438913822,0.07116881012916565,0.001,2.027088333008578
2638,0.003122083842754364,0.13055889308452606,0.001,2.0230659999942873
2639,0.00315884780138731,0.07403303682804108,0.001,1.982632500003092
2640,0.0028604604303836823,0.07745692878961563,0.001,1.8553388330037706
2641,0.002621858147904277,0.05712313577532768,0.001,1.954997334003565
2642,0.0029042810201644897,0.06594928354024887,0.001,1.9339092500013066
2643,0.0027950445655733347,0.09357663989067078,0.001,2.001920999988215
2644,0.0027728162240236998,0.0977993905544281,0.001,2.0484735410136636
2645,0.0031549669802188873,0.14368842542171478,0.001,1.8640935000003083
2646,0.002850891090929508,0.04187110438942909,0.001,1.9234309580060653
2647,0.002949488116428256,0.0723142921924591,0.001,1.95636158400157
2648,0.002680378733202815,0.0932258889079094,0.001,1.9157333329931134
2649,0.002639968879520893,0.087542325258255,0.001,1.9773145839862991
2650,0.002940719947218895,0.11583729088306427,0.001,1.9845602910063462
2651,0.0030865108128637075,0.13476566970348358,0.001,1.8499530410044827
2652,0.002857683692127466,0.07090860605239868,0.001,1.9016333339968696
2653,0.0030619893223047256,0.07856064289808273,0.001,1.9187217080034316
2654,0.003268503351137042,0.1153351441025734,0.001,2.073026915997616
2655,0.0029223416931927204,0.1170281171798706,0.001,1.9703795410023304
2656,0.0027728418353945017,0.11935699731111526,0.001,1.9438300830079243
2657,0.0029056649655103683,0.10753393173217773,0.001,1.861428459000308
2658,0.002933842595666647,0.08228404819965363,0.001,1.9520658330002334
2659,0.003052779706194997,0.08931917697191238,0.001,1.9983204160089372
2660,0.0030268135014921427,0.11353353410959244,0.001,1.927575124995201
2661,0.0030120268929749727,0.10474987328052521,0.001,1.939359374999185
2662,0.002821599133312702,0.08152104169130325,0.001,1.9528132500126958
2663,0.0030221776105463505,0.09234320372343063,0.001,1.9280847499903757
2664,0.002726953709498048,0.07011742889881134,0.001,1.9701234579988522
2665,0.0027068869676440954,0.09643542766571045,0.001,1.973570624992135
2666,0.0028888785745948553,0.10676220059394836,0.001,1.8179691249970347
2667,0.0026808585971593857,0.09020436555147171,0.001,1.7807344580069184
2668,0.003136932384222746,0.07886525243520737,0.001,1.8466647500026738
2669,0.003037079004570842,0.09682222455739975,0.001,1.7830312909936765
2670,0.002467964543029666,0.0888754278421402,0.001,1.7526145830051973
2671,0.003004739759489894,0.09197323769330978,0.001,1.8755713749997085
2672,0.002751471707597375,0.12550760805606842,0.001,1.7636911250010598
2673,0.002871938981115818,0.07368294894695282,0.001,1.7658586660108995
2674,0.0028069871477782726,0.13723406195640564,0.001,1.7589781249989755
2675,0.002937663346529007,0.1599351465702057,0.001,1.8442577920068288
2676,0.0030484518501907587,0.127960667014122,0.001,1.7640407080034493
2677,0.003125383984297514,0.1288009136915207,0.001,1.8021250840101857
2678,0.0028665962163358927,0.08987896144390106,0.001,1.76365400000941
2679,0.0027428227476775646,0.08904663473367691,0.001,1.8310815000004368
2680,0.0025735965464264154,0.1202363595366478,0.001,1.762907999989693
2681,0.003111159661784768,0.1325150579214096,0.001,1.7931072920036968
2682,0.0028001663740724325,0.11690246313810349,0.001,1.817663541994989
2683,0.0029474750626832247,0.08310885727405548,0.001,1.769880000007106
2684,0.002822892041876912,0.05644282326102257,0.001,1.8437798750092043
2685,0.0027847890742123127,0.06212831288576126,0.001,1.756939582992345
2686,0.0029730573296546936,0.05671996623277664,0.001,1.7783528750005644
2687,0.0028163969982415438,0.07648930698633194,0.001,1.7561667920090258
2688,0.002785497810691595,0.12482418119907379,0.001,1.8094774999917718
2689,0.002701937220990658,0.06150965765118599,0.001,1.7601066249917494
2690,0.0031697771046310663,0.1141204982995987,0.001,1.7848326250095852
2691,0.0028957934118807316,0.08598513156175613,0.001,1.9588026249984978
2692,0.0026503584813326597,0.05367377772927284,0.001,2.1635440420068335
2693,0.0028397298883646727,0.0868135467171669,0.001,2.090665625000838
2694,0.002984879771247506,0.0874769389629364,0.001,1.9677536669914844
2695,0.0029681699816137552,0.052789412438869476,0.001,1.8377402500045719
2696,0.002808961784467101,0.12832237780094147,0.001,1.9028081669966923
2697,0.0027683191001415253,0.0719175636768341,0.001,1.9177197079989128
2698,0.0029277107678353786,0.12454261630773544,0.001,2.070932166010607
2699,0.0029695983976125717,0.09519936144351959,0.001,1.8748425829980988
2700,0.002830988261848688,0.14180923998355865,0.001,1.9547598750068573
2701,0.002945122541859746,0.13046438992023468,0.001,1.8740224170032889
2702,0.002833128208294511,0.12487718462944031,0.001,1.9179029999941122
2703,0.002708232030272484,0.08587052673101425,0.001,2.0461345830117352
2704,0.0026047443971037865,0.08799568563699722,0.001,1.8967355000058888
2705,0.0030577569268643856,0.10827932506799698,0.001,1.8745627499883994
2706,0.0028013880364596844,0.09678763896226883,0.001,1.885521999996854
2707,0.0025177951902151108,0.07441721111536026,0.001,1.9541494579898426
2708,0.0026973909698426723,0.11851388216018677,0.001,1.957585249998374
2709,0.0031504288781434298,0.07729266583919525,0.001,2.0497532919980586
2710,0.002959079807624221,0.09365380555391312,0.001,1.8792114999960177
2711,0.003399925073608756,0.10789287835359573,0.001,1.8749090409983182
2712,0.002700758632272482,0.05162017419934273,0.001,1.9668198750005104
2713,0.0026897138450294733,0.0828155055642128,0.001,2.093803083989769
2714,0.002862359629943967,0.12798741459846497,0.001,1.9499759579921374
2715,0.0027536784764379263,0.11023775488138199,0.001,1.9033026249962859
2716,0.0027825189754366875,0.10974415391683578,0.001,1.8669493750057882
2717,0.0029182524885982275,0.07265304774045944,0.001,1.9314070409891428
2718,0.0026607674080878496,0.11148134618997574,0.001,1.950345292003476
2719,0.0027107170317322016,0.08146968483924866,0.001,1.9661772910039872
2720,0.002918749814853072,0.06503120064735413,0.001,1.9261611669935519
2721,0.0028809774667024612,0.07913767546415329,0.001,1.9374026250006864
2722,0.0026838560588657856,0.11480258405208588,0.001,1.8717273329966702
2723,0.0029281475581228733,0.09152822196483612,0.001,1.9457785000122385
2724,0.0030621334444731474,0.10699336975812912,0.001,2.0317095840000547
2725,0.0027858582325279713,0.11795242875814438,0.001,1.8809190419997321
2726,0.003026694757863879,0.07040027529001236,0.001,1.8700982079899404
2727,0.002623937325552106,0.0791892260313034,0.001,1.8903303750121268
2728,0.003324454417452216,0.09430837631225586,0.001,2.008487167011481
2729,0.002764286706224084,0.08134472370147705,0.001,2.0343770000035875
2730,0.0028164710383862257,0.10141843557357788,0.001,1.9759181249974063
2731,0.002907864283770323,0.1373736411333084,0.001,1.8583399999915855
2732,0.0030743845272809267,0.09698823094367981,0.001,1.9198448750103125
2733,0.0025644730776548386,0.11594222486019135,0.001,1.931525124993641
2734,0.0034021870233118534,0.1272822469472885,0.001,2.0369491660094354
2735,0.0026859405916184187,0.0838685929775238,0.001,1.8873364580067573
2736,0.002892759395763278,0.0784590020775795,0.001,1.928084833009052
2737,0.0031921465415507555,0.1277131736278534,0.001,1.8622995840123622
2738,0.002813387429341674,0.07517817616462708,0.001,1.9484661669994239
2739,0.0029987304005771875,0.10375023633241653,0.001,1.9826227500016103
2740,0.003007032908499241,0.13502651453018188,0.001,1.9328040420077741
2741,0.002691744128242135,0.09771722555160522,0.001,1.9373538329964504
2742,0.00282511068508029,0.07760196179151535,0.001,1.9134334169939393
2743,0.002903955988585949,0.07930541783571243,0.001,1.892287375012529
2744,0.002845524810254574,0.09361222386360168,0.001,1.9937195840029744
2745,0.002918862970545888,0.11882633715867996,0.001,1.9096659159986302
2746,0.003152912249788642,0.08504176139831543,0.001,1.9552565000049071
2747,0.002983328653499484,0.09441757202148438,0.001,1.8815876669978024
2748,0.003211352974176407,0.11468195170164108,0.001,1.8504547500051558
2749,0.0028566946275532246,0.12165602296590805,0.001,2.1256615839956794
2750,0.0028075994923710823,0.1052355244755745,0.001,1.995073083002353
2751,0.0027781412936747074,0.1026192232966423,0.001,1.9533322079951176
2752,0.002885125344619155,0.08753738552331924,0.001,1.9121495829895139
2753,0.002532500773668289,0.05990032106637955,0.001,1.8780035829986446
2754,0.0027807457372546196,0.10539298504590988,0.001,1.9582794169982662
2755,0.002941491547971964,0.10532868653535843,0.001,1.9365519169950858
2756,0.0032508696895092726,0.14740151166915894,0.001,1.9123087079933612
2757,0.0027387088630348444,0.10315040498971939,0.001,1.9419320829911157
2758,0.002914751647040248,0.1258021593093872,0.001,1.8583279159938684
2759,0.003001686418429017,0.12015574425458908,0.001,1.9567962500004796
2760,0.0026173654478043318,0.14573520421981812,0.001,2.0007937920017866
2761,0.002859547035768628,0.11214885860681534,0.001,1.9010816249938216
2762,0.002967964857816696,0.13372205197811127,0.001,1.8889357079897309
2763,0.0027428369503468275,0.09178170561790466,0.001,1.9955579999950714
2764,0.0025360279250890017,0.0953647717833519,0.001,1.9014416669961065
2765,0.0030240295454859734,0.0965823233127594,0.001,1.924486292002257
2766,0.0026102636475116014,0.11120741814374924,0.001,1.9974432500021067
2767,0.0030633483547717333,0.11854804307222366,0.001,1.964806583011523
2768,0.0030742045491933823,0.1358797550201416,0.001,1.8760994580079569
2769,0.0028929838445037603,0.0654856413602829,0.001,1.9388691670028493
2770,0.0025805432815104723,0.04456280916929245,0.001,1.9044562919880264
2771,0.003159819170832634,0.09867136925458908,0.001,1.947262250003405
2772,0.0025476310402154922,0.10732488334178925,0.001,2.0753623749915278
2773,0.0028323624283075333,0.08471742272377014,0.001,1.9360376249969704
2774,0.0029156028758734465,0.08562678843736649,0.001,1.9185877920099301
2775,0.003267528722062707,0.07598452270030975,0.001,1.9851718340069056
2776,0.0029948714654892683,0.1249026358127594,0.001,1.9426350000139792
2777,0.0027966860216110945,0.0839981660246849,0.001,1.9708727920078672
2778,0.002728483872488141,0.09576631337404251,0.001,1.9165787500096485
2779,0.0027484516613185406,0.07843619585037231,0.001,1.8523918749997392
2780,0.0025549866259098053,0.08824329823255539,0.001,1.9600059169897577
2781,0.0025759474374353886,0.09119318425655365,0.001,1.9784812500001863
2782,0.0027072119992226362,0.12396745383739471,0.001,1.9023898750019725
2783,0.002652582013979554,0.06723710894584656,0.001,1.858312249998562
2784,0.002678946126252413,0.07658408582210541,0.001,2.0396427499945275
2785,0.0028204310219734907,0.10502568632364273,0.001,1.9087943750055274
2786,0.0027753054164350033,0.10531865060329437,0.001,1.938406292014406
2787,0.0031203008256852627,0.08915357291698456,0.001,2.003447957991739
2788,0.003192067379131913,0.11156962811946869,0.001,1.9506344580004225
2789,0.003022490069270134,0.08806756138801575,0.001,1.8956414580025012
2790,0.0028464379720389843,0.1296965479850769,0.001,1.9290470420091879
2791,0.002846313640475273,0.11003153026103973,0.001,1.9765597920049913
2792,0.0026848125271499157,0.10527873039245605,0.001,1.9197227919939905
2793,0.0026361290365457535,0.07651470601558685,0.001,1.9275855829910142
2794,0.002784325974062085,0.1509682536125183,0.001,1.8547770839941222
2795,0.002857415471225977,0.11376267671585083,0.001,2.0004046249960084
2796,0.002869271207600832,0.11498501896858215,0.001,1.9995562920084922
2797,0.00268873805180192,0.06873884052038193,0.001,1.982326124998508
2798,0.0027871911879628897,0.06516429781913757,0.001,1.8906975839927327
2799,0.00258149323053658,0.09741450101137161,0.001,1.885144333995413
2800,0.0030301075894385576,0.1612156629562378,0.001,1.8958206250099465
2801,0.0023337823804467916,0.09697705507278442,0.001,1.9196538329997566
2802,0.0029283941257745028,0.12609323859214783,0.001,2.1724991660012165
2803,0.002612487878650427,0.09469202160835266,0.001,1.909333792005782
2804,0.0029616006650030613,0.1227150708436966,0.001,1.8785219999990659
2805,0.002780964132398367,0.08606076240539551,0.001,2.0678617089870386
2806,0.0029552369378507137,0.09695262461900711,0.001,2.0184421250014566
2807,0.002705574734136462,0.08399728685617447,0.001,1.9891638340050122
2808,0.0030572828836739063,0.08957969397306442,0.001,1.9850823750020936
2809,0.003034720430150628,0.07991393655538559,0.001,1.8575061249866849
2810,0.0025868210941553116,0.08798247575759888,0.001,1.8813498749950668
2811,0.0029323433991521597,0.08393815904855728,0.001,2.016526667008293
2812,0.0021160158794373274,0.05971915274858475,0.001,1.92816558299819
2813,0.003072695806622505,0.06717037409543991,0.001,1.9204001250036526
2814,0.0028041652403771877,0.07412731647491455,0.001,1.933490333991358
2815,0.002941711340099573,0.061969418078660965,0.001,1.9193636670097476
2816,0.0028320562560111284,0.07204395532608032,0.001,2.0730835829890566
2817,0.003064119489863515,0.09702445566654205,0.001,2.017261958011659
2818,0.0026200679130852222,0.09493860602378845,0.001,1.9497143330081599
2819,0.0028349675703793764,0.07182161509990692,0.001,1.8695481670001755
2820,0.003036786336451769,0.09857535362243652,0.001,1.87299120798707
2821,0.0026662484742701054,0.04843762144446373,0.001,1.9803392089961562
2822,0.0029350239783525467,0.091307133436203,0.001,1.9518453750060871
2823,0.0025090270210057497,0.06839708983898163,0.001,2.0195238750020508
2824,0.0029310216195881367,0.11968501657247543,0.001,1.9840402499976335
2825,0.0026505482383072376,0.07026366889476776,0.001,1.944311083003413
2826,0.0030038240365684032,0.09157223999500275,0.001,2.0340660420042695
2827,0.00260532577522099,0.08491746336221695,0.001,2.0169331669894746
2828,0.002516216365620494,0.11499951779842377,0.001,2.02874266699655
2829,0.0027886275202035904,0.1375551074743271,0.001,1.9096088750084164
2830,0.0027426329907029867,0.12473177909851074,0.001,1.851554540990037
2831,0.002568658208474517,0.09182600677013397,0.001,1.9300297919980949
2832,0.0028600930236279964,0.06586537510156631,0.001,2.0277174590009963
2833,0.0025926532689481974,0.09284384548664093,0.001,2.240578041994013
2834,0.0030595913995057344,0.07022443413734436,0.001,1.8950089999998454
2835,0.002560538472607732,0.0790555328130722,0.001,1.9442825830046786
2836,0.0028780519496649504,0.12563791871070862,0.001,1.8884991250088206
2837,0.003137745428830385,0.0868760496377945,0.001,2.0678698750125477
2838,0.002820399822667241,0.04636579379439354,0.001,2.068816125000012
2839,0.003161163767799735,0.09717952460050583,0.001,1.8866592919948744
2840,0.0027856966480612755,0.09530061483383179,0.001,1.8938388329988811
2841,0.0029475525952875614,0.0935778096318245,0.001,1.87514958299289
2842,0.0027608503587543964,0.11305275559425354,0.001,2.114172375004273
2843,0.0029002041555941105,0.10957013815641403,0.001,1.9445526250055991
2844,0.0025995776522904634,0.09447736293077469,0.001,1.9666042500030017
2845,0.0027975875418633223,0.08305797725915909,0.001,1.908811417000834
2846,0.0026936642825603485,0.12727130949497223,0.001,1.984148624993395
2847,0.002878134837374091,0.08279173821210861,0.001,1.9328687920060474
2848,0.002754337154328823,0.14830078184604645,0.001,2.2044777080009226
2849,0.0028888965025544167,0.14718899130821228,0.001,1.8736867919942597
2850,0.0025542161893099546,0.07509616017341614,0.001,1.98984783400374
2851,0.0029840676579624414,0.11933927983045578,0.001,1.864759000003687
2852,0.003006621263921261,0.1467496156692505,0.001,2.0753164170018863
2853,0.0027821047697216272,0.1096281185746193,0.001,2.0160955419996753
2854,0.0025884066708385944,0.1532394140958786,0.001,1.9112385839980561
2855,0.0033279990311712027,0.1298893839120865,0.001,1.8768297920032637
2856,0.0030194588471204042,0.14335274696350098,0.001,1.9363655420020223
2857,0.0026930205058306456,0.14225934445858002,0.001,1.9460260000050766
2858,0.0025113867595791817,0.12956096231937408,0.001,2.0446130000054836
2859,0.0028121282812207937,0.07320322841405869,0.001,2.008904625006835
2860,0.0032601458951830864,0.10424493253231049,0.001,1.8641703339962987
2861,0.002871639793738723,0.0963703840970993,0.001,2.033511165995151
2862,0.003051751758903265,0.08930595964193344,0.001,2.645558958000038
2863,0.0025841996539384127,0.10706045478582382,0.001,2.065097041995614
2864,0.003039396833628416,0.08635426312685013,0.001,2.244006665991037
2865,0.002523403614759445,0.08548349142074585,0.001,2.006070165996789
2866,0.0030784402042627335,0.1092081069946289,0.001,1.9482521250029095
2867,0.002927432069554925,0.10202430933713913,0.001,2.0306043330056127
2868,0.0025618565268814564,0.09485255181789398,0.001,2.0125056249962654
2869,0.0027487650513648987,0.09047657251358032,0.001,1.9999165829940466
2870,0.002726096659898758,0.06983257830142975,0.001,1.8872716249898076
2871,0.0031487084925174713,0.08696531504392624,0.001,1.939727374992799
2872,0.0030320039950311184,0.09903896600008011,0.001,1.937425208001514
2873,0.0028271025512367487,0.1229839101433754,0.001,2.02887045800162
2874,0.002559402259066701,0.14513055980205536,0.001,1.9594989589968463
2875,0.0028192014433443546,0.12306248396635056,0.001,1.86964537500171
2876,0.002824821276590228,0.13534513115882874,0.001,1.895296041999245
2877,0.0028500237967818975,0.05644256994128227,0.001,2.0493918330030283
2878,0.0028343931771814823,0.0889323428273201,0.001,1.96866341700661
2879,0.002879779553040862,0.13901084661483765,0.001,2.074783792006201
2880,0.0028347517363727093,0.10824286937713623,0.001,1.9394165000121575
2881,0.0026592290960252285,0.08482620120048523,0.001,1.8712427080026828
2882,0.002480200957506895,0.06799275428056717,0.001,1.9491642089997185
2883,0.002879464766010642,0.06874698400497437,0.001,1.983451584004797
2884,0.002872358774766326,0.07356821000576019,0.001,1.941832083000918
2885,0.0023689474910497665,0.0887596383690834,0.001,1.876329666993115
2886,0.0026879687793552876,0.07547950744628906,0.001,1.9773743330006255
2887,0.0027154404670000076,0.08244682848453522,0.001,1.9189713750092778
2888,0.002963070757687092,0.10012777149677277,0.001,1.9562624579994008
2889,0.0027182563208043575,0.13041536509990692,0.001,2.043943416007096
2890,0.002914566546678543,0.10788024961948395,0.001,1.9011453749990324
2891,0.002825296251103282,0.11315971612930298,0.001,1.9256355830002576
2892,0.002637420082464814,0.1061139926314354,0.001,1.8943434579996392
2893,0.0030333981849253178,0.11950868368148804,0.001,1.9412170829891693
2894,0.0027750914450734854,0.1505511999130249,0.001,1.9937121659895638
2895,0.0031841446179896593,0.11646386235952377,0.001,1.9923290419974364
2896,0.002832096302881837,0.16145840287208557,0.001,1.8523216670000693
2897,0.0028210438322275877,0.07727696746587753,0.001,2.0071959160122788
2898,0.002964634448289871,0.052776921540498734,0.001,1.9283774999930756
2899,0.0028686891309916973,0.06921664625406265,0.001,1.9362350419978611
2900,0.0025578003842383623,0.06687433272600174,0.001,2.072620667007868
2901,0.002714339643716812,0.08803924918174744,0.001,1.8909557910083095
2902,0.0029417918995022774,0.06621633470058441,0.001,1.867451041995082
2903,0.0030654282309114933,0.11921316385269165,0.001,2.094024209000054
2904,0.0027611213736236095,0.10024723410606384,0.001,1.9306956670043292
2905,0.0023940401151776314,0.10920501500368118,0.001,1.92870779200166
2906,0.0029523037374019623,0.10510295629501343,0.001,1.9585754169966094
2907,0.0028455175925046206,0.06240353360772133,0.001,1.9300077499938197
2908,0.0027774509508162737,0.11958625167608261,0.001,1.963948332995642
2909,0.003223147476091981,0.11262912303209305,0.001,2.122074416009127
2910,0.0029218033887445927,0.0993780642747879,0.001,1.882303749996936
2911,0.0028110300190746784,0.0760340541601181,0.001,1.9507783749868395
2912,0.0025900290347635746,0.08513127267360687,0.001,1.9783312079962343
2913,0.0028235232457518578,0.0896235778927803,0.001,1.9424052920076065
2914,0.002318181563168764,0.1673591136932373,0.001,1.9355457909987308
2915,0.0028512864373624325,0.07884378731250763,0.001,1.9073621249990538
2916,0.0029986845329403877,0.10480558127164841,0.001,2.0097031659970526
2917,0.002937744837254286,0.09306787699460983,0.001,1.8586705420020735
2918,0.002770037390291691,0.11299799382686615,0.001,1.9158995000034338
2919,0.0026681439485400915,0.11414601653814316,0.001,1.9201807920035208
2920,0.00301723531447351,0.0981660783290863,0.001,1.9884920839976985
2921,0.0027137708384543657,0.10793978720903397,0.001,1.8592172079952434
2922,0.002970803529024124,0.12350659817457199,0.001,1.9467236659984337
2923,0.0031051456462591887,0.0845235213637352,0.001,1.8995810000051279
2924,0.0026822048239409924,0.10687589645385742,0.001,1.988653542008251
2925,0.0030170383397489786,0.12454214692115784,0.001,1.9850205419934355
2926,0.00248671043664217,0.10931581258773804,0.001,1.9184773749875603
2927,0.0028497730381786823,0.12529848515987396,0.001,1.9025095000106376
2928,0.0028303780127316713,0.10248401761054993,0.001,1.9673450419941219
2929,0.0026572556234896183,0.11153890937566757,0.001,2.0532865410059458
2930,0.002762364922091365,0.08170988410711288,0.001,1.9555644580104854
2931,0.0029146322049200535,0.08734425157308578,0.001,2.073588416998973
2932,0.0030118022114038467,0.07755076885223389,0.001,2.003903375007212
2933,0.002778001595288515,0.15176595747470856,0.001,1.920367124999757
2934,0.0031718844547867775,0.08166389167308807,0.001,2.0053954159957357
2935,0.0027143475599586964,0.10383913666009903,0.001,1.9364120840036776
2936,0.003121516900137067,0.081267811357975,0.001,1.9186596250074217
2937,0.0024393214844167233,0.06416032463312149,0.001,1.9237738750089193
2938,0.002835297491401434,0.1131247952580452,0.001,1.8842798750119982
2939,0.0029357022140175104,0.07296347618103027,0.001,1.9613422080001328
2940,0.002961506135761738,0.06368918716907501,0.001,1.9892815409984905
2941,0.0029911333695054054,0.06848663836717606,0.001,1.9650148749933578
2942,0.002693457528948784,0.07972851395606995,0.001,1.891104958995129
2943,0.0027914433740079403,0.06675676256418228,0.001,2.003260416997364
2944,0.0026529673486948013,0.11463908106088638,0.001,1.9422103749966482
2945,0.002894169185310602,0.0669424757361412,0.001,1.9964547499985201
2946,0.0026391425635665655,0.024511778727173805,0.001,1.976348791999044
2947,0.0029990619514137506,0.11213477700948715,0.001,1.8729745830059983
2948,0.0026207324117422104,0.07506757974624634,0.001,1.9032978750037728
2949,0.0029037296772003174,0.08294718712568283,0.001,1.9096512499963865
2950,0.002820753725245595,0.10314959287643433,0.001,2.0326654160016915
2951,0.0026443973183631897,0.08785372227430344,0.001,1.9805605000001378
2952,0.0026236148551106453,0.15624754130840302,0.001,1.930871707998449
2953,0.00255700945854187,0.10575246065855026,0.001,1.9255947089986876
2954,0.0027990350499749184,0.09563835710287094,0.001,1.9388275839883136
2955,0.0027865793090313673,0.09926167875528336,0.001,2.1456489589909324
2956,0.002838474465534091,0.08866383135318756,0.001,1.942350749988691
2957,0.002987878629937768,0.08407662808895111,0.001,1.9008240830007708
2958,0.002734259469434619,0.08010288327932358,0.001,1.9356274169986136
2959,0.00264244107529521,0.11587213724851608,0.001,1.8890475840016734
2960,0.0029743132181465626,0.13954967260360718,0.001,1.9911390420020325
2961,0.0028836047276854515,0.07121157646179199,0.001,2.0121431659936206
2962,0.002505484502762556,0.06508053094148636,0.001,1.8865455829945859
2963,0.0030274256132543087,0.1333826631307602,0.001,1.9055347919929773
2964,0.0032040441874414682,0.056493841111660004,0.001,2.1176305410044733
2965,0.0026356324087828398,0.11916738748550415,0.001,1.933080583010451
2966,0.002861147280782461,0.16166658699512482,0.001,1.9540382910054177
2967,0.003148601157590747,0.1413879245519638,0.001,1.9488156250008615
2968,0.002942578634247184,0.13867421448230743,0.001,1.8623809170094319
2969,0.003069728845730424,0.09480681270360947,0.001,1.9055770830018446
2970,0.0026702540926635265,0.12526820600032806,0.001,2.020261166995624
2971,0.002886755159124732,0.07929260283708572,0.001,1.9529352920071688
2972,0.003163338406011462,0.08341377973556519,0.001,1.9949625829904107
2973,0.0026033218018710613,0.11744751036167145,0.001,1.921331958990777
2974,0.0028524715453386307,0.10207941383123398,0.001,1.8844555839896202
2975,0.00267322501167655,0.09336099028587341,0.001,2.0141283749981085
2976,0.002726577688008547,0.13520872592926025,0.001,2.0509813749958994
2977,0.002943208673968911,0.09270291775465012,0.001,1.9174399170005927
2978,0.002712719142436981,0.16118888556957245,0.001,1.8907008329988457
2979,0.0028299386613070965,0.09360170364379883,0.001,1.945307000001776
2980,0.00280249142087996,0.09174463897943497,0.001,1.9211394579906482
2981,0.0027292713057249784,0.07052264362573624,0.001,2.020777208992513
2982,0.003081657225266099,0.11330544203519821,0.001,1.940955332989688
2983,0.0024910157080739737,0.13506102561950684,0.001,1.9317187910055509
2984,0.0028935885056853294,0.08528583496809006,0.001,1.8704188340052497
2985,0.002800506306812167,0.06083037331700325,0.001,2.1903030410030624
2986,0.0029124778229743242,0.14024750888347626,0.001,2.2066329999943264
2987,0.002714411122724414,0.09257844090461731,0.001,1.9965710409887834
2988,0.0024295963812619448,0.0796293243765831,0.001,1.9658296249981504
2989,0.0025502368807792664,0.07242143154144287,0.001,1.8749712080025347
2990,0.0027778828516602516,0.07933353632688522,0.001,1.9374783329985803
2991,0.0025414288975298405,0.1368398368358612,0.001,2.024364541997784
2992,0.0030804628040641546,0.10463346540927887,0.001,1.9371847079892177
2993,0.0031634310726076365,0.16128692030906677,0.001,1.918248208006844
2994,0.0026804946828633547,0.10239358991384506,0.001,1.9510906660143519
2995,0.0025886809453368187,0.09182682633399963,0.001,1.909890125010861
2996,0.0025142384693026543,0.07208547741174698,0.001,2.1366355829959502
2997,0.0029446107801049948,0.08966457098722458,0.001,2.1310793750017183
2998,0.0031654878985136747,0.09519010037183762,0.001,1.9447152919892687
2999,0.0029216131661087275,0.07055957615375519,0.001,1.9479469999932917
3000,0.0027046187315136194,0.1067621111869812,0.001,2.1035418329993263
3001,0.0026260942686349154,0.09155277162790298,0.001,2.094247583008837
3002,0.0024802235420793295,0.13046294450759888,0.001,2.4454205840011127
3003,0.0025847831275314093,0.143662691116333,0.001,2.1742072500055656
3004,0.002740907948464155,0.08665864914655685,0.001,2.5135624579997966
3005,0.002714805770665407,0.10050901025533676,0.001,2.2027919590036618
3006,0.0025850727688521147,0.0663367360830307,0.001,2.070598249993054
3007,0.002733479021117091,0.09030554443597794,0.001,2.2113089170015883
3008,0.002632126212120056,0.1043354943394661,0.001,2.201049041002989
3009,0.0029397134203463793,0.10617417842149734,0.001,2.3640982500073733
3010,0.0028210156597197056,0.1076098382472992,0.001,2.1128403330076253
3011,0.0028609081637114286,0.1010478287935257,0.001,2.212053749986808
3012,0.0030604861676692963,0.20208802819252014,0.001,2.43026291699789
3013,0.002889120252802968,0.11286597698926926,0.001,2.058681709007942
3014,0.00305160298012197,0.13659994304180145,0.001,2.3394560419983463
3015,0.0024363200645893812,0.12755542993545532,0.001,2.53701087499212
3016,0.0028499870095402002,0.0982324406504631,0.001,2.287799083002028
3017,0.002556662308052182,0.1275230199098587,0.001,2.2283369999931892
3018,0.002429540269076824,0.07114384323358536,0.001,2.1019235409912653
3019,0.0025248443707823753,0.06585850566625595,0.001,2.0723507500078995
3020,0.0027267809491604567,0.10138382762670517,0.001,1.988125082993065
3021,0.002748424420133233,0.12926346063613892,0.001,2.1124758749938337
3022,0.0026989488396793604,0.09607533365488052,0.001,2.185921040989342
3023,0.002861503977328539,0.13036787509918213,0.001,1.9831027920008637
3024,0.0027589011006057262,0.08500289171934128,0.001,2.00374808399647
3025,0.002606754656881094,0.07315031439065933,0.001,2.0309762499964563
3026,0.002798917004838586,0.08785336464643478,0.001,2.1010588750068564
3027,0.0027668513357639313,0.09704699367284775,0.001,2.181927916011773
3028,0.002602092921733856,0.09469636529684067,0.001,2.341224540999974
3029,0.002775191329419613,0.0912984311580658,0.001,2.256728916996508
3030,0.002748450031504035,0.0832563266158104,0.001,2.1303546670096694
3031,0.0023343574721366167,0.10218702256679535,0.001,2.380516416989849
3032,0.0028009347151964903,0.10734421014785767,0.001,2.7321097920066677
3033,0.002751624910160899,0.11860081553459167,0.001,2.1455234580062097
3034,0.0025299820117652416,0.07062246650457382,0.001,2.2593347920046654
3035,0.002903739223256707,0.10586298257112503,0.001,2.2259934159956174
3036,0.002798024332150817,0.049274832010269165,0.001,2.6724526250036433
3037,0.00309718307107687,0.14951041340827942,0.001,2.0134747499978403
3038,0.0029212383087724447,0.03962397947907448,0.001,1.8483476669935044
3039,0.002914570737630129,0.11659860610961914,0.001,1.9286994580033934
3040,0.003129110438749194,0.09982023388147354,0.001,1.9151675830071326
3041,0.0029513146728277206,0.0896812379360199,0.001,2.1499310829967726
3042,0.00260364287532866,0.1145152822136879,0.001,3.047687708007288
3043,0.002757097128778696,0.10707519948482513,0.001,2.4029530409898143
3044,0.002596888691186905,0.06088489666581154,0.001,1.811008499993477
3045,0.0025620742235332727,0.09122015535831451,0.001,1.8553920420090435
3046,0.002650466514751315,0.07837685942649841,0.001,1.7833668329985812
3047,0.002751931780949235,0.09427458047866821,0.001,1.7666170830052579
3048,0.0027883052825927734,0.10840213298797607,0.001,1.78819433299941
3049,0.0029575307853519917,0.10038136690855026,0.001,1.8626516660006018
3050,0.0028227667789906263,0.10821027308702469,0.001,1.7839195839915192
3051,0.0029765020590275526,0.10736904293298721,0.001,1.782199291003053
3052,0.002619593171402812,0.07897765934467316,0.001,1.875289999996312
3053,0.003107176162302494,0.08482153713703156,0.001,1.7723110829974758
3054,0.002685758052393794,0.08576612174510956,0.001,1.8137084580084775
3055,0.0027869066689163446,0.13327741622924805,0.001,1.9063837919966318
3056,0.002522167982533574,0.08539161831140518,0.001,1.7736290419998113
3057,0.0024615584407001734,0.12664856016635895,0.001,1.8084472499904223
3058,0.002584279514849186,0.07533049583435059,0.001,2.3498032499919645
3059,0.0030022617429494858,0.08864612132310867,0.001,2.039124916002038
3060,0.002992524765431881,0.11057603359222412,0.001,1.9312051669985522
3061,0.0028338422998785973,0.12248904258012772,0.001,2.11927291599568
3062,0.002861514687538147,0.103224016726017,0.001,1.9564553329983028
3063,0.0028472612611949444,0.09839771687984467,0.001,1.9711327499971958
3064,0.002743885386735201,0.08845139294862747,0.001,2.0304576250055106
3065,0.002702816156670451,0.090765580534935,0.001,1.9238176660001045
3066,0.002747673075646162,0.07396242767572403,0.001,2.0801007080008276
3067,0.0025817370042204857,0.09107470512390137,0.001,2.18332791600551
3068,0.002774911466985941,0.09860475361347198,0.001,1.9100177080108551
3069,0.0026821137871593237,0.11023593693971634,0.001,1.899987584009068
3070,0.0030206036753952503,0.0633564367890358,0.001,1.9931521660037106
3071,0.002561755245551467,0.08025366812944412,0.001,1.9780878750025295
3072,0.002701666671782732,0.11581540107727051,0.001,1.9799802909983555
3073,0.002513740211725235,0.08399783819913864,0.001,2.0031728339963593
3074,0.0025380344595760107,0.07214466482400894,0.001,1.9856091249966994
3075,0.002733867848291993,0.07932981848716736,0.001,1.9173233750043437
3076,0.0028533469885587692,0.09248799830675125,0.001,1.9296340829896508
3077,0.00281151058152318,0.1296825110912323,0.001,2.0253429589938605
3078,0.0028638141229748726,0.0965222492814064,0.001,2.0228022919909563
3079,0.002798197092488408,0.07287698984146118,0.001,2.0915250000107335
3080,0.002648737980052829,0.08114216476678848,0.001,1.890690291998908
3081,0.002425335580483079,0.1293957680463791,0.001,1.8988747080002213
3082,0.0027368024457246065,0.07648442685604095,0.001,2.18385624999064
3083,0.0028416519053280354,0.12732206284999847,0.001,1.945858874998521
3084,0.0028810673393309116,0.09881062805652618,0.001,1.9746932499983814
3085,0.0025741588324308395,0.06709221005439758,0.001,2.135760917008156
3086,0.0029134892392903566,0.064002126455307,0.001,1.886066666993429
3087,0.0028478549793362617,0.150398850440979,0.001,2.028953917004401
3088,0.0027410690672695637,0.11345057934522629,0.001,2.1500751659914386
3089,0.0029258832801133394,0.09155453741550446,0.001,1.9500487500044983
3090,0.0025369049981236458,0.084844671189785,0.001,1.8870628330041654
3091,0.0030448760371655226,0.09089526534080505,0.001,1.9419948750000913
3092,0.0027702536899596453,0.08647018671035767,0.001,2.043926707992796
3093,0.0027413296047598124,0.07482800632715225,0.001,2.235426625004038
3094,0.0028165262192487717,0.13084369897842407,0.001,1.9940089580049971
3095,0.0029101662803441286,0.11510813236236572,0.001,1.858505291005713
3096,0.0028666825965046883,0.08633583039045334,0.001,1.9006475409987615
3097,0.0027110320515930653,0.10221727937459946,0.001,2.08579766699404
3098,0.002688312204554677,0.15379486978054047,0.001,1.9742168330121785
3099,0.0027513348031789064,0.05181899666786194,0.001,1.9752801670110784
3100,0.0027271045837551355,0.11976587772369385,0.001,2.0481241670058807
3101,0.0027833038475364447,0.08058039844036102,0.001,1.8805925829947228
3102,0.0025901442859321833,0.11132275313138962,0.001,1.923142707993975
3103,0.002711256965994835,0.1272873878479004,0.001,2.005746667011408
3104,0.002509440528228879,0.11231401562690735,0.001,1.9630325420002919
3105,0.002456462709233165,0.10817994922399521,0.001,1.894569166994188
3106,0.0030731665901839733,0.08478792756795883,0.001,1.9564238750026561
3107,0.002755822381004691,0.12124079465866089,0.001,1.900191166991135
3108,0.0028335268143564463,0.10277807712554932,0.001,2.0559491659951163
3109,0.002719055162742734,0.10493241995573044,0.001,2.0177816249924945
3110,0.0029687569476664066,0.10470197349786758,0.001,1.9200152910052566
3111,0.002938574645668268,0.12229787558317184,0.001,1.8980325000011362
3112,0.0026669511571526527,0.0635068491101265,0.001,2.0368045829964103
3113,0.002757415408268571,0.06909261643886566,0.001,1.98190166700806
3114,0.0028317293617874384,0.12206156551837921,0.001,1.958520000000135
3115,0.002729764673858881,0.08649317175149918,0.001,1.9981400000106078
3116,0.002802677685394883,0.11643006652593613,0.001,2.095148791995598
3117,0.002488168654963374,0.09593850374221802,0.001,1.9080087909969734
3118,0.0027982958126813173,0.1081288605928421,0.001,2.155923291997169
3119,0.0027733687311410904,0.09684649109840393,0.001,2.1276209589996142
3120,0.0022954908199608326,0.11102553457021713,0.001,1.948908834005124
3121,0.0026511892210692167,0.07245248556137085,0.001,1.8963711660035187
3122,0.0027124423068016768,0.14484038949012756,0.001,1.9539878750074422
3123,0.0025902632623910904,0.13279177248477936,0.001,1.9556345000019064
3124,0.0030594440177083015,0.10746154189109802,0.001,2.0004305000038585
3125,0.0026198779232800007,0.06614042818546295,0.001,2.158763250001357
3126,0.0026170755736529827,0.07028898596763611,0.001,1.872772167000221
3127,0.002443992765620351,0.05371344834566116,0.001,1.9353854159999173
3128,0.002817449625581503,0.07843156158924103,0.001,2.055877082995721
3129,0.0030480902642011642,0.10913748294115067,0.001,2.125276083999779
3130,0.0024152861442416906,0.06584307551383972,0.001,2.0093103330000304
3131,0.002590017393231392,0.10008654743432999,0.001,1.9471927499980666
3132,0.0027334026526659727,0.06368927657604218,0.001,1.8610212499916088
3133,0.0027480111457407475,0.06850272417068481,0.001,1.9676802500034682
3134,0.0028308082837611437,0.13348321616649628,0.001,2.0509232500044163
3135,0.002652070950716734,0.08181918412446976,0.001,1.9276533329975791
3136,0.0024748186115175486,0.07762322574853897,0.001,1.9138803749956423
3137,0.0026116122025996447,0.06689050048589706,0.001,1.9506607499934034
3138,0.0027090171352028847,0.08589503169059753,0.001,1.9223144159914227
3139,0.002751431195065379,0.11707881838083267,0.001,1.9753867500112392
3140,0.002324724104255438,0.07169434428215027,0.001,2.148929125003633
3141,0.002646212698891759,0.11791638284921646,0.001,1.933533332994557
3142,0.0025680626276880503,0.06867179274559021,0.001,1.8595839159970637
3143,0.002951486734673381,0.11535678803920746,0.001,1.9203583749913378
3144,0.002603008411824703,0.1614900380373001,0.001,1.9375543750065845
3145,0.0025856387801468372,0.06995891779661179,0.001,2.0556004590034718
3146,0.0027999647427350283,0.10600493848323822,0.001,1.8948614169930806
3147,0.00283323647454381,0.07533160597085953,0.001,1.8974411669914844
3148,0.002852987265214324,0.08095042407512665,0.001,1.9929482500010636
3149,0.0032018006313592196,0.14546188712120056,0.001,1.9422307500062743
3150,0.0028033058624714613,0.09385797381401062,0.001,2.192697708000196
3151,0.0028165129479020834,0.07202410697937012,0.001,1.984285667000222
3152,0.0027569641824811697,0.06440731137990952,0.001,1.8841167079954175
3153,0.002863741246983409,0.06846998631954193,0.001,1.9593758749979315
3154,0.002879892708733678,0.11583857983350754,0.001,1.9972739169897977
3155,0.0026616270188242197,0.0796021819114685,0.001,1.9757902909914264
3156,0.0026619592681527138,0.10638069361448288,0.001,1.884167291005724
3157,0.0028808042407035828,0.10549243539571762,0.001,1.9957227499980945
3158,0.003027738770470023,0.10853006690740585,0.001,1.909693708003033
3159,0.002946546534076333,0.10275645554065704,0.001,1.9890092499990715
3160,0.002831796882674098,0.1408233642578125,0.001,2.0486876670038328
3161,0.0027493799570947886,0.09092182666063309,0.001,2.0592407090007327
3162,0.002698209835216403,0.1107873022556305,0.001,1.8783823330013547
3163,0.0027567660436034203,0.13123805820941925,0.001,2.018209583009593
3164,0.0028690360486507416,0.09486725926399231,0.001,1.9378065839991905
3165,0.0029425504617393017,0.14751406013965607,0.001,2.1590833340014797
3166,0.002858855063095689,0.13689318299293518,0.001,2.1109790000045905
3167,0.0027207171078771353,0.09791264683008194,0.001,1.8887632499972824
3168,0.0030302200466394424,0.09775041043758392,0.001,1.89075579099881
3169,0.0026759791653603315,0.1016056090593338,0.001,2.032120000003488
3170,0.002729087835177779,0.07714934647083282,0.001,2.0196344169962686
3171,0.002570562530308962,0.07438530027866364,0.001,1.9923137919977307
3172,0.002718174597248435,0.10382892936468124,0.001,2.0159105000057025
3173,0.00254231714643538,0.08493786305189133,0.001,1.8719583750062156
3174,0.002870240481570363,0.11306659877300262,0.001,2.069398125007865
3175,0.0027658126782625914,0.11038694530725479,0.001,2.0338192920025904
3176,0.0026156622916460037,0.09782802313566208,0.001,1.9768421249900712
3177,0.0024432651698589325,0.058906570076942444,0.001,1.8726589580037398
3178,0.002774078631773591,0.13190364837646484,0.001,2.215569375010091
3179,0.0025432889815419912,0.09655337035655975,0.001,1.9682991660083644
3180,0.0027458646800369024,0.11049282550811768,0.001,1.9432163329911418
3181,0.002709275344386697,0.10091952979564667,0.001,2.105576125002699
3182,0.002864941954612732,0.10040035843849182,0.001,1.8960528329916997
3183,0.002484983066096902,0.10165733844041824,0.001,1.8551760830014246
3184,0.002511195605620742,0.07985703647136688,0.001,2.0833652500004973
3185,0.0027546377386897802,0.09794178605079651,0.001,2.1833008749963483
3186,0.002470914274454117,0.11527922004461288,0.001,2.0317555840010755
3187,0.002616035519167781,0.07140633463859558,0.001,2.1151801250089193
3188,0.002878496889024973,0.09467297047376633,0.001,1.8965180829982273
3189,0.0024295514449477196,0.051920175552368164,0.001,1.8854852079966804
3190,0.002623077714815736,0.07838046550750732,0.001,1.9327467090042774
3191,0.0030304579995572567,0.08029758185148239,0.001,2.0529666250076843
3192,0.0028966523241251707,0.11538151651620865,0.001,1.9576478749950184
3193,0.0029432508163154125,0.06216735392808914,0.001,2.0193174999876646
3194,0.0027480553835630417,0.06412720680236816,0.001,1.887986791000003
3195,0.002475776942446828,0.1012466698884964,0.001,1.9242154999956256
3196,0.002338348887860775,0.11943063139915466,0.001,2.0819681669963757
3197,0.0025088791735470295,0.08351043611764908,0.001,1.9614459579897812
3198,0.002715271431952715,0.11597771942615509,0.001,1.9099273339961655
3199,0.002626969013363123,0.1426248699426651,0.001,1.9784339590114541
3200,0.002815017243847251,0.1368032544851303,0.001,1.886059500000556
3201,0.002625230001285672,0.1107838973402977,0.001,1.9892373330076225
3202,0.0029652665834873915,0.09283475577831268,0.001,2.021076292003272
3203,0.002685576444491744,0.13355223834514618,0.001,2.1501097500004107
3204,0.002672195667400956,0.10303133726119995,0.001,2.2048395830061054
3205,0.0025729688350111246,0.04746592417359352,0.001,2.119344416001695
3206,0.002794911153614521,0.08927774429321289,0.001,2.0294690000009723
3207,0.0028615582268685102,0.0716523826122284,0.001,1.9933544579980662
3208,0.0026290463283658028,0.12387627363204956,0.001,2.011982458003331
3209,0.0028225777205079794,0.08841666579246521,0.001,2.0748147500125924
3210,0.0023511808831244707,0.12623046338558197,0.001,1.92306958399422
3211,0.002662990940734744,0.08130590617656708,0.001,2.021354957993026
3212,0.002431609435006976,0.0896596610546112,0.001,1.9381943750049686
3213,0.003023509867489338,0.07967597991228104,0.001,1.8938211659988156
3214,0.002381868427619338,0.07233010977506638,0.001,1.994888458008063
3215,0.0028065103106200695,0.11034318059682846,0.001,1.9235330000083195
3216,0.0025808727368712425,0.07940466701984406,0.001,2.005223416010267
3217,0.0023795512970536947,0.08672129362821579,0.001,2.010872874991037
3218,0.0024836307857185602,0.08009995520114899,0.001,1.9311559589987155
3219,0.0028324525337666273,0.095746248960495,0.001,1.8634709999896586
3220,0.0024533828254789114,0.11317811161279678,0.001,1.9467487499932759
3221,0.0025165851693600416,0.055489011108875275,0.001,1.9335203750088112
3222,0.00271488050930202,0.08991842716932297,0.001,1.935474207988591
3223,0.002647325163707137,0.12177590280771255,0.001,2.053093708003871
3224,0.002696138573810458,0.11396484822034836,0.001,1.8717356249981094
3225,0.0028193288017064333,0.10043349117040634,0.001,1.8552631659986218
3226,0.00295694125816226,0.07737543433904648,0.001,2.057930209004553
3227,0.002977958880364895,0.08731865137815475,0.001,2.0128228339890484
3228,0.0028655570931732655,0.1258661150932312,0.001,1.9379129159933655
3229,0.002777554327622056,0.1182389110326767,0.001,2.017559332991368
3230,0.0028589798603206873,0.1571551412343979,0.001,1.8915020409913268
3231,0.002801762893795967,0.15307922661304474,0.001,1.9163799170055427
3232,0.002787529956549406,0.1037672683596611,0.001,2.0347612500045216
3233,0.003039914881810546,0.0907105803489685,0.001,1.9525372500065714
3234,0.0028451362159103155,0.12420658767223358,0.001,1.870174291994772
3235,0.0027357805520296097,0.061125487089157104,0.001,1.9827511250041425
3236,0.0028078488539904356,0.09509336948394775,0.001,1.8918227079993812
3237,0.002859862521290779,0.09840530902147293,0.001,2.166658166999696
3238,0.0030704515520483255,0.11586781591176987,0.001,2.0574521250091493
3239,0.0026733530685305595,0.09355670213699341,0.001,1.8879805420001503
3240,0.0027212488930672407,0.07896417379379272,0.001,1.8925071669946192
3241,0.0027905518654733896,0.10730413347482681,0.001,1.9446190829912666
3242,0.002604772336781025,0.10592816025018692,0.001,1.9370767079963116
3243,0.002640828490257263,0.10719985514879227,0.001,1.9240562499908265
3244,0.0025643976405262947,0.12452235817909241,0.001,2.040488707993063
3245,0.0027312920428812504,0.059631627053022385,0.001,1.8746191669924883
3246,0.0024892445653676987,0.07647616416215897,0.001,1.858060625003418
3247,0.0028813055250793695,0.10584209114313126,0.001,2.107839457996306
3248,0.002745905891060829,0.1116199716925621,0.001,2.0362219999951776
3249,0.00273254350759089,0.05926218256354332,0.001,1.9167744169972138
3250,0.0030452192295342684,0.12793411314487457,0.001,1.9607932090002578
3251,0.0028023733757436275,0.09592302143573761,0.001,1.8706946250022156
3252,0.0026413029991090298,0.0819500982761383,0.001,1.9664673750085058
3253,0.002740653231739998,0.09871821105480194,0.001,2.02592333398934
3254,0.0026706429198384285,0.08432075381278992,0.001,1.9106664589926368
3255,0.002684432314708829,0.13544529676437378,0.001,1.8465669169963803
3256,0.002750942250713706,0.07114746421575546,0.001,2.002407291001873
3257,0.00253798789344728,0.12218370288610458,0.001,1.9092897079972317
3258,0.002371356124058366,0.09394914656877518,0.001,2.075235791999148
3259,0.002630202565342188,0.10028848797082901,0.001,2.15971495800477
3260,0.002644004300236702,0.05599384009838104,0.001,2.0410977919964353
3261,0.0025981636717915535,0.12242309749126434,0.001,2.0358471250074217
3262,0.0025499912444502115,0.12747995555400848,0.001,1.9993435419892194
3263,0.002673298818990588,0.1354789137840271,0.001,1.9487268330121879
3264,0.0027611383702605963,0.16383153200149536,0.001,1.966718875002698
3265,0.0026732762344181538,0.11959102749824524,0.001,1.9620915839914232
3266,0.0026591988280415535,0.16123421490192413,0.001,1.8748209999903338
3267,0.0026407390832901,0.14748132228851318,0.001,2.074649749993114
3268,0.0027848936151713133,0.1258411556482315,0.001,2.139085457994952
3269,0.002412055153399706,0.06335709244012833,0.001,2.073424917005468
3270,0.002727656392380595,0.15347346663475037,0.001,1.9667114589974517
3271,0.0026461738161742687,0.05521778017282486,0.001,1.9443848329974571
3272,0.0025861107278615236,0.09039688110351562,0.001,2.012023124989355
3273,0.0020805220119655132,0.10042902082204819,0.001,1.9744658749987138
3274,0.0028348900377750397,0.12053857743740082,0.001,2.1305949999950826
3275,0.0026742976624518633,0.13693146407604218,0.001,1.9330223750002915
3276,0.0028377536218613386,0.11990150809288025,0.001,1.9496062500111293
3277,0.002551636891439557,0.1547786295413971,0.001,2.027099917002488
3278,0.0027877327520400286,0.11414284259080887,0.001,1.9674278750026133
3279,0.0026832132134586573,0.1336071491241455,0.001,2.0896347090019844
3280,0.0024011479690670967,0.09297020733356476,0.001,2.1625132499902975
3281,0.003068487625569105,0.08150728791952133,0.001,1.9085252920049243
3282,0.0027213674038648605,0.0897514671087265,0.001,1.942540916003054
3283,0.00243672844953835,0.12053470313549042,0.001,2.044429207991925
3284,0.002277789870277047,0.06443113833665848,0.001,1.9447163339937106
3285,0.0028221902903169394,0.12057316303253174,0.001,1.9259031249966938
3286,0.0027434106450527906,0.06394143402576447,0.001,1.9749645839910954
3287,0.002658325247466564,0.044499628245830536,0.001,1.8964031670038821
3288,0.0026433607563376427,0.0931113213300705,0.001,1.983427875005873
3289,0.0026380878407508135,0.099066361784935,0.001,2.127260416993522
3290,0.0024389096070080996,0.06548880785703659,0.001,2.099819833005313
3291,0.0027711112052202225,0.12002672255039215,0.001,1.9156232090026606
3292,0.0027748204302042723,0.14144884049892426,0.001,1.9525270420126617
3293,0.0022330342326313257,0.11306382715702057,0.001,1.9900432499998715
3294,0.002875811653211713,0.07954776287078857,0.001,1.9688687919988297
3295,0.00236144638620317,0.13074660301208496,0.001,1.9904902920097811
3296,0.0029322439804673195,0.16497090458869934,0.001,1.8761517500097398
3297,0.002906592795625329,0.11529619246721268,0.001,1.9435087080055382
3298,0.002926676068454981,0.1716267317533493,0.001,2.0285309579921886
3299,0.0028503460343927145,0.16488242149353027,0.001,1.960250582997105
3300,0.002808585064485669,0.07828637957572937,0.001,2.0467028749990277
3301,0.0027948461938649416,0.15315702557563782,0.001,1.9653897079988383
3302,0.0025534695014357567,0.08351876586675644,0.001,1.8770428749994608
3303,0.0026942912954837084,0.07609520107507706,0.001,1.9611874589900253
3304,0.0027677465695887804,0.09705576300621033,0.001,2.1211241249984596
3305,0.002708044834434986,0.07917210459709167,0.001,1.9216684589919169
3306,0.0027736350893974304,0.11433111876249313,0.001,1.8615754999918863
3307,0.002796450164169073,0.1009603813290596,0.001,1.9042320000007749
3308,0.002554818755015731,0.12375222146511078,0.001,2.104069291992346
3309,0.0024296764750033617,0.08658771961927414,0.001,1.958750334000797
3310,0.0027251585852354765,0.06563156098127365,0.001,2.0617205829912564
3311,0.0028468724340200424,0.10320311784744263,0.001,1.9745790830056649
3312,0.003262670012190938,0.09761419892311096,0.001,1.8559100419952301
3313,0.002567464718595147,0.14411576092243195,0.001,2.117222208005842
3314,0.002918919315561652,0.10142629593610764,0.001,1.9394787089986494
3315,0.0027446583844721317,0.11462358385324478,0.001,1.9789182909880765
3316,0.0027191389817744493,0.07085473835468292,0.001,1.9479379590047756
3317,0.002404396887868643,0.06958059221506119,0.001,1.8806815840071067
3318,0.0026693372055888176,0.094467394053936,0.001,1.95812583299994
3319,0.002822976093739271,0.07368092983961105,0.001,2.00168204199872
3320,0.0027486367616802454,0.09776635468006134,0.001,1.9508490000007441
3321,0.0025264681316912174,0.05087007209658623,0.001,2.0928297499922337
3322,0.0026449046563357115,0.09302957355976105,0.001,1.9414877920062281
3323,0.002935440046712756,0.07615592330694199,0.001,1.9221161669993307
3324,0.0025551931466907263,0.10013514757156372,0.001,1.9479125840007327
3325,0.0028516773600131273,0.026602137833833694,0.001,2.164927500009071
3326,0.002678573364391923,0.10505829006433487,0.001,1.8578818749956554
3327,0.002601609332486987,0.0449388213455677,0.001,1.9558564589970047
3328,0.0025175127666443586,0.07158505916595459,0.001,1.9838521249912446
3329,0.0025963583029806614,0.052101437002420425,0.001,1.9605558330076747
3330,0.0025692919734865427,0.07041826844215393,0.001,1.936708416993497
3331,0.0026255089323967695,0.075398288667202,0.001,1.9112094169977354
3332,0.002784846583381295,0.06302079558372498,0.001,2.050366583993309
3333,0.0027727733831852674,0.1155681312084198,0.001,1.9277303749986459
3334,0.0024962725583463907,0.05635238438844681,0.001,1.9374207919900073
3335,0.0026234816759824753,0.047343138605356216,0.001,1.922714915999677
3336,0.0025261794216930866,0.09936840087175369,0.001,1.9638828330062097
3337,0.002648626221343875,0.08231689780950546,0.001,1.8715435000049183
3338,0.002471761777997017,0.0635998398065567,0.001,1.9501420829910785
3339,0.00274887727573514,0.08765281736850739,0.001,1.9324831669946434
3340,0.0025841007009148598,0.08759687095880508,0.001,2.0822299999999814
3341,0.0025590574368834496,0.04965158924460411,0.001,1.9715501250029774
3342,0.002531610196456313,0.10572350025177002,0.001,1.9822179170005256
3343,0.0023100427351891994,0.13969174027442932,0.001,2.03059729198867
3344,0.0027498977724462748,0.09022865444421768,0.001,1.9442994999990333
3345,0.0030153803527355194,0.09354081749916077,0.001,2.0564793329976965
3346,0.002749411854892969,0.11672667413949966,0.001,1.9111271250003483
3347,0.0026991565246134996,0.10324329137802124,0.001,1.906585584001732
3348,0.0024843954015523195,0.11398187279701233,0.001,2.0844942499970784
3349,0.0025950269773602486,0.10355569422245026,0.001,1.9406449160014745
3350,0.0025546341203153133,0.07954728603363037,0.001,1.9416502500098431
3351,0.0021766358986496925,0.10135176032781601,0.001,1.908116999999038
3352,0.0027005444280803204,0.0788191556930542,0.001,1.898730125001748
3353,0.0027624517679214478,0.11108899861574173,0.001,1.9714145000034478
3354,0.002267079893499613,0.06930133700370789,0.001,1.9887452499970095
3355,0.002865564776584506,0.10113532841205597,0.001,1.9123870420007734
3356,0.002630472183227539,0.15168128907680511,0.001,2.0041998329979833
3357,0.0024890396744012833,0.12238369882106781,0.001,1.8791075000044657
3358,0.0025259966496378183,0.12731969356536865,0.001,1.944744709006045
3359,0.0024746942799538374,0.15084770321846008,0.001,2.027267750003375
3360,0.002950820839032531,0.1025727167725563,0.001,2.2651572080067126
3361,0.002544538816437125,0.09966446459293365,0.001,1.9734889589890372
3362,0.0026860362850129604,0.06802225857973099,0.001,2.105237625000882
3363,0.0026895005721598864,0.06692223250865936,0.001,1.9599907499941764
3364,0.002852626610547304,0.06892921030521393,0.001,2.049921625002753
3365,0.0025322616565972567,0.11196998506784439,0.001,2.037171292002313
3366,0.0026455705519765615,0.09776267409324646,0.001,1.9644281249929918
3367,0.002485954435542226,0.06775175780057907,0.001,1.9018627089972142
3368,0.002499676076695323,0.11224023252725601,0.001,2.1162173329939833
3369,0.002557109808549285,0.09687644243240356,0.001,1.9475526250025723
3370,0.002886194037273526,0.10326696187257767,0.001,1.960545624999213
3371,0.0027824698481708765,0.1062609925866127,0.001,1.9964459589973558
3372,0.0024620122276246548,0.12944649159908295,0.001,1.9647087499906775
3373,0.0027345805428922176,0.08757065236568451,0.001,1.9360689579916652
3374,0.0029016146436333656,0.12667036056518555,0.001,2.1054757080128184
3375,0.002882810775190592,0.10622676461935043,0.001,1.934617042003083
3376,0.0025106018874794245,0.12030801177024841,0.001,1.9386729170073522
3377,0.0026842777151614428,0.14634621143341064,0.001,1.9579522920103045
3378,0.0024867812171578407,0.09089503437280655,0.001,1.9887254589993972
3379,0.0024130165111273527,0.0707152932882309,0.001,1.9512521249998827
3380,0.0026262719184160233,0.06454966217279434,0.001,1.9994898330041906
3381,0.0027268249541521072,0.16063624620437622,0.001,1.9622285420045955
3382,0.0024097596760839224,0.07178576290607452,0.001,2.1203184590121964
3383,0.002454190282151103,0.07083605229854584,0.001,2.0603100000007544
3384,0.0031699659302830696,0.10929778218269348,0.001,2.015002790998551
3385,0.0026042177341878414,0.07203017920255661,0.001,1.990361500007566
3386,0.0025572781451046467,0.07115855067968369,0.001,2.1468036669975845
3387,0.0027822009287774563,0.1093422919511795,0.001,1.9012911669997266
3388,0.002646681619808078,0.07707308977842331,0.001,1.9811440409976058
3389,0.002628263318911195,0.08662649989128113,0.001,2.134967833000701
3390,0.002742538694292307,0.11806806176900864,0.001,2.0385022919945186
3391,0.0028847188223153353,0.09230434894561768,0.001,2.051079500000924
3392,0.002467596670612693,0.09132451564073563,0.001,1.9683871250017546
3393,0.002581532346084714,0.13722266256809235,0.001,1.8737595840066206
3394,0.0028008606750518084,0.1280483901500702,0.001,2.05748712499917
3395,0.0027252230793237686,0.10559079051017761,0.001,2.1031954169884557
3396,0.002896802732720971,0.10438389331102371,0.001,2.004789457991137
3397,0.002535067033022642,0.08580315113067627,0.001,1.9025054999947315
3398,0.002658019308000803,0.12444973737001419,0.001,1.9460899170080665
3399,0.002610331168398261,0.11216460168361664,0.001,1.9002542910020566
3400,0.0025508329272270203,0.10938011854887009,0.001,1.9825232089933706
3401,0.0028464985080063343,0.1183323934674263,0.001,2.031417666003108
3402,0.0026308163069188595,0.12968710064888,0.001,1.8954464580019703
3403,0.0028699745889753103,0.14402642846107483,0.001,1.907220666995272
3404,0.0025194960180670023,0.13497963547706604,0.001,1.972755666996818
3405,0.002532979706302285,0.09947138279676437,0.001,2.0748554580059135
3406,0.0025703723076730967,0.12161347270011902,0.001,1.9839480410009855
3407,0.002715596230700612,0.10989610850811005,0.001,2.004130457993597
3408,0.002464698627591133,0.1396186351776123,0.001,1.8525595829996746
3409,0.002735962625592947,0.09294401109218597,0.001,1.8805105419887695
3410,0.0028256236109882593,0.10905933380126953,0.001,2.039431458004401
3411,0.0026771370321512222,0.13191652297973633,0.001,1.9725800000014715
3412,0.0027734176255762577,0.10983684659004211,0.001,1.8893075410014717
3413,0.0024396830704063177,0.12731032073497772,0.001,2.017108415995608
3414,0.0023448492866009474,0.12929603457450867,0.001,1.9390473750099773
3415,0.0025976733304560184,0.1460602879524231,0.001,1.9736476670077536
3416,0.0024794077035039663,0.10029808431863785,0.001,2.147833499999251
3417,0.002934693591669202,0.1597481220960617,0.001,1.9130816670076456
3418,0.002531027887016535,0.0925479456782341,0.001,1.984637333007413
3419,0.0028554529417306185,0.10234781354665756,0.001,1.9086475419899216
3420,0.002564523834735155,0.10394249111413956,0.001,1.9931981249974342
3421,0.002863797591999173,0.11941403150558472,0.001,1.9386357080074959
3422,0.002552950521931052,0.11598636955022812,0.001,2.047983208001824
3423,0.0028106365352869034,0.13311374187469482,0.001,1.8846251670038328
3424,0.0029974777717143297,0.055953919887542725,0.001,1.896651250004652
3425,0.0027871697675436735,0.08511517196893692,0.001,2.0047077919880394
3426,0.0026502106338739395,0.1110396608710289,0.001,1.9987927500042133
3427,0.0025860390160232782,0.10729055106639862,0.001,1.9883065839967458
3428,0.0029602074064314365,0.12367464601993561,0.001,1.9677834169997368
3429,0.0025834389962255955,0.1214248314499855,0.001,1.880820374994073
3430,0.00268447189591825,0.10021407902240753,0.001,1.9243286249984521
3431,0.0027436811942607164,0.1125902310013771,0.001,2.0738338330120314
3432,0.002469301223754883,0.09931989759206772,0.001,1.9931390410056338
3433,0.002866493770852685,0.08859272301197052,0.001,1.8996913330047391
3434,0.0028838186990469694,0.1729162335395813,0.001,1.96636474999832
3435,0.0023685332853347063,0.08942539244890213,0.001,1.917210542000248
3436,0.0025701553095132113,0.10726688802242279,0.001,1.973146500007715
3437,0.002853879239410162,0.11911947280168533,0.001,1.9711173749965383
3438,0.002650623908266425,0.05451367795467377,0.001,1.983379415993113
3439,0.002499508438631892,0.10578564554452896,0.001,1.861445125003229
3440,0.002524224342778325,0.10553330928087234,0.001,2.0090107080031885
3441,0.002524073701351881,0.1419524997472763,0.001,1.9406820409931242
3442,0.0028668250888586044,0.07691235840320587,0.001,1.978136458012159
3443,0.0024523718748241663,0.1189475730061531,0.001,1.9622358339984203
3444,0.0028412763494998217,0.1344427615404129,0.001,1.8834822080098093
3445,0.0025404607877135277,0.07142437994480133,0.001,1.9075693750055507
3446,0.002482988405972719,0.11460292339324951,0.001,2.048908458004007
3447,0.0025034041609615088,0.09946972131729126,0.001,1.951776959002018
3448,0.0028467734809964895,0.08622384816408157,0.001,1.8869427500030724
3449,0.002559148706495762,0.07750489562749863,0.001,1.9559390829963377
3450,0.002901382278650999,0.10524655133485794,0.001,1.9052647079952294
3451,0.002740660449489951,0.11288217455148697,0.001,1.936296540996409
3452,0.0025971990544348955,0.1104913204908371,0.001,1.9823933750012657
3453,0.0025800068397074938,0.07921580225229263,0.001,1.9162930409947876
3454,0.0028401347808539867,0.11900358647108078,0.001,1.8662964170071064
3455,0.0021387063898146152,0.098289854824543,0.001,1.9331332500005374
3456,0.0025519647169858217,0.08379620313644409,0.001,1.9331797909981105
3457,0.0026914800982922316,0.09145224839448929,0.001,1.988104709002073
3458,0.002987672109156847,0.0928691104054451,0.001,2.027154707990121
3459,0.0027961269952356815,0.10593395680189133,0.001,1.9070990420004819
3460,0.0025222559925168753,0.06701541692018509,0.001,2.0116262919909786
3461,0.002541264519095421,0.07700082659721375,0.001,1.9762046249961713
3462,0.002852631499990821,0.11711370199918747,0.001,1.9538970840076217
3463,0.002790814731270075,0.13071471452713013,0.001,1.9700346250028815
3464,0.002595981815829873,0.07280895859003067,0.001,1.9472132499940926
3465,0.002550858771428466,0.1314273327589035,0.001,1.8618721660022857
3466,0.0024513183161616325,0.08819388598203659,0.001,1.9906557500071358
3467,0.0025901878252625465,0.10868492722511292,0.001,2.0519415000017034
3468,0.0025842376053333282,0.13350766897201538,0.001,1.978983375011012
3469,0.0028006660286337137,0.10265874117612839,0.001,1.907963125006063
3470,0.0025211223401129246,0.07594604045152664,0.001,2.0617299590085167
3471,0.0028442256152629852,0.06702004373073578,0.001,1.9366230000014184
3472,0.0025828389916568995,0.09029216319322586,0.001,1.9483006670052418
3473,0.002317453036084771,0.07461442798376083,0.001,2.0426306250010384
3474,0.002628687536343932,0.10711921006441116,0.001,1.886708792007994
3475,0.002788431942462921,0.11964809149503708,0.001,1.8718717500014463
3476,0.0024967901408672333,0.1109897717833519,0.001,1.9520089580037165
3477,0.002242889953777194,0.08727007359266281,0.001,1.9668139170098584
3478,0.0024417920503765345,0.10543917864561081,0.001,2.0482201659906423
3479,0.002727731131017208,0.06457997858524323,0.001,2.0838092909980332
3480,0.002389698289334774,0.13038890063762665,0.001,2.016254999994999
3481,0.002757313661277294,0.07138515263795853,0.001,1.9488032910012407
3482,0.0025741159915924072,0.10810545831918716,0.001,2.0334130830015056
3483,0.002338642021641135,0.0649988129734993,0.001,2.017813499987824
3484,0.002370166592299938,0.08689303696155548,0.001,1.9340040829993086
3485,0.0026212683878839016,0.07506320625543594,0.001,1.8909972090041265
3486,0.002723041921854019,0.054269496351480484,0.001,1.9508477920026053
3487,0.0025749511551111937,0.07210665941238403,0.001,2.0305103339924244
3488,0.002803904702886939,0.0648626759648323,0.001,2.091334665994509
3489,0.0028908823151141405,0.10503388941287994,0.001,1.9101171249931213
3490,0.002402128418907523,0.10182180255651474,0.001,1.895125042006839
3491,0.00244955625385046,0.10035521537065506,0.001,2.06160883398843
3492,0.0025880353059619665,0.04254191741347313,0.001,1.945406875005574
3493,0.0026215468533337116,0.13319067656993866,0.001,2.0264485829975456
3494,0.002451397478580475,0.0956968367099762,0.001,1.9856924579944462
3495,0.0027454399969428778,0.11904507875442505,0.001,1.8851306249998743
3496,0.0029610793571919203,0.06979291886091232,0.001,1.9022493330121506
3497,0.0024111513048410416,0.055772148072719574,0.001,2.0069707919901703
3498,0.002565180417150259,0.13393941521644592,0.001,2.064380791998701
3499,0.0025108351837843657,0.07545549422502518,0.001,2.0044248330086702
3500,0.0026720971800386906,0.06653444468975067,0.001,1.9397354169923346
3501,0.0026383858639746904,0.10459180921316147,0.001,2.0801295840064995
3502,0.0027268794365227222,0.11121724545955658,0.001,1.9563372500124387
3503,0.0025695725344121456,0.07994532585144043,0.001,1.9485632910073036
3504,0.0024541274178773165,0.10498926788568497,0.001,2.029448582994519
3505,0.0026034864131361246,0.06819995492696762,0.001,2.0416187909868313
3506,0.0024595102295279503,0.11285688728094101,0.001,2.0171937919949414
3507,0.002736327238380909,0.09578900039196014,0.001,1.9438267499936046
3508,0.002428838750347495,0.05483565479516983,0.001,1.9355157079990022
3509,0.0027591169346123934,0.0993342325091362,0.001,1.9662226250075037
3510,0.002344335662201047,0.07735232263803482,0.001,2.0416272090078564
3511,0.002639011712744832,0.0860094204545021,0.001,1.9714327919937205
3512,0.002794025233015418,0.10049077868461609,0.001,1.9987424170103623
3513,0.0023600831627845764,0.1047472208738327,0.001,1.9572000409971224
3514,0.002385067055001855,0.11015404760837555,0.001,1.9698084999981802
3515,0.0024683137889951468,0.07425615936517715,0.001,2.043599416996585
3516,0.002793726045638323,0.10954183340072632,0.001,2.033011500010616
3517,0.002819204004481435,0.035918593406677246,0.001,1.9464938339951914
3518,0.002796722110360861,0.0988505482673645,0.001,1.8997072920028586
3519,0.002686400432139635,0.0791807547211647,0.001,1.8217273749905871
3520,0.002625202527269721,0.07633964717388153,0.001,1.8841114590031793
3521,0.002474296372383833,0.059917956590652466,0.001,2.005280416997266
3522,0.002314541721716523,0.05515156686306,0.001,1.894656042000861
3523,0.0026370324194431305,0.05266218259930611,0.001,1.8142167080077343
3524,0.0028446712531149387,0.08775351941585541,0.001,1.8389740839920705
3525,0.00270744482986629,0.08413437753915787,0.001,1.8575385000003735
3526,0.0024647838436067104,0.0608440525829792,0.001,1.8820252910081763
3527,0.0026083069387823343,0.05062676966190338,0.001,1.887278708993108
3528,0.002404279075562954,0.07992567121982574,0.001,1.9291392079903744
3529,0.002877413295209408,0.05137066915631294,0.001,1.8222092499927385
3530,0.002599121071398258,0.057552266865968704,0.001,1.8310378339956515
3531,0.0025787027552723885,0.08778493851423264,0.001,1.8797842909989413
3532,0.0027519415598362684,0.09989932179450989,0.001,1.8838808750006137
3533,0.0022582742385566235,0.07603370398283005,0.001,1.8508337499952177
3534,0.0028355135582387447,0.10057221353054047,0.001,1.8307602920103818
3535,0.0024625337682664394,0.09629271179437637,0.001,1.8832915420061909
3536,0.0026688738726079464,0.10254519432783127,0.001,1.9166978749999544
3537,0.002197897294536233,0.11647406965494156,0.001,1.9292117500008317
3538,0.002731685759499669,0.05734410136938095,0.001,1.8649360000126762
3539,0.002497586654499173,0.07309817522764206,0.001,1.8418623749894323
3540,0.0023705498315393925,0.13868458569049835,0.001,1.8153911249974044
3541,0.0026689062360674143,0.11344638466835022,0.001,1.8146610839903587
3542,0.0026261231396347284,0.09932608157396317,0.001,1.8118055840022862
3543,0.0027233490254729986,0.05562606826424599,0.001,1.7976802920020418
3544,0.0024595626164227724,0.10043500363826752,0.001,1.8467597919952823
3545,0.0025728812906891108,0.09228198230266571,0.001,1.9571179170015967
3546,0.0026291385293006897,0.10320199280977249,0.001,1.8857775000069523
3547,0.002496617380529642,0.1235317811369896,0.001,1.8748348749941215
3548,0.0025773460511118174,0.07360756397247314,0.001,1.9774809170048684
3549,0.002774826716631651,0.07679201662540436,0.001,1.82326550000289
3550,0.0026325350627303123,0.04849426820874214,0.001,1.86230966700532
3551,0.0026279091835021973,0.11204392462968826,0.001,1.8692765000014333
3552,0.002702025230973959,0.0690263956785202,0.001,1.8855902500072261
3553,0.0025910388212651014,0.07083764672279358,0.001,1.818933125003241
3554,0.0024014299269765615,0.07772554457187653,0.001,1.8163831249985378
3555,0.002776489360257983,0.09194838255643845,0.001,1.8184082089865115
3556,0.0025518734473735094,0.050225745886564255,0.001,1.9047366669983603
3557,0.002434935187920928,0.07201824337244034,0.001,1.8888071669935016
3558,0.0024710791185498238,0.11939332634210587,0.001,1.8506928330025403
3559,0.0024787792935967445,0.06607035547494888,0.001,1.8250404170103138
3560,0.0026306139770895243,0.10045842826366425,0.001,1.81899537499703
3561,0.002708055777475238,0.12548868358135223,0.001,1.9324941670056432
3562,0.0024165245704352856,0.08539178967475891,0.001,1.8875550420052605
3563,0.0027714679017663,0.10771264135837555,0.001,1.900723625003593
3564,0.0028578280471265316,0.13905583322048187,0.001,1.8938132500043139
3565,0.0026481016539037228,0.08364777266979218,0.001,1.8556985829927726
3566,0.0026250057853758335,0.09704679250717163,0.001,1.9458110410050722
3567,0.0027597174048423767,0.06893422454595566,0.001,1.993936124999891
3568,0.00238071964122355,0.08691946417093277,0.001,2.211869042002945
3569,0.0027718297205865383,0.1077701523900032,0.001,1.8679020830022637
3570,0.002394747454673052,0.09520004689693451,0.001,1.8688780829979805
3571,0.002650604583323002,0.08238924294710159,0.001,1.8766553339955863
3572,0.002471617888659239,0.12775331735610962,0.001,1.9239207079954213
3573,0.0025942083448171616,0.11796211451292038,0.001,1.967696874999092
3574,0.002486074110493064,0.12438490241765976,0.001,1.886582292005187
3575,0.00265799299813807,0.1428653448820114,0.001,1.854930665998836
3576,0.002486178185790777,0.07383229583501816,0.001,1.8723364170000423
3577,0.0026386110112071037,0.10169176012277603,0.001,1.9234069999947678
3578,0.002384974155575037,0.10482864081859589,0.001,1.9308180829975754
3579,0.0024784535635262728,0.06645677238702774,0.001,1.9997601250070147
3580,0.002721688710153103,0.06877520680427551,0.001,1.8563074999983655
3581,0.0024023749865591526,0.082541324198246,0.001,1.8398475410067476
3582,0.0027062573935836554,0.11211086809635162,0.001,1.9072555409948109
3583,0.0029000563081353903,0.08646848797798157,0.001,1.9176762079878245
3584,0.0023585462477058172,0.16628879308700562,0.001,1.9263429999991786
3585,0.0024660902563482523,0.09324545413255692,0.001,1.813627791008912
3586,0.002637825207784772,0.10516186058521271,0.001,1.83927029199549
3587,0.0025625370908528566,0.06772390007972717,0.001,1.8474435829994036
3588,0.0027895302046090364,0.06764239817857742,0.001,1.902816374989925
3589,0.002521244576200843,0.13242433965206146,0.001,1.9292153750138823
3590,0.0026751053519546986,0.09410925209522247,0.001,1.8998126670048805
3591,0.0024458803236484528,0.11022007465362549,0.001,1.8762937919964315
3592,0.0027820507530122995,0.11381443589925766,0.001,1.8096832080045715
3593,0.0023431649897247553,0.07057440280914307,0.001,1.8911887080030283
3594,0.002456634771078825,0.13222065567970276,0.001,1.8927683750080178
3595,0.002419846598058939,0.10494006425142288,0.001,1.8648202920012409
3596,0.0026420510839670897,0.1360255628824234,0.001,1.8639547499915352
3597,0.0026227880734950304,0.08453905582427979,0.001,1.85119095799746
3598,0.0030234823934733868,0.10096859186887741,0.001,1.8839882089960156
3599,0.002619721693918109,0.08774995803833008,0.001,1.9456443329981994
3600,0.002602039137855172,0.10681454837322235,0.001,1.980154541990487
3601,0.002670853864401579,0.09955469518899918,0.001,1.8732576670008712
3602,0.002634723437950015,0.10970581322908401,0.001,1.8377929589914856
3603,0.0027719386853277683,0.15625277161598206,0.001,1.8663798329944257
3604,0.0027893860824406147,0.06086941435933113,0.001,1.980753417010419
3605,0.0025224401615560055,0.10538247972726822,0.001,1.9848260420112638
3606,0.002511914586648345,0.06936784088611603,0.001,1.8815429170062998
3607,0.0025121867656707764,0.07660971581935883,0.001,1.8610170839965576
3608,0.002345857908949256,0.06597895175218582,0.001,1.937302999998792
3609,0.0025635070633143187,0.09852375835180283,0.001,1.9217324170022039
3610,0.0025197360664606094,0.09143540263175964,0.001,1.921038333006436
3611,0.0026400149799883366,0.11296603828668594,0.001,1.9077449169999454
3612,0.0027539930306375027,0.1099376231431961,0.001,1.8703916249942267
3613,0.0025484526995569468,0.0855095386505127,0.001,1.9250569169962546
3614,0.0028674202039837837,0.10860656201839447,0.001,1.9202199169958476
3615,0.002712680259719491,0.10674527287483215,0.001,1.9175089159980416
3616,0.00260150502435863,0.09883372485637665,0.001,1.9236384999967413
3617,0.002661706879734993,0.08827023953199387,0.001,1.9014131669973722
3618,0.0024922622833400965,0.11798088997602463,0.001,1.8575355829962064
3619,0.002374795498326421,0.08449109643697739,0.001,1.8873244170099497
3620,0.0025931696873158216,0.15917496383190155,0.001,1.9627851249970263
3621,0.00261701550334692,0.05334028601646423,0.001,1.9271217499917839
3622,0.0028166738338768482,0.1346849501132965,0.001,1.857160041006864
3623,0.0029916430357843637,0.1157849058508873,0.001,1.8553367080021417
3624,0.0028158242348581553,0.10806306451559067,0.001,1.860346125002252
3625,0.0026668293867260218,0.13673976063728333,0.001,1.9339747920021182
3626,0.0025868387892842293,0.12938326597213745,0.001,1.9310719159984728
3627,0.0023225729819387197,0.0647425577044487,0.001,1.9145231250004144
3628,0.0029467097483575344,0.12675105035305023,0.001,1.8604832910059486
3629,0.002692001173272729,0.07705042511224747,0.001,1.8552094170008786
3630,0.002613652031868696,0.07206596434116364,0.001,1.8476962080021622
3631,0.002282586647197604,0.07363168895244598,0.001,1.855721416999586
3632,0.002420971170067787,0.07489850372076035,0.001,2.1565173330018297
3633,0.0023888738360255957,0.10387535393238068,0.001,1.8677249169995775
3634,0.002735927002504468,0.13324564695358276,0.001,1.8448715830018045
3635,0.002433446468785405,0.11836706846952438,0.001,2.142252791993087
3636,0.0027355647180229425,0.0846254900097847,0.001,1.9211593750078464
3637,0.002686816267669201,0.08605635911226273,0.001,2.0346132920094533
3638,0.0024382497649639845,0.07291750609874725,0.001,1.8720692909992067
3639,0.002596581354737282,0.10307521373033524,0.001,1.8617156249965774
3640,0.0024440749548375607,0.10521091520786285,0.001,1.8894372080103494
3641,0.002442919882014394,0.08916939049959183,0.001,1.9251409580028849
3642,0.002655168529599905,0.07291215658187866,0.001,1.9381682920065941
3643,0.002421628450974822,0.06094885990023613,0.001,1.828526375000365
3644,0.0026899981312453747,0.06430471688508987,0.001,1.8184785000048578
3645,0.0022504772059619427,0.0877605527639389,0.001,1.8194101659901207
3646,0.0020969263277947903,0.1056847795844078,0.001,1.8635007920092903
3647,0.0027647465467453003,0.1509554088115692,0.001,1.8657898329984164
3648,0.0027910869102925062,0.1341102421283722,0.001,1.9335646660038037
3649,0.002667425200343132,0.07568518817424774,0.001,1.8419918329891516
3650,0.002496614120900631,0.0917537733912468,0.001,1.812201583001297
3651,0.00269353948533535,0.12003005295991898,0.001,1.9013379169919062
3652,0.0024782500695437193,0.10542912781238556,0.001,1.8722202080098214
3653,0.002455849666148424,0.11393339931964874,0.001,1.8780437079985859
3654,0.002700458513572812,0.09532210975885391,0.001,1.8399700409936486
3655,0.0023536558728665113,0.09932298958301544,0.001,1.8095432500122115
3656,0.0025652137119323015,0.0627366229891777,0.001,1.9287542910024058
3657,0.0025275256484746933,0.06826295703649521,0.001,1.905357208001078
3658,0.002419603755697608,0.11331356316804886,0.001,1.8880337919981685
3659,0.002688133157789707,0.08032242208719254,0.001,1.9224242500058608
3660,0.0026266383938491344,0.11354685574769974,0.001,1.8211133339937078
3661,0.002456031972542405,0.07409210503101349,0.001,1.8082663749955827
3662,0.002659017685800791,0.05808694660663605,0.001,1.8822596249956405
3663,0.0025210438761860132,0.11310159415006638,0.001,1.8659813749982277
3664,0.002655652817338705,0.09498663991689682,0.001,1.8545357919938397
3665,0.0027158332522958517,0.0689268633723259,0.001,1.8284681249933783
3666,0.002750041428953409,0.12656593322753906,0.001,1.8410612080042483
3667,0.0027722613885998726,0.1598242074251175,0.001,1.9511244999885093
3668,0.0027965479530394077,0.08531173318624496,0.001,1.8863135409919778
3669,0.002504248172044754,0.11524862796068192,0.001,1.8956519999919692
3670,0.0024956155102699995,0.1312916874885559,0.001,1.8352053340058774
3671,0.0022448706440627575,0.08813964575529099,0.001,1.804968625001493
3672,0.0026372293941676617,0.1344592422246933,0.001,1.8068875829922035
3673,0.0025540776550769806,0.10435378551483154,0.001,1.8926522910041967
3674,0.002776583656668663,0.06726855039596558,0.001,1.8546179590048268
3675,0.0026722049806267023,0.08295689523220062,0.001,1.8679501669976162
3676,0.0024580073077231646,0.10353760421276093,0.001,1.8448126250004862
3677,0.0026562330313026905,0.10142595320940018,0.001,1.8073913750122301
3678,0.0023252125829458237,0.09443067014217377,0.001,1.8363160419976339
3679,0.0025527358520776033,0.08848488330841064,0.001,1.8700590420048684
3680,0.002875348785892129,0.08587175607681274,0.001,1.8699025840032846
3681,0.002668726956471801,0.10767123848199844,0.001,1.8468545829964569
3682,0.0025563756935298443,0.11398380994796753,0.001,1.8072408750012983
3683,0.0024065778125077486,0.11389573663473129,0.001,1.8220498330047121
3684,0.002864421345293522,0.07156137377023697,0.001,1.9048011250124546
3685,0.00259969150647521,0.11327531188726425,0.001,1.878114542007097
3686,0.00256387353874743,0.07718781381845474,0.001,1.8585135830071522
3687,0.0022792250383645296,0.12837080657482147,0.001,1.77856387499196
3688,0.0023245434276759624,0.06845138967037201,0.001,1.762872209001216
3689,0.0024485536850988865,0.16584230959415436,0.001,2.280774416998611
3690,0.002602552529424429,0.12076031416654587,0.001,2.5057250410027336
3691,0.0027036790270358324,0.12119125574827194,0.001,1.9908685830014292
3692,0.002527254167944193,0.08792456239461899,0.001,1.9495034580031643
3693,0.002719457261264324,0.05434262752532959,0.001,2.4835270829935325
3694,0.002523329108953476,0.08450357615947723,0.001,2.028254624994588
3695,0.002519540721550584,0.07995495945215225,0.001,1.8823269160056952
3696,0.0023990757763385773,0.07342817634344101,0.001,1.967575749993557
3697,0.002228741068392992,0.06158089265227318,0.001,1.9207083340006648
3698,0.0027915516402572393,0.0944337248802185,0.001,1.936403583997162
3699,0.0025363368913531303,0.13207480311393738,0.001,1.8642049580084858
3700,0.0023519364185631275,0.10241365432739258,0.001,1.9098830000002636
3701,0.0022978021297603846,0.0863635241985321,0.001,1.8872646250092657
3702,0.0023731642868369818,0.07195577025413513,0.001,1.9085798330052057
3703,0.002272962825372815,0.08193207532167435,0.001,1.905808084004093
3704,0.002555140061303973,0.08699888736009598,0.001,1.8718378750054399
3705,0.0027593791019171476,0.11087531596422195,0.001,1.8063819580129348
3706,0.002562224166467786,0.08400563895702362,0.001,1.8083350420056377
3707,0.0021876406390219927,0.07390762865543365,0.001,1.859981332992902
3708,0.0022891450207680464,0.05985718220472336,0.001,1.8818754580133827
3709,0.002624723594635725,0.08155030012130737,0.001,1.9411199160094839
3710,0.002497839042916894,0.0684942901134491,0.001,1.8071827500098152
3711,0.002757452428340912,0.11124072223901749,0.001,1.8055687500018394
3712,0.0022463840432465076,0.12113828212022781,0.001,1.854722165997373
3713,0.002570254961028695,0.13604736328125,0.001,1.967875832997379
3714,0.0022065285593271255,0.10387927293777466,0.001,1.9303972920024535
3715,0.002485278993844986,0.09938006848096848,0.001,1.9144072500057518
3716,0.0025835661217570305,0.1303899884223938,0.001,1.8792183750047116
3717,0.0022371348459273577,0.06310457736253738,0.001,1.8891539170144824
3718,0.00263265916146338,0.1263456642627716,0.001,2.0072536669904366
3719,0.0025117569603025913,0.09245680272579193,0.001,1.9417304169910494
3720,0.002283453941345215,0.09142262488603592,0.001,1.8312909999949625
3721,0.0021369655150920153,0.1331268697977066,0.001,1.76372433299548
3722,0.0023392110597342253,0.05640789493918419,0.001,1.7960494169965386
3723,0.0026438895147293806,0.1363469511270523,0.001,1.7836424160050228
3724,0.0023663982283324003,0.10166685283184052,0.001,1.80443987500621
3725,0.002377522410824895,0.11543770134449005,0.001,1.7707173750095535
3726,0.002677763579413295,0.13556097447872162,0.001,1.7974636250000913
3727,0.0024671456776559353,0.08447875082492828,0.001,1.7570402919955086
3728,0.002519376575946808,0.08171259611845016,0.001,1.928497332992265
3729,0.002498114947229624,0.11334629356861115,0.001,1.8386755829997128
3730,0.0025084486696869135,0.08867639303207397,0.001,1.7972265839925967
3731,0.0026307126972824335,0.12530796229839325,0.001,1.8382738750078715
3732,0.0022600798401981592,0.08053657412528992,0.001,1.7803496249980526
3733,0.0025175674818456173,0.07638981938362122,0.001,1.7605157079960918
3734,0.002431661356240511,0.060820791870355606,0.001,1.8027419580030255
3735,0.002420743927359581,0.060512688010931015,0.001,1.801210749996244
3736,0.0026855552569031715,0.1148940846323967,0.001,1.7580893749982351
3737,0.0024756556376814842,0.0970686674118042,0.001,1.8073054580017924
3738,0.00235008099116385,0.12071209400892258,0.001,1.8159830840013456
3739,0.0022882111370563507,0.04198381304740906,0.001,1.7678261249966454
3740,0.0021560864988714457,0.09984145313501358,0.001,1.78408662500442
3741,0.0026472064200788736,0.0869535282254219,0.001,1.8146544169867411
3742,0.0028212564066052437,0.1278584897518158,0.001,1.787259124990669
3743,0.0024115729611366987,0.10785316675901413,0.001,1.9085632500064094
3744,0.0024439156986773014,0.06840764731168747,0.001,1.7661890000017593
3745,0.0023662142921239138,0.06081037223339081,0.001,1.7900905000133207
3746,0.00246872054412961,0.08523673564195633,0.001,1.7753685420029797
3747,0.002394620794802904,0.07482055574655533,0.001,1.852672833003453
3748,0.0026576786767691374,0.0747508779168129,0.001,1.772669208003208
3749,0.002420666627585888,0.09065381437540054,0.001,1.771177999995416
3750,0.002344605978578329,0.11375831812620163,0.001,1.8055794579995563
3751,0.002743044402450323,0.07876158505678177,0.001,1.766920875001233
3752,0.0025192941538989544,0.13108833134174347,0.001,1.7797082920005778
3753,0.0024944671895354986,0.06346606463193893,0.001,1.763136666995706
3754,0.0024485625326633453,0.08207931369543076,0.001,1.828577166001196
3755,0.002453923923894763,0.12180973589420319,0.001,1.7865323339938186
3756,0.0022448247764259577,0.05102444812655449,0.001,1.8342803330015158
3757,0.0025582988746464252,0.1324690878391266,0.001,1.7653520839958219
3758,0.0027388150338083506,0.1359790563583374,0.001,1.7635930000105873
3759,0.002648391528055072,0.11588329821825027,0.001,1.8395177499915008
3760,0.00238119438290596,0.12870362401008606,0.001,1.7638480839959811
3761,0.0023720136377960443,0.06991662085056305,0.001,1.7633045830007177
3762,0.0026399658527225256,0.1236361414194107,0.001,1.7973878329939907
3763,0.0022990424185991287,0.09449761360883713,0.001,1.855710916002863
3764,0.0024850312620401382,0.10286486893892288,0.001,1.7684485420031706
3765,0.002371405018493533,0.053902603685855865,0.001,1.7827173339901492
3766,0.00247102789580822,0.058438632637262344,0.001,1.828167041996494
3767,0.002400532364845276,0.12345326691865921,0.001,1.7665432500070892
3768,0.0023025358095765114,0.07726603001356125,0.001,1.759482791996561
3769,0.0026273755356669426,0.10367810726165771,0.001,1.8748506250121864
3770,0.002422027289867401,0.11150331795215607,0.001,1.7686486250022426
3771,0.0021768773440271616,0.0565326027572155,0.001,1.8208761249989038
3772,0.002602944616228342,0.1115737035870552,0.001,1.8244751669990364
3773,0.0024567991495132446,0.10574545711278915,0.001,1.7722194160014624
3774,0.002528996905311942,0.14788952469825745,0.001,1.7415417920128675
3775,0.0023113167844712734,0.08644571900367737,0.001,1.7780999579990748
3776,0.0023766050580888987,0.11941690742969513,0.001,1.7781984169996576
3777,0.0025604183319956064,0.0715150535106659,0.001,1.7430911249975907
3778,0.002498938934877515,0.07059704512357712,0.001,1.7952549159963382
3779,0.0026035543996840715,0.07592674344778061,0.001,1.7438635830039857
3780,0.0025941787753254175,0.10058345645666122,0.001,1.7423044160095742
3781,0.002394645242020488,0.08359313756227493,0.001,1.8174205419927603
3782,0.002484329277649522,0.06583764404058456,0.001,1.8282321659935405
3783,0.0028726605232805014,0.08109606057405472,0.001,1.7662018749979325
3784,0.002162085147574544,0.09001732617616653,0.001,1.7622473340015858
3785,0.0023569304030388594,0.07526738196611404,0.001,1.7447751669969875
3786,0.002358154859393835,0.08574584126472473,0.001,1.7504178330127615
3787,0.0024181611370295286,0.11423107236623764,0.001,1.7421341669978574
3788,0.0024196014273911715,0.09263508021831512,0.001,1.7938497080031084
3789,0.0024247702676802874,0.07237853854894638,0.001,1.7568924590013921
3790,0.0025461551267653704,0.0613958016037941,0.001,2.15095687500434
3791,0.002524762647226453,0.08345045149326324,0.001,1.7912494579941267
3792,0.002451373264193535,0.08686473965644836,0.001,1.8300274590001209
3793,0.0024191292468458414,0.06966084241867065,0.001,1.8360108339984436
3794,0.002497694455087185,0.07063701748847961,0.001,1.7655682080076076
3795,0.0025475334841758013,0.06093429774045944,0.001,1.772652333995211
3796,0.002562481677159667,0.06534186750650406,0.001,1.7342298330040649
3797,0.0022941967472434044,0.07083838433027267,0.001,1.7508345829992322
3798,0.0024486214388161898,0.10639431327581406,0.001,1.7544736249983544
3799,0.002768901875242591,0.1038418635725975,0.001,1.8009044579957845
3800,0.002436152659356594,0.053042225539684296,0.001,1.7438180839963024
3801,0.0025665152352303267,0.08395140618085861,0.001,1.7682262919988716
3802,0.002520497888326645,0.04729313775897026,0.001,1.7367571659997338
3803,0.002515580737963319,0.10214874893426895,0.001,1.7375612079922576
3804,0.002443980658426881,0.09488824754953384,0.001,1.761623917001998
3805,0.002243942581117153,0.08536818623542786,0.001,1.74517554200429
3806,0.002370537957176566,0.07927632331848145,0.001,1.7411604169901693
3807,0.0025217856746166945,0.12384089827537537,0.001,1.7728841250063851
3808,0.0028132889419794083,0.09646739065647125,0.001,1.746132915999624
3809,0.0025103306397795677,0.08119560778141022,0.001,1.7362034169927938
3810,0.002424741629511118,0.08787065744400024,0.001,1.7403015830059303
3811,0.0025716235395520926,0.032833851873874664,0.001,1.7405757920059841
3812,0.0025333655066788197,0.08261403441429138,0.001,1.867065291997278
3813,0.00261833262629807,0.06461293250322342,0.001,1.7381641249958193
3814,0.0023824695963412523,0.053934771567583084,0.001,1.7617135830078041
3815,0.002370484871789813,0.10344424098730087,0.001,1.8199567080009729
3816,0.002344973850995302,0.061682865023612976,0.001,1.8096819589991355
3817,0.0024589551612734795,0.09854129701852798,0.001,1.733998417010298
3818,0.002685686107724905,0.08050570636987686,0.001,1.736892542001442
3819,0.002464703284204006,0.08558250218629837,0.001,1.7320938329939963
3820,0.002637801691889763,0.06618162989616394,0.001,1.7335311670030933
3821,0.0022645455319434404,0.062481243163347244,0.001,1.740380000002915
3822,0.002330903895199299,0.09564360231161118,0.001,1.7430289579933742
3823,0.002250723075121641,0.07028591632843018,0.001,1.7490822919935454
3824,0.002733049215748906,0.07853537052869797,0.001,1.7425072500045644
3825,0.002456031274050474,0.08380679786205292,0.001,1.7675186669948744
3826,0.0025716146919876337,0.12152127176523209,0.001,1.7299634580122074
3827,0.0025124552194029093,0.12352129817008972,0.001,1.7543674580083461
3828,0.0024027144536376,0.11789742857217789,0.001,1.7450522909930442
3829,0.0023923085536807775,0.07347630709409714,0.001,1.733337625002605
3830,0.0024990011006593704,0.0632261335849762,0.001,1.7331744580005761
3831,0.002268819371238351,0.05839337036013603,0.001,1.764503792001051
3832,0.002260873792693019,0.07154997438192368,0.001,1.7417432500078576
3833,0.002553096506744623,0.0916312113404274,0.001,1.7281588750047376
3834,0.0021988877560943365,0.08337527513504028,0.001,1.7420973330008565
3835,0.002328089438378811,0.1030987799167633,0.001,1.743645166992792
3836,0.0024384658318012953,0.04555199295282364,0.001,1.7476708340109326
3837,0.002217425499111414,0.08549495041370392,0.001,1.8017881249979837
3838,0.002306253183633089,0.08162006735801697,0.001,1.9358414580055978
3839,0.0024033512454479933,0.08795320242643356,0.001,2.3615612080029678
3840,0.0027419649995863438,0.08954727649688721,0.001,2.122803499994916
3841,0.0024671556893736124,0.09913375228643417,0.001,1.8579554999887478
3842,0.0024074683897197247,0.06019232049584389,0.001,1.7565850840037456
3843,0.002697825664654374,0.10724339634180069,0.001,1.778793459001463
3844,0.0023169764317572117,0.11575832217931747,0.001,1.8396619580016704
3845,0.0022996626794338226,0.054521799087524414,0.001,1.755908333012485
3846,0.0022250444162636995,0.08508381247520447,0.001,1.7591315000026952
3847,0.0020261453464627266,0.08909213542938232,0.001,1.7546399169950746
3848,0.002553618513047695,0.079922616481781,0.001,1.7607885409961455
3849,0.002313710516318679,0.13933065533638,0.001,2.2905940000055125
3850,0.0023650010116398335,0.09500744193792343,0.001,2.1352245829912135
3851,0.00270566763356328,0.0680571049451828,0.001,2.250121292003314
3852,0.002377878874540329,0.10719739645719528,0.001,1.857414209007402
3853,0.002524737501516938,0.08781582117080688,0.001,1.7852621670026565
3854,0.002482292242348194,0.05305308476090431,0.001,1.7949475000059465
3855,0.00255806022323668,0.10407055914402008,0.001,1.7659644590021344
3856,0.0023444825783371925,0.06676007062196732,0.001,1.7965766670095036
3857,0.0025042465422302485,0.13686038553714752,0.001,1.8346186670096358
3858,0.0022538076154887676,0.08162098377943039,0.001,1.8377747499907855
3859,0.0023508784361183643,0.10429976880550385,0.001,1.7415248339966638
3860,0.002481059404090047,0.06913547962903976,0.001,1.7606395420007175
3861,0.0026154853403568268,0.07336936891078949,0.001,1.7452477920014644
3862,0.0022773847449570894,0.08526286482810974,0.001,1.7459759160119575
3863,0.002236934145912528,0.07674966752529144,0.001,1.7577579579956364
3864,0.002500344766303897,0.10346978157758713,0.001,1.7605302919982933
3865,0.002348118694499135,0.06586617976427078,0.001,1.7508483749988955
3866,0.002340007107704878,0.10476946085691452,0.001,2.1581684999982826
3867,0.002497592940926552,0.12057816237211227,0.001,1.7614784160105046
3868,0.002410542918369174,0.10059948265552521,0.001,1.8278409170015948
3869,0.002387280808761716,0.11131521314382553,0.001,2.080481958008022
3870,0.0022498478647321463,0.0879722386598587,0.001,1.9737786249897908
3871,0.0026109027676284313,0.09031838178634644,0.001,1.7510389170056442
3872,0.0028828380163758993,0.0822695717215538,0.001,1.8660670840035891
3873,0.0026272183749824762,0.047207143157720566,0.001,1.804580708994763
3874,0.002535169245675206,0.05536304786801338,0.001,1.7747390419972362
3875,0.00232174014672637,0.0964185819029808,0.001,1.8969224159955047
3876,0.0023960331454873085,0.071139395236969,0.001,1.9575746670016088
3877,0.0023006880655884743,0.07354401051998138,0.001,2.0442905420059105
3878,0.0020695931743830442,0.132463738322258,0.001,2.2106102089892374
3879,0.0022428270895034075,0.09867288172245026,0.001,2.1221138749970123
3880,0.0026600752025842667,0.12900236248970032,0.001,2.226125792003586
3881,0.0028323770966380835,0.06437823921442032,0.001,1.9049186670017662
3882,0.002141904318705201,0.07464762032032013,0.001,1.7758079999912297
3883,0.0024360755924135447,0.11084669828414917,0.001,2.214293249999173
3884,0.002634111326187849,0.11837881803512573,0.001,2.5068060839985264
3885,0.002479588147252798,0.06909439712762833,0.001,2.0304712500073947
3886,0.002422573044896126,0.0630754753947258,0.001,1.9434752500092145
3887,0.0025491761043667793,0.08906200528144836,0.001,1.92716708300577
3888,0.0025049170944839716,0.12066341191530228,0.001,2.1149016249983106
3889,0.002448969753459096,0.11347358673810959,0.001,1.7968323749955744
3890,0.002371177077293396,0.10278969258069992,0.001,1.9063294579973444
3891,0.0023751144763082266,0.0875319391489029,0.001,1.7535303329932503
3892,0.002546824747696519,0.0846852958202362,0.001,1.7996537500002887
3893,0.002631109906360507,0.10135897248983383,0.001,1.7822541250061477
3894,0.002376857213675976,0.17857463657855988,0.001,1.8129443749930942
3895,0.0023431323934346437,0.08709834516048431,0.001,1.7422189580101985
3896,0.0026324563659727573,0.11194541305303574,0.001,1.7942898749897722
3897,0.0024877043906599283,0.12471368163824081,0.001,1.7573739999934332
3898,0.0025909245014190674,0.07504517585039139,0.001,1.7802696670114528
3899,0.0026580991689115763,0.08385251462459564,0.001,1.7588788340071915
3900,0.0024886210449039936,0.11803745478391647,0.001,1.7802717079903232
3901,0.0025487758684903383,0.09379110485315323,0.001,1.8079379169939784
3902,0.002369810827076435,0.08050627261400223,0.001,1.7847631670010742
3903,0.0025678970851004124,0.09424927830696106,0.001,1.7650781660049688
3904,0.002427990548312664,0.08600599318742752,0.001,1.7519309170020279
3905,0.0023950159084051847,0.11432847380638123,0.001,1.8072472919884603
3906,0.002497338457033038,0.08654234558343887,0.001,1.7437105830031214
3907,0.0024811087641865015,0.09214308112859726,0.001,1.7661411250010133
3908,0.0025106817483901978,0.11343667656183243,0.001,1.8185478339873953
3909,0.0023876989725977182,0.07366784662008286,0.001,1.8511898750002729
3910,0.0027027849573642015,0.106304831802845,0.001,1.7434638749982696
3911,0.00250840256921947,0.13274794816970825,0.001,1.8096129580080742
3912,0.002368302084505558,0.1213885247707367,0.001,1.7874782090075314
3913,0.0026634701061993837,0.09984032064676285,0.001,1.8041404999967199
3914,0.0027211203705519438,0.181264728307724,0.001,1.7424535419995664
3915,0.002534339437261224,0.16025304794311523,0.001,1.8051143329939805
3916,0.002627056324854493,0.11789815872907639,0.001,1.735140999997384
3917,0.0029035652987658978,0.12327732145786285,0.001,1.7572173749940703
3918,0.0023569385521113873,0.12431678175926208,0.001,1.7595923340122681
3919,0.002635279903188348,0.12255997955799103,0.001,1.824383500003023
3920,0.0024159145541489124,0.12369483709335327,0.001,1.7315797500050394
3921,0.002598594408482313,0.16238288581371307,0.001,1.7499181250022957
3922,0.002679212251678109,0.1604897826910019,0.001,1.7688694169919472
3923,0.0025189651641994715,0.08379483222961426,0.001,1.8088560420001158
3924,0.002670361427590251,0.09476155042648315,0.001,2.5579690000013215
3925,0.002674851333722472,0.10847305506467819,0.001,2.3767173340020236
3926,0.0026273359544575214,0.10232844203710556,0.001,1.9922634579997975
3927,0.002431124448776245,0.08486039936542511,0.001,1.9936063750064932
3928,0.0023260193411260843,0.09654621034860611,0.001,1.9997851250082022
3929,0.0026277999859303236,0.10189739614725113,0.001,1.969665292010177
3930,0.002461463212966919,0.08543122559785843,0.001,1.9796223330049543
3931,0.0023674459662288427,0.06727849692106247,0.001,1.880206082991208
3932,0.0023076762445271015,0.0839027687907219,0.001,2.049219833992538
3933,0.00250733713619411,0.07628053426742554,0.001,2.1314644160011085
3934,0.002346946159377694,0.08382601290941238,0.001,2.0110259160137502
3935,0.002477760659530759,0.10616272687911987,0.001,1.8613749999931315
3936,0.0023361488711088896,0.0832144096493721,0.001,1.8442543749988545
3937,0.002388374414294958,0.07366081327199936,0.001,1.8859504579886561
3938,0.002841876819729805,0.10103420913219452,0.001,1.9874178750033025
3939,0.0023710860405117273,0.0996597409248352,0.001,1.918853457988007
3940,0.0023209096398204565,0.08581356704235077,0.001,2.0154528330022004
3941,0.002265946241095662,0.11012893915176392,0.001,1.9142715409980156
3942,0.0024906431790441275,0.11203574389219284,0.001,1.8732993750018068
3943,0.0022772655356675386,0.08119836449623108,0.001,1.957022375005181
3944,0.002650046953931451,0.058520372956991196,0.001,2.019934750001994
3945,0.0025967813562601805,0.07116808742284775,0.001,1.9070067089924123
3946,0.002691500121727586,0.0551312193274498,0.001,1.903710124999634
3947,0.002416842384263873,0.1074475571513176,0.001,1.8412786249973578
3948,0.002776626730337739,0.11909333616495132,0.001,1.98364187500556
3949,0.0024461413267999887,0.09523198753595352,0.001,2.082010458994773
3950,0.002510813297703862,0.08016206324100494,0.001,1.8912830000044778
3951,0.0024699396453797817,0.05868419259786606,0.001,1.8697542910085758
3952,0.002160969888791442,0.08961357176303864,0.001,1.8335788750118809
3953,0.0023967851884663105,0.11669132113456726,0.001,1.95535895798821
3954,0.0022478452883660793,0.07976847887039185,0.001,1.902829082988319
3955,0.0024666902609169483,0.1306745707988739,0.001,1.9751637500012293
3956,0.0024192810524255037,0.0747264102101326,0.001,1.9357656249922002
3957,0.002165902638807893,0.11587253957986832,0.001,1.8536549170094077
3958,0.002325832610949874,0.10099859535694122,0.001,1.8794035000028089
3959,0.0024334480985999107,0.09679507464170456,0.001,1.9728096660110168
3960,0.002323688007891178,0.09264154732227325,0.001,1.9192218329990283
3961,0.0023437603376805782,0.07151903957128525,0.001,1.898803083007806
3962,0.0021439145784825087,0.07208465784788132,0.001,1.9019924590102164
3963,0.0027435719966888428,0.09826304018497467,0.001,1.8385687499976484
3964,0.002419297117739916,0.06147355958819389,0.001,1.9574832920043264
3965,0.002165847457945347,0.08374903351068497,0.001,2.08034062499064
3966,0.002335539786145091,0.09391408413648605,0.001,2.032650332999765
3967,0.002109832363203168,0.11864546686410904,0.001,1.8761088750034105
3968,0.0025923876091837883,0.12311460822820663,0.001,1.9085258330014767
3969,0.0024726795963943005,0.12467683851718903,0.001,1.9173316250089556
3970,0.0024824081920087337,0.10479161143302917,0.001,2.1289015840011416
3971,0.002369475783780217,0.09124065190553665,0.001,2.1095000829955097
3972,0.0025381967425346375,0.08714218437671661,0.001,1.8594408329954604
3973,0.0022686447482556105,0.06621207296848297,0.001,1.907000249993871
3974,0.0025174638722091913,0.06867920607328415,0.001,1.9768441659980454
3975,0.0026857221964746714,0.10744843631982803,0.001,1.9480185840075137
3976,0.0022591478191316128,0.09053611010313034,0.001,1.9771789579972392
3977,0.002392035210505128,0.06419505923986435,0.001,1.855063125010929
3978,0.0024434563238173723,0.12089105695486069,0.001,1.8995270000013988
3979,0.002666333457455039,0.08483211696147919,0.001,1.8866949999937788
3980,0.0026858667843043804,0.07183853536844254,0.001,1.9123512919904897
3981,0.002483071992173791,0.1375536471605301,0.001,2.0601407089998247
3982,0.0023041218519210815,0.08978669345378876,0.001,1.848295458999928
3983,0.0022367544006556273,0.059806790202856064,0.001,1.8934914589917753
3984,0.0026038477662950754,0.05712791159749031,0.001,1.930920041995705
3985,0.002560531487688422,0.08461670577526093,0.001,1.9186772090033628
3986,0.002169243525713682,0.058725520968437195,0.001,1.9990766250120942
3987,0.0023331930860877037,0.091791070997715,0.001,2.006884041999001
3988,0.0024832230992615223,0.11356904357671738,0.001,1.880935082997894
3989,0.0021776636131107807,0.07206132262945175,0.001,1.9516885420016479
3990,0.0024815399665385485,0.12050549685955048,0.001,1.9247116670012474
3991,0.0022721877321600914,0.11309485137462616,0.001,1.9381562920025317
3992,0.0025208808947354555,0.07296698540449142,0.001,1.8655451660015387
3993,0.002338392660021782,0.09122178703546524,0.001,2.0043255839991616
3994,0.002545925322920084,0.08033152669668198,0.001,1.8302097909909207
3995,0.002615151694044471,0.13333691656589508,0.001,2.069053665996762
3996,0.002516691805794835,0.10670246183872223,0.001,1.9495443330088165
3997,0.002022321103140712,0.08528696000576019,0.001,1.9195912080031121
3998,0.002227261895313859,0.07800383120775223,0.001,2.0090233749942854
3999,0.002084745094180107,0.08308248221874237,0.001,1.838240458004293
4000,0.0024317430797964334,0.072536900639534,0.001,1.9295207499962999
4001,0.0021732645109295845,0.0782986655831337,0.001,2.0911151670006802
4002,0.002478010253980756,0.08860814571380615,0.001,2.014752333998331
4003,0.0026457009371370077,0.12274590879678726,0.001,2.0966470830026083
4004,0.002346348948776722,0.09736963361501694,0.001,1.983422959005111
4005,0.002759226830676198,0.07414252310991287,0.001,1.9395250000088708
4006,0.0024085668846964836,0.07309151440858841,0.001,1.9114232910069404
4007,0.0023532407358288765,0.07158215343952179,0.001,1.9466363329993328
4008,0.0026073504704982042,0.09990867972373962,0.001,2.0287214999989374
4009,0.0023138076066970825,0.11409588903188705,0.001,2.004916416000924
4010,0.0023673882242292166,0.08312565833330154,0.001,1.9352797910105437
4011,0.002274968894198537,0.06730829179286957,0.001,1.8684428339911392
4012,0.0025973261799663305,0.07530868053436279,0.001,1.8496200420049718
4013,0.0024428076576441526,0.07315292209386826,0.001,1.9835420419985894
4014,0.0023869704455137253,0.0807330310344696,0.001,1.984941415998037
4015,0.0023943562991917133,0.07569539546966553,0.001,1.9451161670003785
4016,0.0024230252020061016,0.09774826467037201,0.001,1.9505956659995718
4017,0.002565290778875351,0.05971025675535202,0.001,1.8539985000097658
4018,0.0025117131881415844,0.10651981085538864,0.001,1.923311582999304
4019,0.0023494299966841936,0.10653355717658997,0.001,2.049140041010105
4020,0.0024223802611231804,0.08717433363199234,0.001,1.9168812920106575
4021,0.002313581295311451,0.1188834011554718,0.001,1.857798583994736
4022,0.002098608994856477,0.07669659703969955,0.001,1.8428133340057684
4023,0.0028521770145744085,0.09841112047433853,0.001,2.095293833001051
4024,0.002527329372242093,0.09896384924650192,0.001,1.885659499996109
4025,0.002459038281813264,0.05973773077130318,0.001,1.9581483750080224
4026,0.002384880091995001,0.1283256709575653,0.001,1.8494679169962183
4027,0.00241482094861567,0.1225227564573288,0.001,1.9695706659986172
4028,0.002635983284562826,0.06680697947740555,0.001,2.0232381659880048
4029,0.0026496280916035175,0.07808548957109451,0.001,2.053528791991994
4030,0.0024927963968366385,0.09577036648988724,0.001,2.083431249993737
4031,0.002287087496370077,0.0599653460085392,0.001,1.8743118749989662
4032,0.0025056172162294388,0.08343159407377243,0.001,1.87168404100521
4033,0.0022303771693259478,0.0977441594004631,0.001,1.9345762919983827
4034,0.0025676682125777006,0.08410738408565521,0.001,2.293123875002493
4035,0.0024715594481676817,0.06383994221687317,0.001,1.940536082998733
4036,0.002454456640407443,0.10803297162055969,0.001,1.956276875003823
4037,0.002340705133974552,0.09329889714717865,0.001,1.8476039170054719
4038,0.0020839476492255926,0.0966869443655014,0.001,1.9044442080048611
4039,0.00252825440838933,0.11017746478319168,0.001,1.989107083005365
4040,0.002558806911110878,0.07885860651731491,0.001,1.9595850839978084
4041,0.002351948991417885,0.1215936541557312,0.001,1.9739967920031631
4042,0.0026862449012696743,0.10643073171377182,0.001,1.9268071670085192
4043,0.002283869544044137,0.0795765295624733,0.001,1.8659953749884153
4044,0.0026125339791178703,0.11545973271131516,0.001,2.078206042002421
4045,0.002447000704705715,0.09292569011449814,0.001,2.021229374993709
4046,0.0022507552057504654,0.08270642906427383,0.001,2.0025779999996303
4047,0.002315335441380739,0.10845401138067245,0.001,1.8764642919995822
4048,0.002377923112362623,0.1333293914794922,0.001,1.8526458330015885
4049,0.0023623791057616472,0.07652708888053894,0.001,1.9519999170006486
4050,0.0022719907574355602,0.14517584443092346,0.001,1.9064516670041485
4051,0.0023651367519050837,0.09865175932645798,0.001,1.960582040992449
4052,0.0021970088128000498,0.10582366585731506,0.001,1.8902483749989187
4053,0.002322167158126831,0.08911442011594772,0.001,1.9224384580011247
4054,0.0024907351471483707,0.11876171827316284,0.001,2.0288362499995856
4055,0.002447678940370679,0.06314270943403244,0.001,2.119580375001533
4056,0.00225520390085876,0.13395746052265167,0.001,2.033486291009467
4057,0.002527864184230566,0.1634875237941742,0.001,1.8613708329939982
4058,0.0024681705981492996,0.10670160502195358,0.001,1.8804552090005018
4059,0.0023556197993457317,0.12151084095239639,0.001,2.037398041007691
4060,0.002395746298134327,0.13332876563072205,0.001,1.958026708001853
4061,0.002165568759664893,0.06548299640417099,0.001,1.96476437500678
4062,0.0026550907641649246,0.15334871411323547,0.001,1.8479038340010447
4063,0.0023007045965641737,0.1184108778834343,0.001,1.9479330409958493
4064,0.0024128761142492294,0.06882146745920181,0.001,1.8757148750009947
4065,0.0023797645699232817,0.10054272413253784,0.001,2.1652490829874296
4066,0.0022160036023706198,0.13850393891334534,0.001,1.9380658749869326
4067,0.0024485064204782248,0.10392480343580246,0.001,1.952096499997424
4068,0.002301962347701192,0.12512433528900146,0.001,1.9307780420058407
4069,0.002374121453613043,0.11765947937965393,0.001,1.8994129589991644
4070,0.002248575910925865,0.06905736774206161,0.001,1.9693572079995647
4071,0.0024892447981983423,0.09567110985517502,0.001,1.9885530839965213
4072,0.0024634215515106916,0.07410189509391785,0.001,1.8819552500062855
4073,0.0023989498149603605,0.058631010353565216,0.001,1.9095808749989374
4074,0.002198075409978628,0.09525318443775177,0.001,1.9018394589948002
4075,0.002523808740079403,0.1391317993402481,0.001,2.0017074170027627
4076,0.0021726246923208237,0.08930911868810654,0.001,2.1886512089986354
4077,0.0025114286690950394,0.04394509643316269,0.001,1.9740765000024112
4078,0.00233587552793324,0.09721467643976212,0.001,1.859159625004395
4079,0.0023180977441370487,0.09001848846673965,0.001,1.9240723749971949
4080,0.0023151442874222994,0.08908262103796005,0.001,2.048672874996555
4081,0.002504116389900446,0.10229931026697159,0.001,1.945830875003594
4082,0.0021450037602335215,0.13266663253307343,0.001,1.9923839169932762
4083,0.002423895290121436,0.06878229230642319,0.001,1.9359495410026284
4084,0.0023911416064947844,0.07277137786149979,0.001,1.8682512500090525
4085,0.00256922235712409,0.07208210974931717,0.001,1.949628832997405
4086,0.0023410720750689507,0.08508510887622833,0.001,2.0941170420119306
4087,0.0024621051270514727,0.13390739262104034,0.001,2.033848000006401
4088,0.0023826914839446545,0.07120414078235626,0.001,1.8989032919926103
4089,0.0024715533945709467,0.11571057140827179,0.001,1.9345162079989677
4090,0.002215363085269928,0.10296159982681274,0.001,1.9399495420075255
4091,0.002908741356804967,0.07902316004037857,0.001,1.949346625013277
4092,0.002141616540029645,0.09517771005630493,0.001,1.978024333002395
4093,0.002389508532360196,0.13235074281692505,0.001,1.9051798330037855
4094,0.0025494687724858522,0.09030336886644363,0.001,1.8969814169977326
4095,0.0027137408033013344,0.09486314654350281,0.001,2.1060985410003923
4096,0.002288850024342537,0.09896641224622726,0.001,1.9432910840114346
4097,0.0022782059386372566,0.10436643660068512,0.001,1.9949906669935444
4098,0.0023597166873514652,0.1519436538219452,0.001,2.1102013750059996
4099,0.0021722272504121065,0.12161362916231155,0.001,1.884612791996915
4100,0.0023544966243207455,0.09494409710168839,0.001,1.9367793340061326
4101,0.0023005728144198656,0.08598797768354416,0.001,2.0530350409972016
4102,0.0026907443534582853,0.11862978339195251,0.001,2.0080188749998342
4103,0.002425639657303691,0.11378259211778641,0.001,1.948702957990463
4104,0.0023211606312543154,0.07108612358570099,0.001,1.931713124999078
4105,0.0023866870906203985,0.11290853470563889,0.001,1.9029769589978969
4106,0.0024308834690600634,0.11253101378679276,0.001,1.97366333300306
4107,0.0022617222275584936,0.07971975952386856,0.001,2.0341487920086365
4108,0.0024364273995161057,0.10293737053871155,0.001,2.04531508400396
4109,0.0026198020204901695,0.12077135592699051,0.001,1.9066868330119178
4110,0.002293374389410019,0.0826130285859108,0.001,1.9426360000070417
4111,0.002160168718546629,0.11774599552154541,0.001,1.9570360409998102
4112,0.0026775554288178682,0.10319355875253677,0.001,2.0371716670051683
4113,0.0026481032837182283,0.0846555158495903,0.001,2.0402072909928393
4114,0.00241885450668633,0.08058327436447144,0.001,1.8613231250055833
4115,0.0023672920651733875,0.16443273425102234,0.001,1.91432008400443
4116,0.0025129278656095266,0.10774730145931244,0.001,1.9984142500034068
4117,0.00269708433188498,0.1705506443977356,0.001,1.9303284170018742
4118,0.002539662644267082,0.08082963526248932,0.001,1.9491697499906877
4119,0.0024233206640928984,0.13172899186611176,0.001,2.088033499996527
4120,0.0024058225098997355,0.12210796773433685,0.001,1.8643447500071488
4121,0.0023494430352002382,0.08979572355747223,0.001,2.0296958330000052
4122,0.0025730913039296865,0.1403615027666092,0.001,2.021718541000155
4123,0.002409177366644144,0.12325666099786758,0.001,1.9062136249995092
4124,0.0025721979327499866,0.0563679039478302,0.001,1.8925597919878783
4125,0.002183429664000869,0.10754038393497467,0.001,1.972122874998604
4126,0.002497555920854211,0.11721549928188324,0.001,2.0365683330019237
4127,0.0022025408688932657,0.10457775741815567,0.001,1.9679499170015333
4128,0.00234158243983984,0.08570050448179245,0.001,2.0072288750088774
4129,0.0025043992791324854,0.06939683109521866,0.001,1.9966798329987796
4130,0.002695586998015642,0.07742858678102493,0.001,1.8979610829992453
4131,0.0023464392870664597,0.09424927830696106,0.001,2.0481080830068095
4132,0.0025954819284379482,0.08773642778396606,0.001,1.9838555000023916
4133,0.002719986019656062,0.09469511359930038,0.001,2.1118574169959174
4134,0.0026913846377283335,0.1214926615357399,0.001,1.942711000010604
4135,0.0025081876665353775,0.07515338808298111,0.001,1.8757335410045926
4136,0.002529896330088377,0.13384710252285004,0.001,1.9651639170042472
4137,0.0023643672466278076,0.06206292286515236,0.001,2.167471166991163
4138,0.0023962371051311493,0.06916119158267975,0.001,1.9153625420003664
4139,0.0023566342424601316,0.10991355776786804,0.001,1.9053814579965547
4140,0.002487519523128867,0.10514257103204727,0.001,2.012849249993451
4141,0.0025236790534108877,0.09058094024658203,0.001,1.9303715830028523
4142,0.002355078235268593,0.10887590050697327,0.001,1.968534332991112
4143,0.002220123540610075,0.06847073882818222,0.001,1.9619540839921683
4144,0.0023188916966319084,0.12496630847454071,0.001,1.9337198749999516
4145,0.00242693442851305,0.08356556296348572,0.001,1.8975479590008035
4146,0.0024700185749679804,0.1152852326631546,0.001,1.9561586670024553
4147,0.0024929270148277283,0.1078689843416214,0.001,2.115946208999958
4148,0.0022549268323928118,0.1561751365661621,0.001,2.0841284170019208
4149,0.0023394718300551176,0.08366264402866364,0.001,1.9460862499981886
4150,0.0024435792583972216,0.14108800888061523,0.001,1.88477479199355
4151,0.002305269008502364,0.08845922350883484,0.001,2.164423624999472
4152,0.0025524746160954237,0.09395630657672882,0.001,2.031503749996773
4153,0.002173768589273095,0.12334778159856796,0.001,1.9611230000009527
4154,0.002358660800382495,0.05379756540060043,0.001,1.9118850409868173
4155,0.0024215499870479107,0.09780724346637726,0.001,1.94191145899822
4156,0.002518589375540614,0.09366089850664139,0.001,2.0181143340014387
4157,0.001982606016099453,0.062023457139730453,0.001,1.957253042011871
4158,0.0026121747214347124,0.09998254477977753,0.001,2.011471292003989
4159,0.0024830354377627373,0.07046166062355042,0.001,1.883032917001401
4160,0.0022436222061514854,0.07875483483076096,0.001,1.901707458004239
4161,0.0022236143704503775,0.09751766920089722,0.001,2.2063086249982007
4162,0.0023765261285007,0.10834643989801407,0.001,2.011547290996532
4163,0.002272985875606537,0.07241801917552948,0.001,1.966931791001116
4164,0.002259544562548399,0.0862690880894661,0.001,1.9464676250063349
4165,0.002651382703334093,0.10694851726293564,0.001,1.8697224579955218
4166,0.0021497143898159266,0.10723802447319031,0.001,2.0047594159987057
4167,0.0024953754618763924,0.08731115609407425,0.001,2.05346691700106
4168,0.002400583354756236,0.10159905254840851,0.001,1.9638417079986539
4169,0.002220843220129609,0.07684160768985748,0.001,1.8777237079921179
4170,0.0022868639789521694,0.11364812403917313,0.001,2.031589083999279
4171,0.002547292038798332,0.11914018541574478,0.001,2.0085354590119096
4172,0.0022895396687090397,0.11091692000627518,0.001,2.006240375005291
4173,0.0021999499294906855,0.09047592431306839,0.001,2.090406332994462
4174,0.002319195307791233,0.10421757400035858,0.001,2.0019984999962617
4175,0.002207687823101878,0.0626051053404808,0.001,1.9085814999998547
4176,0.002289935015141964,0.11288668215274811,0.001,1.956177583997487
4177,0.002202291041612625,0.1107441708445549,0.001,2.021008541996707
4178,0.002633002819493413,0.1294703334569931,0.001,1.9660786250024103
4179,0.0022723921574652195,0.08283087611198425,0.001,2.0672479580098297
4180,0.0023042133543640375,0.0858285203576088,0.001,1.9297923750127666
4181,0.002545483410358429,0.13705885410308838,0.001,1.9219406670017634
4182,0.002126142615452409,0.11150761693716049,0.001,2.274952374995337
4183,0.002492643427103758,0.07996018975973129,0.001,1.952587833002326
4184,0.0024058150593191385,0.12657496333122253,0.001,1.9240811670024414
4185,0.0023409673012793064,0.10537369549274445,0.001,1.9722472919966094
4186,0.0022725961171090603,0.06594185531139374,0.001,2.018789250010741
4187,0.0023045260459184647,0.056374430656433105,0.001,1.9757406249991618
4188,0.0023303774651139975,0.09694229811429977,0.001,2.036511457990855
4189,0.0026026004925370216,0.11128576844930649,0.001,1.9094876250019297
4190,0.0026446275878697634,0.0969117134809494,0.001,1.9039625830046134
4191,0.00238015316426754,0.0929921343922615,0.001,1.9751455829973565
4192,0.002401258097961545,0.08924012631177902,0.001,2.0451834160048747
4193,0.002393659669905901,0.07827851921319962,0.001,1.960198083994328
4194,0.0019909015391021967,0.06563125550746918,0.001,2.0686920000007376
4195,0.0024178295861929655,0.10729345679283142,0.001,1.9060300830024062
4196,0.0024979375302791595,0.06700233370065689,0.001,1.9803235419967677
4197,0.002310918178409338,0.06655322015285492,0.001,2.050421040999936
4198,0.0023229618091136217,0.09046749025583267,0.001,2.0047329579974758
4199,0.0024833332281559706,0.0692543014883995,0.001,2.1059177499992074
4200,0.002366988454014063,0.08657349646091461,0.001,1.975375416004681
4201,0.0025480331387370825,0.09471623599529266,0.001,1.8589732079999521
4202,0.0023337756283581257,0.08081851154565811,0.001,2.0591585829970427
4203,0.002565589267760515,0.08996033668518066,0.001,2.0447589169925777
4204,0.0026756245642900467,0.0810970664024353,0.001,1.998422250006115
4205,0.0025823847390711308,0.08981378376483917,0.001,1.8858938330085948
4206,0.002224877243861556,0.09220587462186813,0.001,1.9537464159948286
4207,0.002459370531141758,0.10809404402971268,0.001,1.905454625011771
4208,0.0025521614588797092,0.1444777250289917,0.001,1.984281375000137
4209,0.0023418013006448746,0.0752992108464241,0.001,1.9390388339961646
4210,0.00231367745436728,0.05582849308848381,0.001,1.9614311250043102
4211,0.0024553334806114435,0.07738551497459412,0.001,1.881627209004364
4212,0.0022620109375566244,0.08039414137601852,0.001,1.9424150830018334
4213,0.002214459702372551,0.1069607213139534,0.001,2.094630124993273
4214,0.002654080279171467,0.052292030304670334,0.001,1.965497791999951
4215,0.0022149833384901285,0.05606020987033844,0.001,2.0219279999873834
4216,0.0023890486918389797,0.1354704350233078,0.001,1.8772347920021275
4217,0.002259592292830348,0.07145249843597412,0.001,1.9252036660036538
4218,0.0027242940850555897,0.11805208027362823,0.001,2.289455915990402
4219,0.0023781522177159786,0.10773304849863052,0.001,2.07577479199972
4220,0.0025509344413876534,0.0917758047580719,0.001,1.9127327919995878
4221,0.0023637404665350914,0.06351227313280106,0.001,1.9725707920006244
4222,0.002368643879890442,0.06285440921783447,0.001,1.8983439589937916
4223,0.0022535445168614388,0.08839422464370728,0.001,2.003793957992457
4224,0.00244872341863811,0.07258068770170212,0.001,2.2083632919966476
4225,0.0020839455537497997,0.05344409495592117,0.001,1.8749765829998069
4226,0.0025905428919941187,0.07352849096059799,0.001,1.8972582499991404
4227,0.0023373067378997803,0.07059276103973389,0.001,1.9428257499967003
4228,0.0021943950559943914,0.10694928467273712,0.001,2.032743457995821
4229,0.0023550158366560936,0.10894418507814407,0.001,1.930738459006534
4230,0.002523526782169938,0.07307141274213791,0.001,2.0253637499990873
4231,0.0024841807316988707,0.11046425998210907,0.001,1.8749566659971606
4232,0.002509515266865492,0.07365473359823227,0.001,1.8608333340089303
4233,0.002521792659536004,0.11728274822235107,0.001,1.96400387500762
4234,0.002208692952990532,0.08595442771911621,0.001,1.9537633750005625
4235,0.002555056242272258,0.05492568388581276,0.001,1.9664415839943103
4236,0.0020023880060762167,0.08096415549516678,0.001,1.898228083999129
4237,0.0025924660731106997,0.06236832216382027,0.001,1.8578749159933068
4238,0.0022986484691500664,0.08130142837762833,0.001,2.107769082998857
4239,0.001953346189111471,0.08197711408138275,0.001,1.9858268340030918
4240,0.0024591456167399883,0.1432875245809555,0.001,1.9423182499886025
4241,0.002053982112556696,0.07605112344026566,0.001,1.949768624996068
4242,0.002285171765834093,0.10608471184968948,0.001,1.9821671249956125
4243,0.0022157267667353153,0.11020246148109436,0.001,2.093632832998992
4244,0.0023245769552886486,0.09355530142784119,0.001,1.9864192499953788
4245,0.0023350624833256006,0.10200560837984085,0.001,1.956666124999174
4246,0.002375936135649681,0.06936905533075333,0.001,1.9546315420011524
4247,0.00236257235519588,0.10351905971765518,0.001,1.9888085419952404
4248,0.0023421295918524265,0.11521539837121964,0.001,1.9302980000065872
4249,0.0025423141196370125,0.08101949840784073,0.001,1.964193832987803
4250,0.0025698640383780003,0.08528289943933487,0.001,1.9994346249877708
4251,0.0023638508282601833,0.12566743791103363,0.001,1.8874097499938216
4252,0.002383360406383872,0.05373723804950714,0.001,1.9044124580104835
4253,0.0024375091306865215,0.07810323685407639,0.001,1.8894047919893637
4254,0.002065979177132249,0.10101299732923508,0.001,2.0750848750030855
4255,0.002362014027312398,0.10913340002298355,0.001,1.9787018339993665
4256,0.002388846594840288,0.07317142933607101,0.001,2.075396375003038
4257,0.002308294642716646,0.07606381177902222,0.001,1.9075082909985213
4258,0.0022219198290258646,0.0815720334649086,0.001,1.9877287500130478
4259,0.002176702255383134,0.07431468367576599,0.001,1.9989619590051007
4260,0.0023820071946829557,0.10706436634063721,0.001,1.9621470830024919
4261,0.002231480786576867,0.056200187653303146,0.001,1.8960517500090646
4262,0.002292459364980459,0.11548250913619995,0.001,1.8639302079973277
4263,0.002066277898848057,0.09255850315093994,0.001,1.9845470419968478
4264,0.0022661658003926277,0.12707838416099548,0.001,1.9640161249990342
4265,0.002475471468642354,0.10499102622270584,0.001,2.0849064579961123
4266,0.002447921084240079,0.08697058260440826,0.001,1.9148385830048937
4267,0.0024224098306149244,0.10764369368553162,0.001,2.0208652919973247
4268,0.0023006873670965433,0.06367561221122742,0.001,1.9333207919989945
4269,0.002390895038843155,0.13872157037258148,0.001,1.9553904170024907
4270,0.002327400492504239,0.07058363407850266,0.001,1.9600307079963386
4271,0.002136722207069397,0.06401070952415466,0.001,1.9797567499917932
4272,0.002168712904676795,0.07600553333759308,0.001,1.8885182080121012
4273,0.00245809368789196,0.0901484489440918,0.001,2.015224541988573
4274,0.002530289813876152,0.062172599136829376,0.001,2.011830083996756
4275,0.002142979297786951,0.13621683418750763,0.001,1.9315756659925682
4276,0.0022515978198498487,0.09525741636753082,0.001,1.9440289170015603
4277,0.0022955320309847593,0.08722269535064697,0.001,1.951002708010492
4278,0.0019739530980587006,0.06396641582250595,0.001,2.134420542002772
4279,0.0026892968453466892,0.12098123878240585,0.001,2.219301083998289
4280,0.002273077378049493,0.08420831710100174,0.001,2.2598533339914866
4281,0.0020677768625319004,0.08931486308574677,0.001,1.9112420419987757
4282,0.0022861685138195753,0.06496400386095047,0.001,2.052092875004746
4283,0.002387918531894684,0.11900638788938522,0.001,1.9696655419975286
4284,0.002265794435516,0.09680327028036118,0.001,1.9686983340070583
4285,0.002141478005796671,0.09497605264186859,0.001,1.9784220839937916
4286,0.0023975647054612637,0.07397271692752838,0.001,1.9875189589947695
4287,0.002591004129499197,0.0562170147895813,0.001,1.8911268749943702
4288,0.00210084137506783,0.06351688504219055,0.001,2.008902791989385
4289,0.0023680708836764097,0.08529714494943619,0.001,2.271518291992834
4290,0.0021459099370986223,0.07133270800113678,0.001,1.9634187499905238
4291,0.0023306487128138542,0.06077592447400093,0.001,1.9530448750010692
4292,0.0024350814055651426,0.053806617856025696,0.001,1.9698713750112802
4293,0.002361068967729807,0.11953850835561752,0.001,1.9399440419947496
4294,0.0026197342667728662,0.07342386245727539,0.001,1.9766137090045959
4295,0.0022026884835213423,0.07542692124843597,0.001,2.039523999992525
4296,0.002114548347890377,0.070464588701725,0.001,1.9267651670088526
4297,0.002282861853018403,0.14035363495349884,0.001,1.9213931249978486
4298,0.0022211926989257336,0.0915522649884224,0.001,1.9998267909977585
4299,0.0023676385171711445,0.09336952120065689,0.001,2.0426655000046594
4300,0.0024279265198856592,0.06882631033658981,0.001,1.971031374996528
4301,0.002138781361281872,0.07358390092849731,0.001,2.1057474589906633
4302,0.0020210633520036936,0.11635763943195343,0.001,1.8886214169906452
4303,0.002385105239227414,0.06334646046161652,0.001,1.9120989999937592
4304,0.0025184445548802614,0.07604062557220459,0.001,2.0019009160023415
4305,0.002285865368321538,0.0982818752527237,0.001,2.0499634169973433
4306,0.0021713015157729387,0.05169559642672539,0.001,1.9646535420033615
4307,0.002400747500360012,0.05339866876602173,0.001,1.946477125005913
4308,0.002201426774263382,0.06828461587429047,0.001,1.8726298330002464
4309,0.0022681623231619596,0.09750606119632721,0.001,1.9357354579988169
4310,0.002195643959566951,0.1012827605009079,0.001,2.6158514999988256
4311,0.002291698008775711,0.08661153167486191,0.001,2.3768268749990966
4312,0.002440393203869462,0.10178089886903763,0.001,1.9393872500077123
4313,0.0026004204992204905,0.10057263821363449,0.001,1.9906539160001557
4314,0.0021775560453534126,0.08655312657356262,0.001,1.969066625009873
4315,0.002043720567598939,0.05778101831674576,0.001,1.9941904580045957
4316,0.0023642617743462324,0.06515736132860184,0.001,2.007822333005606
4317,0.002233956940472126,0.09298545867204666,0.001,1.9383399579965044
4318,0.002115113427862525,0.10180337727069855,0.001,2.0686954590055393
4319,0.00245713465847075,0.07298167049884796,0.001,2.0318897910037776
4320,0.0024981179740279913,0.09055041521787643,0.001,1.9496964999998454
4321,0.0024406076408922672,0.10490937530994415,0.001,2.083178708999185
4322,0.00244631664827466,0.11195337027311325,0.001,1.9667775419948157
4323,0.0023648194037377834,0.10715657472610474,0.001,1.9360841250017984
4324,0.0020807127002626657,0.11217127740383148,0.001,1.9684830420010258
4325,0.0021676411852240562,0.124480240046978,0.001,2.0209956250037067
4326,0.0025168524589389563,0.08433269709348679,0.001,1.9458346250030445
4327,0.002180424751713872,0.08083696663379669,0.001,1.9966447499900823
4328,0.0022825372871011496,0.10459503531455994,0.001,2.054905500001041
4329,0.002027618233114481,0.0765024870634079,0.001,1.9287153750046855
4330,0.002021615859121084,0.05996956676244736,0.001,2.0263471249927534
4331,0.0019731582142412663,0.05354316532611847,0.001,2.2546747919986956
4332,0.002232893602922559,0.08113707602024078,0.001,1.8927332500024932
4333,0.0023368613328784704,0.04872119426727295,0.001,1.8975066249986412
4334,0.0020336084999144077,0.06753170490264893,0.001,2.013804667003569
4335,0.0020700241439044476,0.0895252376794815,0.001,1.9978811249893624
4336,0.002215163316577673,0.11133427172899246,0.001,1.9660278749943245
4337,0.002610093681141734,0.07521669566631317,0.001,1.9653186249925056
4338,0.002329701092094183,0.059078145772218704,0.001,1.876510292000603
4339,0.0021930644288659096,0.07712316513061523,0.001,1.9374696659942856
4340,0.0020780006889253855,0.07753361761569977,0.001,2.0874150000017835
4341,0.0021873032674193382,0.060318075120449066,0.001,1.9634516249934677
4342,0.001960517605766654,0.10318277776241302,0.001,1.991717458004132
4343,0.0022412785328924656,0.11138949543237686,0.001,1.9477879170008237
4344,0.002356454497203231,0.10361935198307037,0.001,1.9495392499957234
4345,0.002284666523337364,0.08912763744592667,0.001,1.9484517500095535
4346,0.0023280910681933165,0.07197015732526779,0.001,2.0516258340066997
4347,0.0022857189178466797,0.07908836752176285,0.001,1.87768820898782
4348,0.0021579251624643803,0.07687054574489594,0.001,1.9312003750092117
4349,0.0024045107420533895,0.10817410796880722,0.001,1.983471624989761
4350,0.0026027706917375326,0.11205858737230301,0.001,2.0591005829919595
4351,0.0019977104384452105,0.10925448685884476,0.001,1.9759464589878917
4352,0.0026072810869663954,0.08119124919176102,0.001,2.0530903749895515
4353,0.0026111232582479715,0.08438088744878769,0.001,2.0154546669946285
4354,0.002311770338565111,0.11407957226037979,0.001,1.9526500000065425
4355,0.002349136397242546,0.07288283854722977,0.001,2.008635292004328
4356,0.0024835828226059675,0.08985189348459244,0.001,1.9693374589987798
4357,0.002278507687151432,0.10079148411750793,0.001,1.9226803749916144
4358,0.0021228480618447065,0.06499461084604263,0.001,2.0529920419940026
4359,0.0023245709016919136,0.1131138950586319,0.001,1.9034165420016507
4360,0.0022738103289157152,0.04619434475898743,0.001,1.971153417005553
4361,0.002428370760753751,0.09384600073099136,0.001,2.030218917003367
4362,0.002234050538390875,0.09670885652303696,0.001,1.8914490409952123
4363,0.0022731954231858253,0.07896292209625244,0.001,1.9864130419882713
4364,0.002055397490039468,0.1292576789855957,0.001,2.1550799170072423
4365,0.0024043279699981213,0.07380308210849762,0.001,1.9256960829952732
4366,0.0022279114928096533,0.09971707314252853,0.001,1.9675879169953987
4367,0.002298520179465413,0.047070685774087906,0.001,1.9512504169979366
4368,0.0021914164535701275,0.0554138720035553,0.001,2.0825605420104694
4369,0.0022210408933460712,0.04828338325023651,0.001,1.940821791999042
4370,0.00228778924793005,0.08952493965625763,0.001,2.045287125001778
4371,0.0022606102284044027,0.09742330759763718,0.001,2.0303464159951545
4372,0.0022264746949076653,0.059166960418224335,0.001,1.8921983750042273
4373,0.0020509716123342514,0.05753167346119881,0.001,2.010133957999642
4374,0.002383373212069273,0.06868734955787659,0.001,1.9258462909929221
4375,0.0026300137396901846,0.12224045395851135,0.001,2.105058540997561
4376,0.002222455572336912,0.10455358028411865,0.001,1.9805056670011254
4377,0.0025709292385727167,0.09800507873296738,0.001,2.1788712080015102
4378,0.002035262295976281,0.043990910053253174,0.001,1.9448359589878237
4379,0.001828548964112997,0.06415871530771255,0.001,1.9260310829995433
4380,0.0022192441392689943,0.09069526195526123,0.001,2.0148541670059785
4381,0.0021289202850311995,0.08138450235128403,0.001,1.9682760419964325
4382,0.002318596001714468,0.12278874218463898,0.001,1.9447449160070391
4383,0.0022804897744208574,0.06867549568414688,0.001,2.0739609170123003
4384,0.002380537334829569,0.1110653430223465,0.001,2.727717667003162
4385,0.002366832457482815,0.051254164427518845,0.001,2.3806765000044834
4386,0.0022881426848471165,0.06557439267635345,0.001,2.4578092909941915
4387,0.0023241613525897264,0.10417567193508148,0.001,1.8736716249986785
4388,0.002025524852797389,0.09252534806728363,0.001,1.960462125003687
4389,0.00210602511651814,0.06827358156442642,0.001,2.039854208007455
4390,0.002392086200416088,0.08231673389673233,0.001,1.9444872910098638
4391,0.0021737029310315847,0.13242031633853912,0.001,1.973971084007644
4392,0.0025450962129980326,0.11064894497394562,0.001,1.9252705830003833
4393,0.002211210085079074,0.1009766086935997,0.001,2.004037332997541
4394,0.002001636428758502,0.06721275299787521,0.001,1.9297507080045762
4395,0.002569581614807248,0.13580279052257538,0.001,2.02510120900115
4396,0.002297287108376622,0.10543357580900192,0.001,1.9874885419994825
4397,0.002045858185738325,0.07968759536743164,0.001,1.8860128329979489
4398,0.002325198147445917,0.12317364662885666,0.001,2.2711107909999555
4399,0.0021567887160927057,0.06405873596668243,0.001,1.927031083003385
4400,0.002259991131722927,0.11875077337026596,0.001,1.992173874998116
4401,0.002154263900592923,0.09069493412971497,0.001,2.0159861669962993
4402,0.0027709126006811857,0.09611529111862183,0.001,2.189408625010401
4403,0.0022726531606167555,0.1221025139093399,0.001,2.1107201669947244
4404,0.0023778623435646296,0.09453999996185303,0.001,1.9795819590071915
4405,0.0019695963710546494,0.09448449313640594,0.001,1.8555242500005988
4406,0.0021823591087013483,0.09523283690214157,0.001,1.9948918750014855
4407,0.002250481629744172,0.059935953468084335,0.001,1.9137036250031088
4408,0.0021938092540949583,0.13934049010276794,0.001,1.8893009579915088
4409,0.0020474535413086414,0.12128356844186783,0.001,2.25854504200106
4410,0.0024433855433017015,0.11186303198337555,0.001,2.180815416009864
4411,0.0020601933356374502,0.07681283354759216,0.001,1.9573386249976465
4412,0.0024996958673000336,0.0747809037566185,0.001,2.062771208002232
4413,0.002354045631363988,0.10118863731622696,0.001,1.9121840000007069
4414,0.0020276897121220827,0.07980174571275711,0.001,1.9046112499927403
4415,0.0024016338866204023,0.10034222900867462,0.001,1.96147970900347
4416,0.0026136606466025114,0.12403513491153717,0.001,2.0492947500024457
4417,0.001981473993510008,0.07200784236192703,0.001,1.866296499996679
4418,0.0020514740608632565,0.07874166965484619,0.001,1.865627624996705
4419,0.002349735237658024,0.12753278017044067,0.001,1.9522582089994103
4420,0.002153400331735611,0.12368011474609375,0.001,1.9211067500000354
4421,0.0020905742421746254,0.11551036685705185,0.001,2.0516894169995794
4422,0.0022754373494535685,0.12613295018672943,0.001,1.9039724160102196
4423,0.002186960307881236,0.06511980295181274,0.001,2.0182857920008246
4424,0.002071307972073555,0.1002931147813797,0.001,1.9675727910071146
4425,0.0025209172163158655,0.06505268812179565,0.001,1.96857350000937
4426,0.002061315346509218,0.07667560130357742,0.001,2.0217008339968743
4427,0.0024756353814154863,0.16568194329738617,0.001,2.006984499996179
4428,0.0023227434139698744,0.06891467422246933,0.001,1.8836989580013324
4429,0.0024114877451211214,0.10717382282018661,0.001,1.9017390829976648
4430,0.002240595407783985,0.07622075825929642,0.001,2.0214696659968467
4431,0.002459583105519414,0.08135046064853668,0.001,1.9810820000129752
4432,0.0020079663954675198,0.07499006390571594,0.001,2.029116042001988
4433,0.002122729318216443,0.09572348743677139,0.001,1.9489747089974117
4434,0.0022133528254926205,0.12872278690338135,0.001,1.9178545829927316
4435,0.0020779366604983807,0.05725247040390968,0.001,2.0541952500061598
4436,0.0021150268148630857,0.07615437358617783,0.001,2.1350748330005445
4437,0.0020973924547433853,0.05584900081157684,0.001,1.9298288749996573
4438,0.002433678600937128,0.04987966641783714,0.001,1.9309453330060933
4439,0.0021254143211990595,0.05095147341489792,0.001,1.9474596670042956
4440,0.0021771134342998266,0.06900420039892197,0.001,1.9719660830014618
4441,0.0022960358764976263,0.09576438367366791,0.001,1.960545000009006
4442,0.0021087750792503357,0.07026901841163635,0.001,2.0025544999953127
4443,0.0018993024714291096,0.0886974111199379,0.001,1.8848011249938281
4444,0.002242292743176222,0.0709511786699295,0.001,1.901819874998182
4445,0.0022089204285293818,0.08269352465867996,0.001,2.244231457996648
4446,0.0024610566906630993,0.09892065823078156,0.001,2.1362709590030136
4447,0.002025749534368515,0.0651036873459816,0.001,1.9405634159920737
4448,0.0020955423824489117,0.043155305087566376,0.001,1.928765332995681
4449,0.0023970913607627153,0.06014123931527138,0.001,1.867971083993325
4450,0.002109784632921219,0.08997376263141632,0.001,1.9954521250037942
4451,0.0019122813828289509,0.11516023427248001,0.001,2.0798834169982
4452,0.0020984886214137077,0.053437232971191406,0.001,1.9438075829966692
4453,0.0020235013216733932,0.07645586133003235,0.001,1.9133557500026654
4454,0.0021005370654165745,0.09296192973852158,0.001,1.9715737079968676
4455,0.0021451127249747515,0.06270621716976166,0.001,1.9242378750059288
4456,0.0022660240065306425,0.05834737792611122,0.001,2.0638962499942863
4457,0.0023284859489649534,0.06799611449241638,0.001,2.0129986249958165
4458,0.0019125579856336117,0.09815552085638046,0.001,1.8742188750038622
4459,0.0021867495961487293,0.08431804180145264,0.001,1.9051970419968711
4460,0.0019652652554214,0.09329894185066223,0.001,2.009991833008826
4461,0.002249340759590268,0.0873802974820137,0.001,2.216219624999212
4462,0.0023812775034457445,0.05778898298740387,0.001,1.9648441250028554
4463,0.002423020778223872,0.05172558128833771,0.001,1.862434333001147
4464,0.002204630058258772,0.10681924968957901,0.001,1.9376912500010803
4465,0.0019045782973989844,0.08834545314311981,0.001,1.951062042004196
4466,0.001895720837637782,0.09313973039388657,0.001,1.978293374995701
4467,0.0019798630382865667,0.08951714634895325,0.001,2.1026612499990733
4468,0.0022610328160226345,0.054865192621946335,0.001,1.9034376659983536
4469,0.0019397020805627108,0.04759468138217926,0.001,1.8580270410020603
4470,0.0025271179620176554,0.121004618704319,0.001,1.9819322919938713
4471,0.0022412221878767014,0.10404109209775925,0.001,1.9484193329990376
4472,0.00223335693590343,0.07452418655157089,0.001,1.9537750839954242
4473,0.002057957462966442,0.09795455634593964,0.001,1.9858928749890765
4474,0.002111014910042286,0.08371257036924362,0.001,1.8958107080106856
4475,0.0022104920353740454,0.04737944155931473,0.001,1.904001667004195
4476,0.0024411664344370365,0.08817338198423386,0.001,2.1085139579954557
4477,0.0021558364387601614,0.07451615482568741,0.001,2.053417165996507
4478,0.0022919727489352226,0.07215997576713562,0.001,1.977599249992636
4479,0.002161856973543763,0.05592964217066765,0.001,2.001780915990821
4480,0.0021425229497253895,0.10612282156944275,0.001,1.9458454169944162
4481,0.0019671758636832237,0.08672227710485458,0.001,2.058277290998376
4482,0.0018353341147303581,0.0860356017947197,0.001,2.03454475000035
4483,0.001981361536309123,0.09418545663356781,0.001,1.910461709005176
4484,0.002330438932403922,0.08863446861505508,0.001,1.8901723750022938
4485,0.002293370896950364,0.09751272201538086,0.001,1.992334333001054
4486,0.0022774823009967804,0.06843278557062149,0.001,2.474742749996949
4487,0.002076550619676709,0.06280036270618439,0.001,2.3384849169960944
4488,0.002040305407717824,0.07318741083145142,0.001,2.134419791997061
4489,0.002294698264449835,0.047126300632953644,0.001,2.1866228330036392
4490,0.0018116305582225323,0.07412729412317276,0.001,2.153217790997587
4491,0.0020875425543636084,0.0886724442243576,0.001,2.395540916986647
4492,0.0023956282529979944,0.034430090337991714,0.001,1.9829209580057068
4493,0.00224947277456522,0.059952136129140854,0.001,1.8868899999943096
4494,0.002220196882262826,0.07059236615896225,0.001,1.952528916997835
4495,0.0021182044874876738,0.06012996286153793,0.001,1.9286281669919845
4496,0.0022032675333321095,0.062298595905303955,0.001,2.014266875004978
4497,0.002168354345485568,0.05906107276678085,0.001,2.0632400830072584
4498,0.0020142607390880585,0.07349883019924164,0.001,2.01095162499405
4499,0.0022500213235616684,0.0578167550265789,0.001,2.239857957989443
4500,0.0020328210666775703,0.07612161338329315,0.001,2.4151487499912037
4501,0.0020140327978879213,0.08262262493371964,0.001,2.0219900840020273
4502,0.0017040527891367674,0.09318803250789642,0.001,2.0578156250121538
4503,0.00203968514688313,0.11379707604646683,0.001,2.0106953340000473
4504,0.002075904980301857,0.10274925082921982,0.001,2.0216017920029117
4505,0.0023075647186487913,0.08725600689649582,0.001,1.9475279589969432
4506,0.0022187898866832256,0.06376198679208755,0.001,1.9158699160034303
4507,0.002236079890280962,0.0810132622718811,0.001,1.9728275840025162
4508,0.002167704049497843,0.1019759476184845,0.001,2.016189542002394
4509,0.0023261732421815395,0.10370195657014847,0.001,2.019893582997611
4510,0.0022432387340813875,0.08432986587285995,0.001,1.9493501250108238
4511,0.0022405656054615974,0.06654009222984314,0.001,2.020583916993928
4512,0.0022170955780893564,0.10340582579374313,0.001,2.0143534999951953
4513,0.0020919276867061853,0.09103389829397202,0.001,2.0271891669981414
4514,0.0022299999836832285,0.0782366394996643,0.001,2.007846000007703
4515,0.0022014151327311993,0.06704798340797424,0.001,1.9308666249999078
4516,0.0021409171167761087,0.06231911852955818,0.001,1.9385515419999138
4517,0.002034200821071863,0.08591609448194504,0.001,1.9914433749945601
4518,0.0022406086791306734,0.0939178615808487,0.001,2.0160332920058863
4519,0.0021920430008322,0.04968668892979622,0.001,2.0245335419895127
4520,0.0019220354733988643,0.04932170361280441,0.001,1.958810457988875
4521,0.0021445497404783964,0.042538903653621674,0.001,1.928414875001181
4522,0.002105596475303173,0.06300331652164459,0.001,1.9527127920009661
4523,0.0019049029797315598,0.056688908487558365,0.001,1.9476831250067335
4524,0.0021807774901390076,0.04845210164785385,0.001,1.9267506250034785
4525,0.002102624624967575,0.09077834337949753,0.001,1.880364084005123
4526,0.0020306657534092665,0.07835574448108673,0.001,1.864598667001701
4527,0.0021303941030055285,0.07999478280544281,0.001,1.881348374998197
4528,0.0022772231604903936,0.11850324273109436,0.001,1.9340599169954658
4529,0.0021052623633295298,0.068820521235466,0.001,1.9365515409881482
4530,0.0020742551423609257,0.16203662753105164,0.001,1.906660708002164
4531,0.0023004075046628714,0.0743982195854187,0.001,1.853529707994312
4532,0.0020619600545614958,0.11519777029752731,0.001,1.8502329170005396
4533,0.001979673281311989,0.11412118375301361,0.001,1.9516406249895226
4534,0.0020209779031574726,0.05510478466749191,0.001,1.9355935000057798
4535,0.0020237441640347242,0.05375787243247032,0.001,1.9929700840002624
4536,0.0024677631445229053,0.14269177615642548,0.001,1.8718982499995036
4537,0.002315899357199669,0.06682989746332169,0.001,1.8683101670030737
4538,0.0021669981069862843,0.0674310177564621,0.001,2.020239417004632
4539,0.0023698308505117893,0.07975811511278152,0.001,2.0475314159994014
4540,0.00200839526951313,0.040729667991399765,0.001,2.0065846250072354
4541,0.0019406131468713284,0.0952475294470787,0.001,2.049438000001828
4542,0.0020458130165934563,0.09523991495370865,0.001,2.0185455419996288
4543,0.001954110339283943,0.08796507120132446,0.001,2.0663719169970136
4544,0.0021636520978063345,0.0948360338807106,0.001,1.9880662909999955
4545,0.0021452109795063734,0.09323339909315109,0.001,2.03684549999889
4546,0.002169668208807707,0.07768630236387253,0.001,1.8713208330009365
4547,0.0021170431282371283,0.12122886627912521,0.001,1.9037784170068335
4548,0.0022402696777135134,0.08499301970005035,0.001,1.9986420829955023
4549,0.0022177170030772686,0.08633247017860413,0.001,1.9391597079957137
4550,0.0021329952869564295,0.07522246986627579,0.001,1.9751998749998165
4551,0.0019544148817658424,0.07705353945493698,0.001,1.9424587079993216
4552,0.0020447669085115194,0.08061952888965607,0.001,1.8665904580120696
4553,0.0019424328347668052,0.04313023388385773,0.001,2.014801749988692
4554,0.002046744804829359,0.04791519045829773,0.001,2.035850375003065
4555,0.0023023898247629404,0.038383640348911285,0.001,1.9814840420003748
4556,0.002145892707630992,0.05204519256949425,0.001,1.9054859999887412
4557,0.0022421262692660093,0.07663525640964508,0.001,1.9295079580042511
4558,0.0019740858115255833,0.053631968796253204,0.001,1.8960101660049986
4559,0.0023326652590185404,0.09952057152986526,0.001,1.9472817499918165
4560,0.002157673705369234,0.08382008224725723,0.001,2.1290820420108503
4561,0.002177058020606637,0.07124219089746475,0.001,1.883655625002575
4562,0.0022248064633458853,0.042330820113420486,0.001,1.8818312079965835
4563,0.0020800065249204636,0.05703312158584595,0.001,1.9338972499972442
4564,0.002229598117992282,0.06334780901670456,0.001,2.0415062500105705
4565,0.0019737009424716234,0.07775552570819855,0.001,1.9917609999974957
4566,0.0022395204287022352,0.0799645259976387,0.001,1.9563875829917379
4567,0.0020982581190764904,0.059756699949502945,0.001,1.881133624992799
4568,0.0024533856194466352,0.08135898411273956,0.001,1.8770474160119193
4569,0.0024625130463391542,0.07778895646333694,0.001,1.9721843329898547
4570,0.0018756496720016003,0.10982240736484528,0.001,2.0851883750001434
4571,0.0021140417084097862,0.07478757202625275,0.001,1.9430347080051433
4572,0.0023577336687594652,0.0962180644273758,0.001,1.9613032920024125
4573,0.00202868296764791,0.05494522675871849,0.001,1.868974500001059
4574,0.0017010472947731614,0.09157074242830276,0.001,1.964053249990684
4575,0.0023045060224831104,0.06533900648355484,0.001,2.1447582920081913
4576,0.0021740857046097517,0.08741199970245361,0.001,1.91612087500107
4577,0.002203281270340085,0.08298417180776596,0.001,1.8992336249939399
4578,0.0021463586017489433,0.1557663530111313,0.001,1.9579287090018624
4579,0.0021588485687971115,0.08367219567298889,0.001,1.9044375829980709
4580,0.002099902369081974,0.09763536602258682,0.001,1.959276958994451
4581,0.0023385745007544756,0.07669737190008163,0.001,1.9865257909987122
4582,0.0022757998667657375,0.09333197772502899,0.001,1.8963911669998197
4583,0.0023296948056668043,0.05347878485918045,0.001,1.9493274169944925
4584,0.002318222774192691,0.07347631454467773,0.001,1.994174125007703
4585,0.0021664216183125973,0.10701414197683334,0.001,2.154509625004721
4586,0.0020911269821226597,0.05534391105175018,0.001,1.9880483339948114
4587,0.0020461631938815117,0.07019317150115967,0.001,1.9416097500070464
4588,0.0019168839789927006,0.10531947016716003,0.001,1.863999666995369
4589,0.002161119831725955,0.07136662304401398,0.001,1.9122375000006286
4590,0.0021770503371953964,0.06504816561937332,0.001,1.998244665999664
4591,0.0019058551406487823,0.07852673530578613,0.001,1.9309284170012688
4592,0.002021601190790534,0.06784290820360184,0.001,1.9430111249967013
4593,0.0019493659492582083,0.06930489093065262,0.001,2.046254124987172
4594,0.0020834223832935095,0.06619422137737274,0.001,1.8939106670004549
4595,0.0020676753483712673,0.061959534883499146,0.001,1.9713124590052757
4596,0.0022286423482000828,0.07598447054624557,0.001,2.184552958002314
4597,0.0020606026519089937,0.05404426157474518,0.001,1.9286777090019314
4598,0.0022239787504076958,0.0373760424554348,0.001,1.9421942080080044
4599,0.0020845639519393444,0.08098172396421432,0.001,1.9639651250035968
4600,0.002283292356878519,0.0983770340681076,0.001,1.9386481670080684
4601,0.0021973387338221073,0.09042415767908096,0.001,2.0340319169918075
4602,0.0023609919007867575,0.0948207750916481,0.001,1.9579402090021176
4603,0.0018119083251804113,0.11927147209644318,0.001,1.8688722500082804
4604,0.0021527886856347322,0.09498104453086853,0.001,1.8944112500030315
4605,0.002131645567715168,0.13183307647705078,0.001,1.9273111669899663
4606,0.001967800548300147,0.07159217447042465,0.001,2.044738583994331
4607,0.0021091571543365717,0.11530384421348572,0.001,2.02045095799258
4608,0.002355760196223855,0.08631822466850281,0.001,1.9456155420048162
4609,0.0022294376976788044,0.08034374564886093,0.001,1.884139249988948
4610,0.0022503517102450132,0.07344968616962433,0.001,1.9562656250054715
4611,0.0023373402655124664,0.07415936887264252,0.001,2.0447136250004405
4612,0.002321266569197178,0.09455376863479614,0.001,1.9405079999996815
4613,0.002113336930051446,0.07716735452413559,0.001,1.9524754159938311
4614,0.00199049967341125,0.07842076569795609,0.001,2.075395624997327
4615,0.0022118953056633472,0.04801149666309357,0.001,1.9457518750132294
4616,0.00185779866296798,0.05817814916372299,0.001,1.983744791999925
4617,0.0019006043439731002,0.0691770687699318,0.001,1.9780310000060126
4618,0.0023547220043838024,0.09401338547468185,0.001,2.036437165996176
4619,0.0021638707257807255,0.08899089694023132,0.001,1.8817592909908853
4620,0.002218471607193351,0.10433708876371384,0.001,2.033127083996078
4621,0.0020807820837944746,0.07735873013734818,0.001,1.9486496250028722
4622,0.0018670099088922143,0.04707550257444382,0.001,1.9773622920038179
4623,0.002314939396455884,0.07437893748283386,0.001,1.9588060420064721
4624,0.002113566966727376,0.09815908968448639,0.001,1.8961938330030534
4625,0.0021317647770047188,0.10247057676315308,0.001,1.9624368749937275
4626,0.0021816506050527096,0.10168757289648056,0.001,2.0528470419958467
4627,0.0020476370118558407,0.10163247585296631,0.001,1.9527128749905387
4628,0.002084664534777403,0.05720229819417,0.001,1.9060869170061778
4629,0.0023347821552306414,0.10925833880901337,0.001,2.072747874990455
4630,0.002244062488898635,0.11192026734352112,0.001,1.8935532920004334
4631,0.001876092399470508,0.14433851838111877,0.001,2.1104475840111263
4632,0.0019010372925549746,0.09114935249090195,0.001,2.0106114169902867
4633,0.0018707459094002843,0.09831041097640991,0.001,1.9021488330035936
4634,0.0022456322330981493,0.07471243292093277,0.001,2.07691208300821
4635,0.0021209544502198696,0.08276529610157013,0.001,1.9666385409946088
4636,0.001997381215915084,0.07782567292451859,0.001,1.9625462080002762
4637,0.0020225849002599716,0.054388243705034256,0.001,1.9387247079866938
4638,0.002113320864737034,0.13210608065128326,0.001,1.9731259169930127
4639,0.0018499583238735795,0.07666603475809097,0.001,1.9679279580013826
4640,0.00236903945915401,0.07419569790363312,0.001,1.9204353329987498
4641,0.0022202080581337214,0.07466268539428711,0.001,2.0390107499988517
4642,0.002252837410196662,0.09661900252103806,0.001,1.9571962079935474
4643,0.0020054259803146124,0.12057223916053772,0.001,1.9151852500071982
4644,0.0021891039796173573,0.06865206360816956,0.001,1.9602059579920024
4645,0.0021180501207709312,0.07084905356168747,0.001,1.882019415992545
4646,0.0019762027077376842,0.04255576804280281,0.001,1.9788477090041852
4647,0.0021296977065503597,0.08853443711996078,0.001,2.0249462080100784
4648,0.002044911962002516,0.07524906098842621,0.001,1.9304874579975149
4649,0.0022180448286235332,0.05028321221470833,0.001,1.929443416011054
4650,0.002155160531401634,0.03926001489162445,0.001,2.046967542002676
4651,0.0021437162067741156,0.112846739590168,0.001,2.0061817910027457
4652,0.0020126858726143837,0.05410271883010864,0.001,1.939819459003047
4653,0.002228535246104002,0.07670636475086212,0.001,2.0514177920122165
4654,0.002440677722916007,0.11752814799547195,0.001,1.8767622919986024
4655,0.0021125618368387222,0.1133173406124115,0.001,1.9304086250049295
4656,0.0021226948592811823,0.0764164999127388,0.001,2.0097642920009093
4657,0.0020923875272274017,0.12709768116474152,0.001,1.9674080420081737
4658,0.0022047352977097034,0.07730147987604141,0.001,1.9412595409958158
4659,0.0023030152078717947,0.04104795306921005,0.001,1.954174458005582
4660,0.001946637756191194,0.06366730481386185,0.001,1.9803886669978965
4661,0.0020409096032381058,0.07042748481035233,0.001,1.9706640410004184
4662,0.002062306273728609,0.0948658213019371,0.001,2.131487749997177
4663,0.0020834526512771845,0.13026902079582214,0.001,1.9308077919995412
4664,0.0018601346528157592,0.1227358803153038,0.001,1.8924880419945111
4665,0.0016871680272743106,0.12210217118263245,0.001,2.1438497500057565
4666,0.0020910005550831556,0.11599763482809067,0.001,1.9646585829905234
4667,0.0019433515844866633,0.052581097930669785,0.001,1.981430833999184
4668,0.0022787924390286207,0.1143631786108017,0.001,2.0153329169988865
4669,0.0021321033127605915,0.07314789295196533,0.001,1.8808256250049453
4670,0.0021889659110456705,0.05916433781385422,0.001,1.9017838329891674
4671,0.0021663091611117125,0.09875459969043732,0.001,2.0745664589921944
4672,0.0020937800873070955,0.060346756130456924,0.001,1.9650071669893805
4673,0.0022388799116015434,0.10561782121658325,0.001,1.9725538750062697
4674,0.0023437864147126675,0.10958151519298553,0.001,2.0255245420121355
4675,0.0020842580124735832,0.11765627562999725,0.001,1.8735875419952208
4676,0.002019289880990982,0.06866825371980667,0.001,1.9255523329920834
4677,0.0023308200761675835,0.13230843842029572,0.001,2.0817730839917203
4678,0.0020189001224935055,0.0898749902844429,0.001,1.9539192920055939
4679,0.002213904168456793,0.10446779429912567,0.001,1.8997126250033034
4680,0.002224657917395234,0.10875319689512253,0.001,1.9615190830081701
4681,0.0019368281355127692,0.06639993190765381,0.001,1.9192292090010596
4682,0.0022064612712711096,0.0700627937912941,0.001,2.1017068340006517
4683,0.0021810983307659626,0.1132892444729805,0.001,2.0044147919979878
4684,0.0020518205128610134,0.11706653982400894,0.001,1.8928559999912977
4685,0.0020776684395968914,0.053548846393823624,0.001,1.9007440830027917
4686,0.0020736108999699354,0.061498090624809265,0.001,1.9719472500000848
4687,0.0020425105467438698,0.044645342975854874,0.001,1.9447076670039678
4688,0.002189474180340767,0.08149666339159012,0.001,1.9709887909993995
4689,0.0020502598490566015,0.10407203435897827,0.001,1.9902990419941489
4690,0.002200394170358777,0.0635242685675621,0.001,1.8787377909902716
4691,0.0022505787201225758,0.04534907639026642,0.001,1.8757261669961736
4692,0.002716047689318657,0.05787072703242302,0.001,2.2708146249933634
4693,0.001982080051675439,0.07806938141584396,0.001,1.9508912089950172
4694,0.00209443480707705,0.09240944683551788,0.001,1.9261878749966854
4695,0.00219199457205832,0.09399081021547318,0.001,2.064478959000553
4696,0.002037969185039401,0.07078287750482559,0.001,1.8747054580016993
4697,0.00187107571400702,0.07174815237522125,0.001,1.9561695830052486
4698,0.002052134834229946,0.10868562757968903,0.001,1.9987169999949401
4699,0.002135490532964468,0.051128048449754715,0.001,1.9823262089921627
4700,0.0018680095672607422,0.0742284283041954,0.001,1.860246417010785
4701,0.002025424037128687,0.07491733878850937,0.001,1.9829756249964703
4702,0.0017777748871594667,0.08107282221317291,0.001,2.0362271659978433
4703,0.0020161010324954987,0.06572017818689346,0.001,1.955392625008244
4704,0.0020535325165838003,0.062487948685884476,0.001,2.0368567910045385
4705,0.0020176616962999105,0.08253012597560883,0.001,1.865310084001976
4706,0.0020757345482707024,0.09004652500152588,0.001,1.901021750003565
4707,0.0020591062493622303,0.1271645426750183,0.001,1.9812235830031568
4708,0.0020269935484975576,0.0541316457092762,0.001,1.9487329999974463
4709,0.002234140643849969,0.07071205973625183,0.001,1.9638968749932246
4710,0.002189689315855503,0.09316578507423401,0.001,1.891054791994975
4711,0.0022013867273926735,0.07733899354934692,0.001,1.9610485839948524
4712,0.002013549907132983,0.08025920391082764,0.001,1.9057460830081254
4713,0.002146998420357704,0.08528809994459152,0.001,2.142592792006326
4714,0.0019250009208917618,0.1011648178100586,0.001,1.9887927920062793
4715,0.0019941339269280434,0.08396513760089874,0.001,1.9759958340000594
4716,0.0017859680810943246,0.12001872062683105,0.001,1.9605688330047997
4717,0.00207117828540504,0.04836989939212799,0.001,1.8995728330046404
4718,0.0018467273330315948,0.10545547306537628,0.001,1.9785952500096755
4719,0.002309984527528286,0.100801020860672,0.001,1.956348583989893
4720,0.001857885392382741,0.14057131111621857,0.001,1.9327970409940463
4721,0.0022067399695515633,0.10752313584089279,0.001,1.8983778749970952
4722,0.002101598307490349,0.09391649067401886,0.001,1.9810066670033848
4723,0.0020037151407450438,0.0732855573296547,0.001,2.184220708993962
4724,0.0019132847664877772,0.0844130665063858,0.001,2.1098620839911746
4725,0.0022761535365134478,0.09440393000841141,0.001,1.9948298329982208
4726,0.002101214835420251,0.13133473694324493,0.001,1.883712375012692
4727,0.001830460038036108,0.08282399922609329,0.001,1.9117951250082115
4728,0.0022268621250987053,0.09367121756076813,0.001,2.057153792004101
4729,0.002169995801523328,0.06821420788764954,0.001,1.9439620000048308
4730,0.0020894715562462807,0.0732082948088646,0.001,1.8880353749991627
4731,0.002151596825569868,0.08265708386898041,0.001,1.9699564170005033
4732,0.0023015483748167753,0.13444408774375916,0.001,1.8871899579971796
4733,0.0019983993843197823,0.06775900721549988,0.001,1.9364505830017151
4734,0.00201232242397964,0.061278365552425385,0.001,2.0935048749961425
4735,0.0021125783678144217,0.08193168044090271,0.001,2.0687111250008456
4736,0.0018660214263945818,0.06636495143175125,0.001,1.860279582993826
4737,0.0020243350882083178,0.03153720125555992,0.001,1.8849137910001446
4738,0.0018916893750429153,0.12107551097869873,0.001,1.9801752079947619
4739,0.001948201796039939,0.053221385926008224,0.001,1.9321568330051377
4740,0.0021104717161506414,0.06594479084014893,0.001,1.9049079590040492
4741,0.002112180693075061,0.09140510112047195,0.001,1.860485333003453
4742,0.0021311230957508087,0.04272153601050377,0.001,1.9514053750026505
4743,0.0018331698374822736,0.06600435078144073,0.001,1.9391607500001555
4744,0.0021279226057231426,0.11393275111913681,0.001,1.9485725419945084
4745,0.0019047511741518974,0.07715245336294174,0.001,2.0338877080066595
4746,0.002185506746172905,0.09195038676261902,0.001,1.9550115409947466
4747,0.002146562561392784,0.08294914662837982,0.001,1.873764999996638
4748,0.002022281289100647,0.09431073814630508,0.001,1.8953620829997817
4749,0.0019445441430434585,0.1006985679268837,0.001,2.1048929590033367
4750,0.002080068923532963,0.07115965336561203,0.001,1.9865145410003606
4751,0.002072391100227833,0.10577931255102158,0.001,1.8722034999955213
4752,0.0023130765184760094,0.09083682298660278,0.001,1.8578596250008559
4753,0.0021143173798918724,0.10320644825696945,0.001,1.9765773749968503
4754,0.0021153069101274014,0.11486624926328659,0.001,1.922959792005713
4755,0.002136215567588806,0.12947091460227966,0.001,1.917342999993707
4756,0.0020744502544403076,0.06977679580450058,0.001,1.8839387080079177
4757,0.0022857075091451406,0.059438642114400864,0.001,1.9206043340091128
4758,0.002207767218351364,0.11348577588796616,0.001,1.9459451669972623
4759,0.002208711812272668,0.11096023768186569,0.001,1.9415757079987088
4760,0.0021100465673953295,0.07872196286916733,0.001,1.9350028750050114
4761,0.0022149484138935804,0.06822182983160019,0.001,2.045976541994605
4762,0.0019028523238375783,0.0857885479927063,0.001,1.887852166997618
4763,0.0021065049804747105,0.07238780707120895,0.001,1.8968853340047644
4764,0.0020912049803882837,0.04399065300822258,0.001,2.0360286249924684
4765,0.0022097809705883265,0.06331869959831238,0.001,2.0440342919901013
4766,0.0020712947007268667,0.05714784935116768,0.001,2.007816500001354
4767,0.0020405470859259367,0.08711155503988266,0.001,1.9159383340011118
4768,0.0019953176379203796,0.107709139585495,0.001,1.868081708002137
4769,0.002023792127147317,0.04705381393432617,0.001,2.0798594580119243
4770,0.0021491392981261015,0.09571144729852676,0.001,1.984528708999278
4771,0.002046684268862009,0.06789080798625946,0.001,1.8644523749971995
4772,0.0020821590442210436,0.06492065638303757,0.001,1.7728809170075692
4773,0.0020954227074980736,0.1030028909444809,0.001,1.851537249996909
4774,0.0020105403382331133,0.07445400953292847,0.001,1.7795089169958374
4775,0.0019889543764293194,0.09879256784915924,0.001,1.767122584002209
4776,0.001998032908886671,0.11835900694131851,0.001,1.7626962499925867
4777,0.002123829908668995,0.06682184338569641,0.001,1.7856474590080325
4778,0.002146724611520767,0.15662623941898346,0.001,1.7665415830124402
4779,0.002164603676646948,0.03464630991220474,0.001,1.7502145420003217
4780,0.002032084623351693,0.1327332854270935,0.001,1.7653000840073219
4781,0.0019941534847021103,0.10995659977197647,0.001,1.7681029590021353
4782,0.0017901700921356678,0.060949694365262985,0.001,1.8102379170013592
4783,0.002157697221264243,0.08465597033500671,0.001,1.755196915997658
4784,0.002081214915961027,0.05402940884232521,0.001,1.7578812499996275
4785,0.0017217027489095926,0.07722808420658112,0.001,1.7783445840032073
4786,0.0019135659094899893,0.06903532892465591,0.001,1.7564203749934677
4787,0.0019184205448254943,0.0715743824839592,0.001,1.7563819170027273
4788,0.002179516013711691,0.06173860281705856,0.001,1.7939811250107596
4789,0.0020203888416290283,0.04055552929639816,0.001,1.7553579580126097
4790,0.0019378246506676078,0.11961229145526886,0.001,1.8251810830115573
4791,0.002048793248832226,0.10831250250339508,0.001,1.7577641249954468
4792,0.0021743187680840492,0.03794397786259651,0.001,1.7665364999993471
4793,0.001996144652366638,0.061738863587379456,0.001,1.759820999999647
4794,0.0021851975470781326,0.06658942997455597,0.001,1.7690027079952415
4795,0.0019378855358809233,0.06094742938876152,0.001,1.7604109170060838
4796,0.002057775156572461,0.040645796805620193,0.001,1.7533317080087727
4797,0.0018229188863188028,0.09455782175064087,0.001,1.7715692500059959
4798,0.0020438001956790686,0.10862898826599121,0.001,1.7523166659957496
4799,0.0020845592953264713,0.06373602896928787,0.001,1.7977743329975056
4800,0.0016194275813177228,0.07685767859220505,0.001,1.8504698750039097
4801,0.002008371986448765,0.06549070030450821,0.001,1.7720320829976117
4802,0.0023251043166965246,0.058272700756788254,0.001,1.765519916996709
4803,0.002097302582114935,0.11171375215053558,0.001,1.7470723330043256
4804,0.0018428390612825751,0.08668243139982224,0.001,1.7817633339873282
4805,0.002109446795657277,0.10398699343204498,0.001,1.7742970410035923
4806,0.0021465104073286057,0.09878314286470413,0.001,1.7530840419931337
4807,0.0023154751397669315,0.07403894513845444,0.001,1.7450183750042925
4808,0.0022328898776322603,0.13313136994838715,0.001,1.8302183339983458
4809,0.0018199444748461246,0.09362645447254181,0.001,1.7641012499952922
4810,0.001988976029679179,0.09573455899953842,0.001,1.7558047079946846
4811,0.0022332584485411644,0.1078326627612114,0.001,1.7554464999993797
4812,0.0019925921224057674,0.1510676145553589,0.001,1.7635107499954756
4813,0.0021458668634295464,0.06915479153394699,0.001,1.7479293340002187
4814,0.002207098761573434,0.10081947594881058,0.001,1.7911077909957385
4815,0.002003527944907546,0.09788519144058228,0.001,1.7633902499946998
4816,0.002276074606925249,0.07965706288814545,0.001,1.7504579160013236
4817,0.0020063272677361965,0.11288437247276306,0.001,1.8139619159919675
4818,0.0018963853362947702,0.08228063583374023,0.001,1.7600763329974143
4819,0.0022836709395051003,0.1151561588048935,0.001,1.817921166002634
4820,0.002232444006949663,0.07419668138027191,0.001,1.7630176249949727
4821,0.001913586282171309,0.09160206466913223,0.001,1.8709979580016807
4822,0.0018124977359548211,0.1262456625699997,0.001,1.7568002920015715
4823,0.0019436028087511659,0.09261788427829742,0.001,1.7651954169996316
4824,0.0022205892018973827,0.07823356240987778,0.001,1.7570184579963097
4825,0.0022514252923429012,0.0884506106376648,0.001,1.8258615829981863
4826,0.0020837089978158474,0.07593703269958496,0.001,1.7568874580028933
4827,0.002126820385456085,0.1371411830186844,0.001,1.7601531669934047
4828,0.002048021648079157,0.07387296110391617,0.001,1.7545342910016188
4829,0.0021150698885321617,0.10915673524141312,0.001,1.8784095830051228
4830,0.0018487116321921349,0.07964036613702774,0.001,1.7691178329987451
4831,0.001855254522524774,0.05568268895149231,0.001,1.8339387500018347
4832,0.0020243593025952578,0.11750548332929611,0.001,1.7617220420070225
4833,0.0020871718879789114,0.11193835735321045,0.001,1.761890082998434
4834,0.0018855350790545344,0.06449508666992188,0.001,1.8791967500001192
4835,0.00210208329372108,0.09246965497732162,0.001,1.7786692079971544
4836,0.0019678212702274323,0.11979445070028305,0.001,1.7580717909877421
4837,0.0022239501122385263,0.08486112952232361,0.001,1.8525526659941534
4838,0.0019816136918962,0.07097382098436356,0.001,1.7695997920091031
4839,0.002251808298751712,0.09389334172010422,0.001,1.7590199999976903
4840,0.0019592847675085068,0.08981005847454071,0.001,1.7792101249942789
4841,0.002107728738337755,0.06962613016366959,0.001,1.8362602080014767
4842,0.0019901262130588293,0.11456342041492462,0.001,1.765825333990506
4843,0.0023134956136345863,0.0955512598156929,0.001,1.750870458999998
4844,0.0020662611350417137,0.08725574612617493,0.001,1.8633569999947213
4845,0.002240109024569392,0.0898546576499939,0.001,1.7922942500008503
4846,0.0020599181298166513,0.08719576895236969,0.001,1.7625502500013681
4847,0.0020021083764731884,0.09500913321971893,0.001,1.8242684160068166
4848,0.002149728825315833,0.12214677035808563,0.001,1.8122272500040708
4849,0.0018238307675346732,0.1029115840792656,0.001,1.7580852499959292
4850,0.00204013311304152,0.08478764444589615,0.001,1.890431042003911
4851,0.0019038559403270483,0.10395142436027527,0.001,1.7645384589995956
4852,0.002119515324011445,0.1103590801358223,0.001,1.7744602500024484
4853,0.002003604080528021,0.05923767760396004,0.001,1.9891400000051362
4854,0.0020122260320931673,0.10403166711330414,0.001,2.0566365419945214
4855,0.0018891558283939958,0.12012211233377457,0.001,2.0025335419923067
4856,0.0021576001308858395,0.10376306623220444,0.001,1.9450786669913214
4857,0.0021347859874367714,0.08409620821475983,0.001,1.7647105419891886
4858,0.0021490303333848715,0.07528821378946304,0.001,1.7632237090001581
4859,0.0019518976332619786,0.10088802874088287,0.001,1.8477024169988
4860,0.002005852060392499,0.076777882874012,0.001,1.786808042001212
4861,0.0021223798394203186,0.10824629664421082,0.001,1.7678798330016434
4862,0.0020327873062342405,0.1239396333694458,0.001,1.7526415000029374
4863,0.002044831635430455,0.09104522317647934,0.001,1.7836355000035837
4864,0.0018653902225196362,0.07868845760822296,0.001,1.7490552500094054
4865,0.002145074075087905,0.07547059655189514,0.001,1.755621042000712
4866,0.002236402127891779,0.08346401154994965,0.001,1.7541472909942968
4867,0.0021693601738661528,0.04024414345622063,0.001,1.7456775830069091
4868,0.0022403066977858543,0.09422615170478821,0.001,1.8302567079954315
4869,0.0019267486641183496,0.10161691159009933,0.001,1.7741379169892753
4870,0.002290942706167698,0.04985760152339935,0.001,1.7798492500005523
4871,0.002195115201175213,0.08949632197618484,0.001,1.798706375004258
4872,0.0019916957244277,0.09268958121538162,0.001,1.866855750005925
4873,0.0020294231362640858,0.0695158839225769,0.001,1.7653008330089506
4874,0.0021046854089945555,0.10350459069013596,0.001,1.7637937499966938
4875,0.0019849962554872036,0.12383488565683365,0.001,1.8298939170053927
4876,0.0021474878303706646,0.06479176133871078,0.001,1.7567490420042304
4877,0.0019798658322542906,0.0631486251950264,0.001,1.7504742909950437
4878,0.0019668368622660637,0.08265487849712372,0.001,1.7568645830033347
4879,0.0020118735264986753,0.09259425103664398,0.001,1.7662190420087427
4880,0.0019162970129400492,0.13012683391571045,0.001,1.8475725000025705
4881,0.0017515243962407112,0.061355773359537125,0.001,1.7668405410076957
4882,0.0021367999725043774,0.13115541636943817,0.001,1.8495947919873288
4883,0.0021366416476666927,0.11678722500801086,0.001,2.041621500000474
4884,0.0020817648619413376,0.10625742375850677,0.001,1.954755083002965
4885,0.0024486936163157225,0.138520285487175,0.001,1.771353165997425
4886,0.001909982762299478,0.10075454413890839,0.001,1.832817458009231
4887,0.001994027988985181,0.15859846770763397,0.001,1.7884883750084555
4888,0.0020324508659541607,0.15333162248134613,0.001,1.7925201659963932
4889,0.002078446326777339,0.03948458656668663,0.001,1.7797144159994787
4890,0.0024028513580560684,0.11629775166511536,0.001,1.8335983750002924
4891,0.00225624511949718,0.11454620957374573,0.001,1.864356707999832
4892,0.001992078498005867,0.06602068245410919,0.001,1.790709875000175
4893,0.0018450176576152444,0.1474267989397049,0.001,1.7565229579922743
4894,0.0022224034182727337,0.09746922552585602,0.001,1.884194917001878
4895,0.0022136445622891188,0.0433553084731102,0.001,1.7684003330068663
4896,0.0018079053843393922,0.10914114862680435,0.001,1.7754462500015507
4897,0.0023325812071561813,0.057338912039995193,0.001,1.8360967499902472
4898,0.002010554540902376,0.08504227548837662,0.001,1.7753108750039246
4899,0.0018468339694663882,0.04925844818353653,0.001,1.8001556249946589
4900,0.002229070756584406,0.07526862621307373,0.001,1.8054233339935308
4901,0.0021827055606991053,0.041455816477537155,0.001,1.8098757920088246
4902,0.0019564444664865732,0.0880761370062828,0.001,1.7562541250081267
4903,0.0020155366510152817,0.06629995256662369,0.001,1.749620375005179
4904,0.001968183321878314,0.07197481393814087,0.001,1.7562719999987166
4905,0.0021128326188772917,0.062212616205215454,0.001,1.756368584014126
4906,0.001932197017595172,0.0971236601471901,0.001,1.834460208992823
4907,0.0018241395009681582,0.10714477300643921,0.001,1.7647204590030015
4908,0.0022614633198827505,0.08438197523355484,0.001,1.7737514589971397
4909,0.00181085173971951,0.09205300360918045,0.001,1.7656522079923889
4910,0.0019376293057575822,0.0704163983464241,0.001,1.8404471249959897
4911,0.0019142579985782504,0.09520546346902847,0.001,1.769074666997767
4912,0.0018566277576610446,0.07575031369924545,0.001,1.8431212499999674
4913,0.0023394939489662647,0.040832679718732834,0.001,1.7657548330025747
4914,0.0017524291761219501,0.06734230369329453,0.001,1.7604645840037847
4915,0.0019280018750578165,0.09526841342449188,0.001,1.7907875420060009
4916,0.002195426495745778,0.10478617250919342,0.001,1.8315075419959612
4917,0.0021456945687532425,0.14036224782466888,0.001,1.7634276250028051
4918,0.001958822598680854,0.10683157294988632,0.001,1.7711727499990957
4919,0.0021240045316517353,0.09301242977380753,0.001,2.096637209004257
4920,0.0018427475588396192,0.09862165153026581,0.001,1.9255722909874748
4921,0.0019138208590447903,0.0724768191576004,0.001,1.7539718330081087
4922,0.0019875161815434694,0.10691359639167786,0.001,1.756500583011075
4923,0.0022225596476346254,0.10895266383886337,0.001,1.7676835829915944
4924,0.0019528777338564396,0.05873569846153259,0.001,1.8336661249923054
4925,0.0020977556705474854,0.06682001054286957,0.001,1.7630587500025285
4926,0.0023557792883366346,0.08383592963218689,0.001,1.7846449999924516
4927,0.0018987368093803525,0.13797341287136078,0.001,1.8449221670016414
4928,0.002121324883773923,0.07903049886226654,0.001,1.8097644169902196
4929,0.0019646105356514454,0.12835277616977692,0.001,1.786492334009381
4930,0.0020650506485253572,0.1618603765964508,0.001,1.8555423750076443
4931,0.0017851256998255849,0.08020418137311935,0.001,1.805229417004739
4932,0.0019470794359222054,0.10082639008760452,0.001,1.7648618330131285
4933,0.0016729719936847687,0.11659534275531769,0.001,2.0071445829962613
4934,0.0020631453953683376,0.08375003933906555,0.001,1.762833667002269
4935,0.002133745700120926,0.08988239616155624,0.001,1.7761147499986691
4936,0.0020609123166650534,0.09485539048910141,0.001,1.7743390419927891
4937,0.002178639406338334,0.08035288006067276,0.001,2.5175006250065053
4938,0.002301657572388649,0.07977228611707687,0.001,1.8204589170054533
4939,0.0023178455885499716,0.09864944219589233,0.001,2.0673667499941075
4940,0.0023168257903307676,0.03792113438248634,0.001,1.8368969169969205
4941,0.0021798238158226013,0.11716283112764359,0.001,1.8458155830012402
4942,0.002175091067329049,0.08655742555856705,0.001,1.8795944579906063
4943,0.0020006634294986725,0.0780390128493309,0.001,1.7676245840120828
4944,0.002005071844905615,0.122749462723732,0.001,1.888332791000721
4945,0.001947509590536356,0.09565645456314087,0.001,1.7925960419961484
4946,0.001940031535923481,0.06231765076518059,0.001,1.7542043330031447
4947,0.0018207785906270146,0.13694709539413452,0.001,1.8343548749980982
4948,0.001995313446968794,0.11027374863624573,0.001,1.7846673329913756
4949,0.002230485901236534,0.10807652771472931,0.001,1.7802614999964135
4950,0.0020512514747679234,0.10538238286972046,0.001,1.748540457992931
4951,0.0020443997345864773,0.06953782588243484,0.001,1.849264000004041
4952,0.002104361541569233,0.13675810396671295,0.001,1.7562643330020364
4953,0.002258203225210309,0.12511776387691498,0.001,1.7509048329957295
4954,0.002003808505833149,0.11444083601236343,0.001,1.7536125420010649
4955,0.0019358149729669094,0.10112509876489639,0.001,1.74836654200044
4956,0.00197278312407434,0.08502694219350815,0.001,1.833979332994204
4957,0.0021867165341973305,0.07826284319162369,0.001,1.7758018339955015
4958,0.001856312737800181,0.09345198422670364,0.001,1.7998221660091076
4959,0.0017035218188539147,0.08262346684932709,0.001,1.7803614169970388
4960,0.0022356202825903893,0.09465765953063965,0.001,1.844677375003812
4961,0.0021162780467420816,0.1483207494020462,0.001,1.7545567079941975
4962,0.0020961202681064606,0.1252460777759552,0.001,1.851446999993641
4963,0.0023271895479410887,0.06386192888021469,0.001,1.7762697919970378
4964,0.002003522589802742,0.10128669440746307,0.001,1.755248583998764
4965,0.002000597072765231,0.05269051715731621,0.001,1.7843624170054682
4966,0.001907465746626258,0.09743409603834152,0.001,1.8587228340038564
4967,0.0019033366115763783,0.07174824178218842,0.001,1.7599928340059705
4968,0.0017345111118629575,0.06482063978910446,0.001,1.7754492499952903
4969,0.0019401793833822012,0.09408733993768692,0.001,1.8486408750031842
4970,0.002221962669864297,0.11387159675359726,0.001,1.763446416996885
4971,0.002308035735040903,0.07318675518035889,0.001,1.7655179580033291
4972,0.002242609392851591,0.06403832882642746,0.001,1.866170666005928
4973,0.0018336178036406636,0.08523140102624893,0.001,1.7666808329959167
4974,0.001961751841008663,0.09417623281478882,0.001,1.7671815840003546
4975,0.002216154709458351,0.044208820909261703,0.001,1.7870356670027832
4976,0.0019456121372058988,0.1387423276901245,0.001,1.822515708001447
4977,0.0020545192528516054,0.1019587516784668,0.001,1.8593963750026887
4978,0.002141589531674981,0.09104971587657928,0.001,1.807990167013486
4979,0.0019038402242586017,0.08365684747695923,0.001,1.8732955419982318
4980,0.002231054939329624,0.09162524342536926,0.001,1.7700127089919988
4981,0.0020101990085095167,0.10080122947692871,0.001,1.759435999993002
4982,0.0020932715851813555,0.1489705592393875,0.001,1.7606200000009267
4983,0.0020115291699767113,0.08202960342168808,0.001,1.881413374998374
4984,0.002204019110649824,0.07878339290618896,0.001,1.7754447090119356
4985,0.0020763303618878126,0.12598536908626556,0.001,1.8923710829985794
4986,0.0020211951341480017,0.09608645737171173,0.001,1.7765317500015954
4987,0.0021388467866927385,0.09785433858633041,0.001,1.7623774579988094
4988,0.0020942094270139933,0.07787719368934631,0.001,1.7866923749970738
4989,0.0020311169791966677,0.11301788687705994,0.001,1.8386765839968575
4990,0.002113174879923463,0.08446170389652252,0.001,1.76164133400016
4991,0.0017712708795443177,0.07626193016767502,0.001,1.7814364999940153
4992,0.0021244066301733255,0.09799862653017044,0.001,1.8285190829919884
4993,0.002008914714679122,0.10442469269037247,0.001,1.7693912090035155
4994,0.0022947879042476416,0.07023943960666656,0.001,1.7610114160052035
4995,0.002097474643960595,0.049627598375082016,0.001,1.8834214160015108
4996,0.001969670644029975,0.08578252792358398,0.001,1.775063458000659
4997,0.001993629615753889,0.11415714025497437,0.001,1.7454406670003664
4998,0.0018101317109540105,0.08941144496202469,0.001,1.8577234169933945
4999,0.0021748377475887537,0.055228058248758316,0.001,1.7660108749987558
5000,0.0023477061185985804,0.05979456007480621,0.001,1.7544267080083955
5001,0.00185719586443156,0.09745855629444122,0.0001,2.0349473340029363
5002,0.0018602197524160147,0.10955366492271423,0.0001,1.815605833005975
5003,0.0022630253806710243,0.07318855822086334,0.0001,1.8429791670059785
5004,0.0022280332632362843,0.053127631545066833,0.0001,1.814261166000506
5005,0.0018051181687042117,0.06537213921546936,0.0001,1.8036511669924948
5006,0.0019851261749863625,0.05429309234023094,0.0001,1.8088196250027977
5007,0.002042520558461547,0.05079203099012375,0.0001,1.798809917003382
5008,0.0019538833294063807,0.04837730526924133,0.0001,1.8706517499958863
5009,0.0017228000797331333,0.06440999358892441,0.0001,1.8204172499972628
5010,0.0017097863601520658,0.08157606422901154,0.0001,1.8141327500052284
5011,0.0022387406788766384,0.06375402957201004,0.0001,1.8061435420095222
5012,0.0017119901021942496,0.10393163561820984,0.0001,1.8079951660038205
5013,0.0018861648859456182,0.08035526424646378,0.0001,1.790668291010661
5014,0.0019482350908219814,0.08452586084604263,0.0001,1.806504499996663
5015,0.0019045419758185744,0.07050424069166183,0.0001,1.8081655829882948
5016,0.002030417788773775,0.025671085342764854,0.0001,1.8306667500000913
5017,0.0015428932383656502,0.05774843320250511,0.0001,1.8769986250117654
5018,0.0018615053268149495,0.0961281880736351,0.0001,1.804031624997151
5019,0.001848430372774601,0.09451165050268173,0.0001,1.8039007089973893
5020,0.0019994531758129597,0.0753791406750679,0.0001,1.8113241660030326
5021,0.0018558719893917441,0.06074567139148712,0.0001,1.7981390409986489
5022,0.0018305516568943858,0.060568876564502716,0.0001,1.8085829579940764
5023,0.0018614230211824179,0.08943911641836166,0.0001,1.8377095829928294
5024,0.0020018352661281824,0.08703414350748062,0.0001,1.8181880000047386
5025,0.0018594191642478108,0.05138278380036354,0.0001,1.8112329170107841
5026,0.0018029832281172276,0.07349732518196106,0.0001,1.8079296670039184
5027,0.0017601914005354047,0.05811090022325516,0.0001,1.8051391659973888
5028,0.0018981746397912502,0.050203874707221985,0.0001,1.8293823749991134
5029,0.00222499156370759,0.05110674723982811,0.0001,1.8249455000041053
5030,0.0019472864223644137,0.05184578895568848,0.0001,1.8185417909990065
5031,0.0020966746378690004,0.03820924088358879,0.0001,1.8231917499942938
5032,0.0020018911454826593,0.04174768179655075,0.0001,1.8034729579958366
5033,0.0020032585598528385,0.0482863187789917,0.0001,1.8211873749969527
5034,0.0019125889521092176,0.05616214871406555,0.0001,1.8129069159913342
5035,0.0018315662164241076,0.06078041344881058,0.0001,1.8866396249941317
5036,0.0019232009071856737,0.05354674160480499,0.0001,2.248438291993807
5037,0.0019136067712679505,0.0588851198554039,0.0001,1.9490330000116955
5038,0.0019480792107060552,0.0389254055917263,0.0001,1.8086248750041705
5039,0.0018207802204415202,0.04449009150266647,0.0001,1.827390957987518
5040,0.001956190448254347,0.03962169587612152,0.0001,1.7982692910009064
5041,0.002076647477224469,0.04650207981467247,0.0001,1.8195603750064038
5042,0.0018834656802937388,0.04118569195270538,0.0001,1.8045867920009186
5043,0.0019662182312458754,0.03301750868558884,0.0001,1.8081272499985062
5044,0.0019050618866458535,0.05844316631555557,0.0001,1.8438088340044487
5045,0.002016646321862936,0.04743364825844765,0.0001,1.8300255829963135
5046,0.002078960184007883,0.016546767204999924,0.0001,1.7996797500090906
5047,0.0020239721052348614,0.049129098653793335,0.0001,1.8006570830038982
5048,0.002242358634248376,0.05330760404467583,0.0001,1.8164552499947604
5049,0.0016790146473795176,0.01971609890460968,0.0001,1.9175427080044756
5050,0.0019993905443698168,0.03823508694767952,0.0001,1.8327849580091424
5051,0.0019861424807459116,0.05083862319588661,0.0001,1.8135544590040809
5052,0.0018368915189057589,0.021291976794600487,0.0001,1.8038474159984617
5053,0.0020072502084076405,0.0279257670044899,0.0001,1.8025805829965975
5054,0.0021610409021377563,0.03775861859321594,0.0001,1.8281089160009287
5055,0.0018768806476145983,0.03550122305750847,0.0001,1.8544754590111552
5056,0.0018535060808062553,0.020672105252742767,0.0001,1.8189573750132695
5057,0.001729063456878066,0.026466121897101402,0.0001,1.8198046659963438
5058,0.001735366997309029,0.04291773959994316,0.0001,1.8350376669986872
5059,0.0019513916922733188,0.027018407359719276,0.0001,2.3138535829930333
5060,0.0017174623208120465,0.026700632646679878,0.0001,1.9262491249974119
5061,0.0021104118786752224,0.020932720974087715,0.0001,1.8027009579964215
5062,0.0018306230194866657,0.02337060682475567,0.0001,1.8667994999996154
5063,0.0018908681813627481,0.015846922993659973,0.0001,2.0397132920043077
5064,0.0019396740244701505,0.026450207456946373,0.0001,1.8206991250044666
5065,0.0015799219254404306,0.025405481457710266,0.0001,1.848700332993758
5066,0.0018878798000514507,0.024326389655470848,0.0001,1.8124585830082651
5067,0.0017416857881471515,0.023981161415576935,0.0001,1.7986124999879394
5068,0.0016895877197384834,0.016118640080094337,0.0001,1.811762124998495
5069,0.0017508316086605191,0.030268773436546326,0.0001,1.7938995419972343
5070,0.0016722700092941523,0.009846345521509647,0.0001,1.8172799169988139
5071,0.002187105594202876,0.022183656692504883,0.0001,1.8058550419955282
5072,0.0017691210377961397,0.01889931783080101,0.0001,1.802072374994168
5073,0.0019670850597321987,0.00616755336523056,0.0001,1.8149478329869453
5074,0.0017417343333363533,0.028500201180577278,0.0001,1.8597263749979902
5075,0.0015759083908051252,0.011825484223663807,0.0001,1.832286707998719
5076,0.0018998163286596537,0.01943160407245159,0.0001,1.8405671249929583
5077,0.0016652471385896206,0.02543221227824688,0.0001,1.878881333002937
5078,0.0017988492036238313,0.022845136001706123,0.0001,1.8187025419902056
5079,0.0018069533398374915,0.019770236685872078,0.0001,1.887630708006327
5080,0.001984261441975832,0.01448658388108015,0.0001,1.824161374999676
5081,0.0018647172255441546,0.018969208002090454,0.0001,1.8409313330048462
5082,0.001545045292004943,0.019905781373381615,0.0001,1.813802165997913
5083,0.001909458776935935,0.013560947962105274,0.0001,1.816114874993218
5084,0.0020178835839033127,0.019928056746721268,0.0001,2.3977438750007423
5085,0.0019506957614794374,0.015266850590705872,0.0001,1.867591917005484
5086,0.0019383649341762066,0.025658072903752327,0.0001,2.1412970000092173
5087,0.0016315920511260629,0.02293681725859642,0.0001,1.8525697919976665
5088,0.0019028944661840796,0.011661832220852375,0.0001,1.8151787079987116
5089,0.00161738193128258,0.03545792028307915,0.0001,1.8095568339922465
5090,0.0016934837913140655,0.008464275859296322,0.0001,1.845494791996316
5091,0.0018518278375267982,0.03188522905111313,0.0001,1.8052919580077287
5092,0.0018907003104686737,0.006661251652985811,0.0001,1.8126562499965075
5093,0.001970826182514429,0.007534597534686327,0.0001,1.8291484590008622
5094,0.0019337142584845424,0.03191732242703438,0.0001,1.8110562079964438
5095,0.001998591935262084,0.006817150861024857,0.0001,1.820534416998271
5096,0.0020767697133123875,0.02714739739894867,0.0001,1.8090929159952793
5097,0.0019495546584948897,0.02441381849348545,0.0001,1.8312930420070188
5098,0.0018274371977895498,0.021076936274766922,0.0001,1.816684624995105
5099,0.001807740773074329,0.01967547833919525,0.0001,1.8142918329976965
5100,0.001851472770795226,0.008353971876204014,0.0001,1.8150895839935401
5101,0.0018133840057998896,0.029189718887209892,0.0001,1.8067002079915255
5102,0.0018639378249645233,0.013657279312610626,0.0001,1.7974003330018604
5103,0.002040351275354624,0.012048257514834404,0.0001,1.80864804200246
5104,0.0021512366365641356,0.022337839007377625,0.0001,1.8087812080048025
5105,0.0020289248786866665,0.0171448215842247,0.0001,1.8085254999896279
5106,0.0019170683808624744,0.024528952315449715,0.0001,1.8084395839978242
5107,0.0019112121080979705,0.02292901836335659,0.0001,1.8022688329947414
5108,0.0020345349330455065,0.013226970098912716,0.0001,1.7960564590030117
5109,0.0017615020042285323,0.013661568984389305,0.0001,1.810407082986785
5110,0.001951244194060564,0.01117806788533926,0.0001,1.808311208995292
5111,0.0018957459833472967,0.024026185274124146,0.0001,1.7974345830007223
5112,0.0016765743494033813,0.012617596425116062,0.0001,1.7975460830057273
5113,0.001721120672300458,0.018333865329623222,0.0001,1.8026178339932812
5114,0.0016440979670733213,0.02160544879734516,0.0001,1.806194916003733
5115,0.0015969602391123772,0.023711930960416794,0.0001,1.8173074579972308
5116,0.0015932649839669466,0.024140378460288048,0.0001,1.8182529579935363
5117,0.001867745304480195,0.014193927869200706,0.0001,1.8048861249990296
5118,0.0018311231397092342,0.009479232132434845,0.0001,1.9336502920050407
5119,0.0018978114239871502,0.01730026677250862,0.0001,1.8141867500089575
5120,0.0020304592326283455,0.009692353196442127,0.0001,1.8077170420001494
5121,0.0018186254892498255,0.017599456012248993,0.0001,1.8241449159977492
5122,0.0020664699841290712,0.010906477458775043,0.0001,1.8116207499988377
5123,0.0019023744389414787,0.009142071940004826,0.0001,1.8073017920105485
5124,0.0018724336987361312,0.0033327119890600443,0.0001,1.81114829199214
5125,0.0018107538344338536,0.009888626635074615,0.0001,1.8096468330040807
5126,0.0017841232474893332,0.011497322469949722,0.0001,1.825138042011531
5127,0.0019368714420124888,0.012180808931589127,0.0001,1.8006002499896567
5128,0.0017420212971046567,0.011889652349054813,0.0001,1.818405709011131
5129,0.0019252374768257141,0.010066481307148933,0.0001,1.8056749169918476
5130,0.0017888786969706416,0.01114987675100565,0.0001,1.8238427499891259
5131,0.0015488308854401112,0.0174272283911705,0.0001,1.866122916006134
5132,0.0017083408311009407,0.006974175572395325,0.0001,1.8170002499973634
5133,0.0018444611923769116,0.01855684630572796,0.0001,1.8211864170007175
5134,0.0020969354081898928,0.017732080072164536,0.0001,1.802717250000569
5135,0.002148046623915434,0.013285990804433823,0.0001,1.8067961250053486
5136,0.002178735565394163,0.006093911826610565,0.0001,1.7961550829932094
5137,0.002186789410188794,0.020966896787285805,0.0001,1.8279032919963356
5138,0.0018366106087341905,0.0073419311083853245,0.0001,1.8048758329969132
5139,0.0016898215981200337,0.017834926024079323,0.0001,1.8176423749973765
5140,0.0021373990457504988,0.008628965355455875,0.0001,1.796201375007513
5141,0.0018080421723425388,0.012058699503540993,0.0001,1.793301708996296
5142,0.0018745253328233957,0.009210418909788132,0.0001,1.8224141670070821
5143,0.0020333039574325085,0.01115453615784645,0.0001,1.8060819590027677
5144,0.0016592559404671192,0.012090369127690792,0.0001,1.7965055419917917
5145,0.0019231315236538649,0.006560651119798422,0.0001,1.8208325409941608
5146,0.0021113096736371517,0.021607428789138794,0.0001,1.8007462919922546
5147,0.0017970615299418569,0.005663144402205944,0.0001,1.819652332997066
5148,0.0017525620060041547,0.028755081817507744,0.0001,1.8131643749948125
5149,0.0016282612923532724,0.021897519007325172,0.0001,1.7972608339914586
5150,0.0018718919018283486,0.01590593531727791,0.0001,1.7899814160045935
5151,0.0019053451251238585,0.01713583990931511,0.0001,1.8159362919977866
5152,0.001931461738422513,0.014546265825629234,0.0001,1.8091851250064792
5153,0.0020048413425683975,0.01580866239964962,0.0001,1.8231724579964066
5154,0.001726471004076302,0.019087230786681175,0.0001,1.7978719580132747
5155,0.0018289766740053892,0.01112500112503767,0.0001,1.8111784170032479
5156,0.002091713948175311,0.01809544488787651,0.0001,1.8101199170050677
5157,0.0017620505532249808,0.008265928365290165,0.0001,1.813982583989855
5158,0.0021752496249973774,0.013404599390923977,0.0001,1.8157550410105614
5159,0.0019275331869721413,0.02277400903403759,0.0001,1.8091144580102991
5160,0.0017149563645944,0.016556067392230034,0.0001,1.7900764999940293
5161,0.0018815926741808653,0.01740722544491291,0.0001,1.7839335419994313
5162,0.0019448981620371342,0.005040117539465427,0.0001,1.8108906660054345
5163,0.0017647624481469393,0.014427755028009415,0.0001,1.982421541993972
5164,0.0021546988282352686,0.007716911844909191,0.0001,2.0437672499974724
5165,0.0017743406351655722,0.015160406939685345,0.0001,1.9542429159919266
5166,0.0018592943670228124,0.007458569016307592,0.0001,1.811936792000779
5167,0.0017529084580019116,0.01822572387754917,0.0001,1.7968553340033395
5168,0.0022006151266396046,0.008897690102458,0.0001,1.7915403340011835
5169,0.0018602272029966116,0.011530454270541668,0.0001,1.808032875007484
5170,0.0016832285327836871,0.010259224101901054,0.0001,1.8264745420019608
5171,0.0016173756448552012,0.010374103672802448,0.0001,1.8125155419984367
5172,0.001732489326968789,0.006524719297885895,0.0001,1.8066911670030095
5173,0.0019122131634503603,0.012034730985760689,0.0001,1.8116788749903208
5174,0.0019563252571970224,0.005426698364317417,0.0001,1.7551215419953223
5175,0.0017585114110261202,0.006998575292527676,0.0001,1.8032341250072932
5176,0.0018035477260127664,0.004952492192387581,0.0001,1.758883832997526
5177,0.0017447933787479997,0.007450949866324663,0.0001,1.7538878329942236
5178,0.0018299755174666643,0.005268040578812361,0.0001,1.75729229200806
5179,0.0018569232197478414,0.009899193421006203,0.0001,1.7495976670033997
5180,0.0021877437829971313,0.0060439882799983025,0.0001,1.7921358750027139
5181,0.0017608797643333673,0.007077678106725216,0.0001,1.7636936250055442
5182,0.001517683151178062,0.00876088347285986,0.0001,1.7902025420044083
5183,0.0018774104537442327,0.005317104049026966,0.0001,1.8719043750024866
5184,0.002036498161032796,0.0075806183740496635,0.0001,1.7901944589975756
5185,0.001831226865760982,0.008189041167497635,0.0001,1.7771007499977713
5186,0.0017762997886165977,0.00922184158116579,0.0001,1.7663365839980543
5187,0.001789309666492045,0.0076742395758628845,0.0001,1.7640384580008686
5188,0.002171968575567007,0.007540859282016754,0.0001,1.8745959170046262
5189,0.0018115824786946177,0.011022220365703106,0.0001,1.771949207992293
5190,0.0017999176634475589,0.009882334619760513,0.0001,1.8044841250084573
5191,0.0016651710029691458,0.009037596173584461,0.0001,1.8320277080056258
5192,0.0019310787320137024,0.008344926871359348,0.0001,1.7617336249968503
5193,0.0018191759008914232,0.010769661515951157,0.0001,1.7494848330097739
5194,0.0017387059051543474,0.009014955721795559,0.0001,1.7469524159969296
5195,0.0016356572741642594,0.010703125968575478,0.0001,1.7649553749943152
5196,0.0017709466628730297,0.011300587095320225,0.0001,1.8543317090079654
5197,0.0017864686669781804,0.005826524458825588,0.0001,2.1313591670041205
5198,0.0016955167520791292,0.024568768218159676,0.0001,1.8496055830037221
5199,0.0020281069446355104,0.007465368136763573,0.0001,1.7648895419988548
5200,0.0021678744815289974,0.01925191842019558,0.0001,1.8391663749935105
5201,0.0017418790375813842,0.011589142493903637,0.0001,1.7627299169980688
5202,0.00206142570823431,0.014997576363384724,0.0001,1.7610830839985283
5203,0.0019013626733794808,0.02006799355149269,0.0001,1.768043249991024
5204,0.0018014993984252214,0.012641309760510921,0.0001,1.7499534579983447
5205,0.0018347179284319282,0.015429539605975151,0.0001,1.7757015000097454
5206,0.0014680810272693634,0.011941046454012394,0.0001,1.7959002090065042
5207,0.0015193561557680368,0.02689536288380623,0.0001,1.7666207080037566
5208,0.0018281206721439958,0.012174788862466812,0.0001,1.7500921669998206
5209,0.001858245232142508,0.01686406321823597,0.0001,1.7985869590047514
5210,0.0016393857076764107,0.017614278942346573,0.0001,1.7672355840040836
5211,0.0020631698425859213,0.010917573235929012,0.0001,1.76533466699766
5212,0.0019065338419750333,0.01887276954948902,0.0001,1.7714030829956755
5213,0.0017487809527665377,0.021406961604952812,0.0001,1.763136041990947
5214,0.00184552778955549,0.012843194417655468,0.0001,1.7728546660073334
5215,0.0020961835980415344,0.01767994649708271,0.0001,1.7773398749995977
5216,0.0020496868528425694,0.015637900680303574,0.0001,1.7811519170063548
5217,0.0019131606677547097,0.021609432995319366,0.0001,1.7536296670004958
5218,0.002121912082657218,0.015378238633275032,0.0001,1.8100540000014007
5219,0.00194583460688591,0.011622031219303608,0.0001,1.7637781250086846
5220,0.0015885570319369435,0.026023784652352333,0.0001,1.7606011669995496
5221,0.0018505523912608624,0.015540037304162979,0.0001,1.7654685419984162
5222,0.0018324896227568388,0.009760458953678608,0.0001,1.763978542003315
5223,0.0019106095423921943,0.0165717676281929,0.0001,1.766409042000305
5224,0.0018591408152133226,0.008132493123412132,0.0001,1.7675787079933798
5225,0.0017711772816255689,0.014399098232388496,0.0001,1.772611083011725
5226,0.0020509017631411552,0.012490150518715382,0.0001,1.845803625008557
5227,0.002036948222666979,0.006138188298791647,0.0001,1.901823833992239
5228,0.0019160585943609476,0.017255613580346107,0.0001,1.918744249996962
5229,0.0019057608442381024,0.010458551347255707,0.0001,2.1401325830083806
5230,0.001524497987702489,0.014107801951467991,0.0001,2.13299666698731
5231,0.00212968816049397,0.008733470924198627,0.0001,1.8720503329968778
5232,0.0018014170927926898,0.007799800951033831,0.0001,1.8383903330104658
5233,0.0016406753566116095,0.005154252517968416,0.0001,1.7623288339964347
5234,0.0017225065967068076,0.011712859384715557,0.0001,1.7727870410017204
5235,0.0019311497453600168,0.0029785691294819117,0.0001,1.8460947919957107
5236,0.001974948449060321,0.009568932466208935,0.0001,1.7650585000083083
5237,0.0017534461803734303,0.00856294296681881,0.0001,1.7603889159945538
5238,0.0021233700681477785,0.00850695464760065,0.0001,1.7665295420010807
5239,0.0018507996574044228,0.014451006427407265,0.0001,1.7668011249916162
5240,0.001672868151217699,0.009144224226474762,0.0001,1.7781133340031374
5241,0.001929362304508686,0.011969245970249176,0.0001,1.7754073329997482
5242,0.001910364837385714,0.01087887305766344,0.0001,1.8056977499945788
5243,0.00195722165517509,0.010752037167549133,0.0001,1.8745375829894328
5244,0.0014100722037255764,0.01677723042666912,0.0001,1.762661708999076
5245,0.0016739186830818653,0.009934711270034313,0.0001,1.7751069590012776
5246,0.0017886168789118528,0.01718364842236042,0.0001,1.757449374999851
5247,0.0017193597741425037,0.01336793415248394,0.0001,2.0510630420030793
5248,0.0017641501035541296,0.02530667558312416,0.0001,1.9844560000055935
5249,0.002018808387219906,0.008672087453305721,0.0001,1.889433333009947
5250,0.0017093002097681165,0.01222300622612238,0.0001,1.8617437909997534
5251,0.001869893167167902,0.01228569820523262,0.0001,1.9286415410024347
5252,0.0019440257456153631,0.007483338005840778,0.0001,2.005991041995003
5253,0.001781629747711122,0.012364811263978481,0.0001,1.8942984999885084
5254,0.0017901745159178972,0.01513618417084217,0.0001,1.8653638329997193
5255,0.0018894835375249386,0.006407396402209997,0.0001,1.881490458996268
5256,0.0019773305393755436,0.013514533638954163,0.0001,1.91912633299944
5257,0.001799195189960301,0.007500146050006151,0.0001,1.926588083995739
5258,0.001932595856487751,0.007976910099387169,0.0001,1.9338890419894597
5259,0.0018140628235414624,0.01221726555377245,0.0001,1.8723415409913287
5260,0.0019603753462433815,0.0046478514559566975,0.0001,1.9816960000025574
5261,0.0015929699875414371,0.010378697887063026,0.0001,2.043174457998248
5262,0.0019994520116597414,0.007171023171395063,0.0001,2.2388068750005914
5263,0.0020130339544266462,0.010192111134529114,0.0001,2.3696801670012064
5264,0.0017459132941439748,0.008687456138432026,0.0001,2.2879124580067582
5265,0.0015829716576263309,0.011321200989186764,0.0001,1.9421253329928732
5266,0.0021549388766288757,0.008097701705992222,0.0001,1.9449282080022385
5267,0.002041494706645608,0.01363072544336319,0.0001,1.912985041999491
5268,0.0020966469310224056,0.012458610348403454,0.0001,1.9465784579952015
5269,0.0019725561141967773,0.004259287845343351,0.0001,1.8626889580045827
5270,0.001828994369134307,0.011221843771636486,0.0001,1.8660579579882324
5271,0.0020352303981781006,0.004884100053459406,0.0001,1.9598072499939008
5272,0.0018544323975220323,0.00775002921000123,0.0001,2.0239847080083564
5273,0.0018028976628556848,0.005991216748952866,0.0001,1.9065328750002664
5274,0.0019598219078034163,0.016950778663158417,0.0001,1.8788973339978838
5275,0.002028389135375619,0.01004642155021429,0.0001,2.0906286249955883
5276,0.0019749749917536974,0.019971255213022232,0.0001,1.9940809999970952
5277,0.0019322779262438416,0.011052677407860756,0.0001,1.9343679160083411
5278,0.0020677130669355392,0.013928143307566643,0.0001,1.8287322090036469
5279,0.001960270805284381,0.015621046535670757,0.0001,1.837348250002833
5280,0.0018613405991345644,0.021928608417510986,0.0001,1.8339395000075456
5281,0.0017370297573506832,0.014266674406826496,0.0001,1.8328003750066273
5282,0.0017422821838408709,0.023266365751624107,0.0001,1.8208689159946516
5283,0.0018966038478538394,0.020864052698016167,0.0001,1.7666252909984905
5284,0.0017247736686840653,0.015470918267965317,0.0001,1.7472614160069497
5285,0.001814747811295092,0.018480703234672546,0.0001,1.760531040999922
5286,0.001976385712623596,0.01251235231757164,0.0001,1.832298916997388
5287,0.0018544555641710758,0.014588514342904091,0.0001,1.7733237920037936
5288,0.0017637263517826796,0.006621494889259338,0.0001,1.7951074579905253
5289,0.0019111366709694266,0.0053773545660078526,0.0001,1.7620505000086268
5290,0.0021260257344692945,0.012039337307214737,0.0001,1.849578332999954
5291,0.0018518301658332348,0.003297311719506979,0.0001,1.7784367079875665
5292,0.0018318399088457227,0.01556896511465311,0.0001,1.7986293750000186
5293,0.001863199402578175,0.002578848972916603,0.0001,1.8864074580051238
5294,0.001930508646182716,0.013880613259971142,0.0001,1.79877716700139
5295,0.001905742334201932,0.006302374415099621,0.0001,1.8291733329970157
5296,0.0016413552220910788,0.011942066252231598,0.0001,1.8004841250076424
5297,0.00200977036729455,0.0069914753548800945,0.0001,1.7630692500097211
5298,0.0019706774037331343,0.012556028552353382,0.0001,1.8193333340022946
5299,0.0016497178003191948,0.006192054599523544,0.0001,1.782258749997709
5300,0.0019903709180653095,0.011895010247826576,0.0001,1.7740111250022892
5301,0.0021223316434770823,0.01116949412971735,0.0001,1.8358711659966502
5302,0.0018997661536559463,0.01219648402184248,0.0001,1.7733502499904716
5303,0.0017432741587981582,0.012877624481916428,0.0001,1.7732094590028282
5304,0.0019210048485547304,0.009467795491218567,0.0001,1.7642431249987567
5305,0.001759696169756353,0.016871364787220955,0.0001,1.7822780419955961
5306,0.001933970837853849,0.009954179637134075,0.0001,1.7587732920073904
5307,0.0019022236810997128,0.02069351263344288,0.0001,1.7713205000036396
5308,0.0019888959359377623,0.004419583361595869,0.0001,1.7570630830014125
5309,0.0017839617794379592,0.024876965209841728,0.0001,1.7678183340030955
5310,0.001662340946495533,0.006724437698721886,0.0001,1.8126703750021989
5311,0.0018219315679743886,0.028719108551740646,0.0001,1.7588217500015162
5312,0.001706438371911645,0.011399122886359692,0.0001,1.7558468750066822
5313,0.0019854293204844,0.028429988771677017,0.0001,1.763852375006536
5314,0.0018853641813620925,0.012396860867738724,0.0001,1.918567874992732
5315,0.0017520514084026217,0.0300676878541708,0.0001,1.7782861659943592
5316,0.0018241871148347855,0.019900202751159668,0.0001,1.8595480830117594
5317,0.0019553143065422773,0.02546224556863308,0.0001,1.7860092079936294
5318,0.0017833682941272855,0.017408868297934532,0.0001,1.7931539160053944
5319,0.0020275660790503025,0.02345559559762478,0.0001,1.7642971250024857
5320,0.0019176809582859278,0.01693277433514595,0.0001,1.8493437909928616
5321,0.0017852609744295478,0.015684913843870163,0.0001,1.8930098330019973
5322,0.0016697916435077786,0.013818682171404362,0.0001,1.7912359999900218
5323,0.0019166524289175868,0.012820659205317497,0.0001,1.8382037499977741
5324,0.0017733463319018483,0.011919752694666386,0.0001,1.7730357079999521
5325,0.0016946456162258983,0.011890876106917858,0.0001,1.7771912919997703
5326,0.001782896462827921,0.01383883971720934,0.0001,1.921922541994718
5327,0.0019989563152194023,0.011358247138559818,0.0001,2.264857166999718
5328,0.0018792912596836686,0.010892852209508419,0.0001,1.8556580829899758
5329,0.0018051625229418278,0.018533477559685707,0.0001,1.9823603330005426
5330,0.0019898030441254377,0.006843593902885914,0.0001,1.7528709580074064
5331,0.0018328510923311114,0.01599992625415325,0.0001,1.7892334169882815
5332,0.0019158581271767616,0.017776528373360634,0.0001,1.7807433749985648
5333,0.0017173171509057283,0.02357698604464531,0.0001,1.8505614589957986
5334,0.0019917746540158987,0.02410741150379181,0.0001,1.7579689159902046
5335,0.0015622584614902735,0.018719639629125595,0.0001,1.7895962079928722
5336,0.0017674262635409832,0.022604741156101227,0.0001,1.8445344580104575
5337,0.001956115709617734,0.01441298145800829,0.0001,1.7572921669925563
5338,0.0018174053402617574,0.02544892206788063,0.0001,1.7655643339967355
5339,0.001493925228714943,0.018444504588842392,0.0001,1.8300759580015438
5340,0.001772652962245047,0.02322486601769924,0.0001,1.7622466669999994
5341,0.001615839428268373,0.010470950976014137,0.0001,1.769578499995987
5342,0.0018977660220116377,0.012773589231073856,0.0001,1.7411039159924258
5343,0.001654098043218255,0.021253518760204315,0.0001,1.8414041250071023
5344,0.0018964221235364676,0.014560462906956673,0.0001,1.7536503750015981
5345,0.0018134653801098466,0.020889397710561752,0.0001,1.7543417080014478
5346,0.0014392732409760356,0.009641961194574833,0.0001,1.7402130830014357
5347,0.0017196038970723748,0.022551055997610092,0.0001,1.840582415999961
5348,0.001571769593283534,0.014199436642229557,0.0001,1.7501315830013482
5349,0.0018254849128425121,0.02351130172610283,0.0001,1.860782374991686
5350,0.001974462764337659,0.009546703658998013,0.0001,1.7441415829962352
5351,0.0018564489437267184,0.011534898541867733,0.0001,1.7337394589994801
5352,0.0015877244295552373,0.017718851566314697,0.0001,1.7903213329991559
5353,0.0018818938406184316,0.014171007089316845,0.0001,1.796728000001167
5354,0.0018663203809410334,0.014958858489990234,0.0001,1.7571981250075623
5355,0.0017524828435853124,0.01379547268152237,0.0001,1.7701013750047423
5356,0.001838090131059289,0.009951814077794552,0.0001,1.7815059999993537
5357,0.0018844581209123135,0.017675109207630157,0.0001,1.7934755419992143
5358,0.0017633948009461164,0.006605902221053839,0.0001,1.7934653330012225
5359,0.001744666718877852,0.01784759946167469,0.0001,1.9213770419883076
5360,0.0017115251393988729,0.015130343846976757,0.0001,2.1032662079960573
5361,0.0018663799855858088,0.01082454714924097,0.0001,2.01854866600479
5362,0.0018824265571311116,0.015936823561787605,0.0001,2.0526085839956068
5363,0.002124708378687501,0.011101211421191692,0.0001,1.8240714170096908
5364,0.0017280949978157878,0.02541586011648178,0.0001,1.7990527920046588
5365,0.0016541036311537027,0.017833400517702103,0.0001,1.743704082997283
5366,0.0018877402180805802,0.004468220751732588,0.0001,1.7451655420009047
5367,0.0018832238856703043,0.006110817193984985,0.0001,1.8292931670002872
5368,0.0019516723696142435,0.008270999416708946,0.0001,1.8546567500015954
5369,0.0018148940289393067,0.0131493816152215,0.0001,1.740238041995326
5370,0.001760056708008051,0.003880054224282503,0.0001,1.8151918749936158
5371,0.0020607688929885626,0.011773593723773956,0.0001,1.7547245409950847
5372,0.0022186015266925097,0.0045461952686309814,0.0001,1.7479562920052558
5373,0.001890965853817761,0.00936807505786419,0.0001,1.740589999986696
5374,0.001700422028079629,0.007201165426522493,0.0001,1.7750869159935974
5375,0.0014720387989655137,0.013414464890956879,0.0001,1.7381117500044638
5376,0.001987057039514184,0.0156119205057621,0.0001,1.7386102919990662
5377,0.0018701746594160795,0.0062903184443712234,0.0001,1.7354067920095986
5378,0.0016614468768239021,0.012294871732592583,0.0001,1.9693490830104565
5379,0.001974906073883176,0.006375797092914581,0.0001,2.0161480419919826
5380,0.001761283609084785,0.018693694844841957,0.0001,1.9071767090063076
5381,0.001681080786511302,0.009990801103413105,0.0001,1.9562341249984456
5382,0.001809462672099471,0.011318597942590714,0.0001,1.9467919589951634
5383,0.0017920443788170815,0.01725638285279274,0.0001,1.836621708003804
5384,0.0017148681217804551,0.01695229299366474,0.0001,1.9145510829985142
5385,0.002015533857047558,0.010822851210832596,0.0001,1.9446490830014227
5386,0.0018105984199792147,0.015680711716413498,0.0001,1.9493620419962099
5387,0.001681300695054233,0.011382032185792923,0.0001,1.8099377500038827
5388,0.0020771585404872894,0.0234613586217165,0.0001,1.8710190829879139
5389,0.0017292066477239132,0.005162555258721113,0.0001,1.971911208005622
5390,0.001582364784553647,0.0167480930685997,0.0001,1.900934999997844
5391,0.001363480230793357,0.00917581096291542,0.0001,2.0268829999986337
5392,0.0017684793565422297,0.021337827667593956,0.0001,1.8839839159918483
5393,0.00188809959217906,0.007372632622718811,0.0001,1.9159521670080721
5394,0.00189479801338166,0.02295074053108692,0.0001,1.9435200409934623
5395,0.0016984610119834542,0.00764869898557663,0.0001,2.024898707997636
5396,0.0018413173966109753,0.02451491169631481,0.0001,1.9042898330080789
5397,0.0016427028458565474,0.01589362323284149,0.0001,1.8596772080054507
5398,0.0018927588826045394,0.016502125188708305,0.0001,1.8861504590022378
5399,0.0018400871194899082,0.014306063763797283,0.0001,1.8409994170069695
5400,0.0021436363458633423,0.023178163915872574,0.0001,1.8929234579991316
5401,0.0018539797747507691,0.025725197046995163,0.0001,1.9091152500041062
5402,0.002105456544086337,0.010289855301380157,0.0001,2.010179499993683
5403,0.0018184283981099725,0.018741333857178688,0.0001,1.9350611669942737
5404,0.0018883409211412072,0.016374187543988228,0.0001,1.969682583003305
5405,0.001584365381859243,0.010967549867928028,0.0001,2.1062746250099735
5406,0.0017523932037875056,0.013385933823883533,0.0001,1.89608637499623
5407,0.0015260929940268397,0.009235055185854435,0.0001,1.882549582995125
5408,0.0018305114936083555,0.012378049083054066,0.0001,1.9183925830002408
5409,0.0018186557572335005,0.02084946073591709,0.0001,1.9079184170113876
5410,0.0020247993525117636,0.01828252710402012,0.0001,1.8952099580055801
5411,0.0017937385709956288,0.018131280317902565,0.0001,1.8952401249989634
5412,0.0018777170917019248,0.017148880288004875,0.0001,1.9533006670098985
5413,0.0018359035020694137,0.02277434803545475,0.0001,1.8325505829998292
5414,0.0016336753033101559,0.014934795908629894,0.0001,2.00384954099718
5415,0.001596743008121848,0.028903335332870483,0.0001,1.9035811250068946
5416,0.0017169194761663675,0.02974230982363224,0.0001,1.9111100000009174
5417,0.001788431778550148,0.016531333327293396,0.0001,2.0347926249960437
5418,0.0017923506675288081,0.03052888810634613,0.0001,1.8635577910026768
5419,0.0018650548299774528,0.017390936613082886,0.0001,1.9295615000010002
5420,0.00196142983622849,0.030402353033423424,0.0001,1.919952458993066
5421,0.0018593667773529887,0.028797680512070656,0.0001,1.895140957989497
5422,0.0016791720408946276,0.03671155869960785,0.0001,2.012925124989124
5423,0.001963261980563402,0.025261489674448967,0.0001,1.875383000005968
5424,0.001696950988844037,0.040995270013809204,0.0001,1.8544899580010679
5425,0.002024410990998149,0.0039637344889342785,0.0001,2.1237660420010798
5426,0.0018555972492322326,0.021675515919923782,0.0001,1.985530457997811
5427,0.0017759823240339756,0.00859552901238203,0.0001,1.8992881669983035
5428,0.0018252949230372906,0.02353891357779503,0.0001,1.924558792001335
5429,0.0016276895767077804,0.008538025431334972,0.0001,1.9016249160049483
5430,0.001890337560325861,0.015921268612146378,0.0001,1.8357172909891233
5431,0.0017373007722198963,0.0091935433447361,0.0001,1.9540512500097975
5432,0.0018373114289715886,0.01362964790314436,0.0001,2.00581712499843
5433,0.0021355312783271074,0.009589197114109993,0.0001,1.8922658329975093
5434,0.0018624685471877456,0.014422793872654438,0.0001,1.9293564580002567
5435,0.0017139185220003128,0.014204632490873337,0.0001,1.8681154170044465
5436,0.0018711274024099112,0.010096559301018715,0.0001,2.0521995410090312
5437,0.0018837378593161702,0.0165809765458107,0.0001,2.0366019590001088
5438,0.001936751534231007,0.007388228550553322,0.0001,1.922338292002678
5439,0.001969598000869155,0.018247943371534348,0.0001,1.8579218750091968
5440,0.0018852860666811466,0.0054677329026162624,0.0001,1.9623640409990912
5441,0.0018790228059515357,0.012602635659277439,0.0001,1.8752765829995042
5442,0.0016036892775446177,0.005947875324636698,0.0001,1.9284233749931445
5443,0.0020725654903799295,0.014837187714874744,0.0001,1.9975056669936748
5444,0.001775999553501606,0.014325820840895176,0.0001,1.862293166006566
5445,0.0018583735218271613,0.025499247014522552,0.0001,1.8724314999999478
5446,0.0017156442627310753,0.009051949717104435,0.0001,2.0067415840021567
5447,0.0017452063038945198,0.036085259169340134,0.0001,2.131969666996156
5448,0.0019123917445540428,0.015513502061367035,0.0001,1.905698458009283
5449,0.0019949476700276136,0.014312664978206158,0.0001,2.065535582994926
5450,0.0014508944004774094,0.006197988986968994,0.0001,1.8402276249980787
5451,0.0018672057194635272,0.02567536197602749,0.0001,1.8812002920021769
5452,0.002040084218606353,0.012076850980520248,0.0001,2.0128065000026254
5453,0.002080450765788555,0.02354053221642971,0.0001,1.9357788329944015
5454,0.0016978585626929998,0.035908281803131104,0.0001,1.8677923749928595
5455,0.0015212004072964191,0.01789259910583496,0.0001,1.9202970839978661
5456,0.0018236433388665318,0.01424330286681652,0.0001,1.9071199589961907
5457,0.0017754379659891129,0.021650508046150208,0.0001,2.041247832996305
5458,0.0020481685642153025,0.00910345558077097,0.0001,2.040195167006459
5459,0.001695598941296339,0.022956697270274162,0.0001,1.9641520839941222
5460,0.001711350865662098,0.00729548092931509,0.0001,1.9021156250091735
5461,0.0017754430882632732,0.014976897276937962,0.0001,1.8376535829884233
5462,0.0018885969184339046,0.006554133724421263,0.0001,2.040039458006504
5463,0.0017559740226715803,0.01882067695260048,0.0001,1.9019729170104256
5464,0.001788609428331256,0.010079000145196915,0.0001,2.026705917000072
5465,0.0018083875766023993,0.020189590752124786,0.0001,1.8454575409996323
5466,0.0018452395452186465,0.0160394124686718,0.0001,1.8680295419908362
5467,0.0019705567974597216,0.010397577658295631,0.0001,1.9767625420063268
5468,0.0016709755873307586,0.013035885989665985,0.0001,2.0877391249960056
5469,0.0017776733729988337,0.017998769879341125,0.0001,1.98159162500815
5470,0.0019698007963597775,0.01854018121957779,0.0001,1.9438102910062298
5471,0.001613168278709054,0.00989501178264618,0.0001,1.8588507499953266
5472,0.0017675671260803938,0.018522879108786583,0.0001,1.8826245420059422
5473,0.0018843049183487892,0.009432140737771988,0.0001,2.018514374998631
5474,0.0017154482193291187,0.01753249205648899,0.0001,1.9429718329920433
5475,0.0016741470899432898,0.0042291549034416676,0.0001,2.0556307090009796
5476,0.0020853616297245026,0.01337352767586708,0.0001,1.9419045410031686
5477,0.001975755440071225,0.0055464175529778,0.0001,1.8537054170010379
5478,0.0019869094248861074,0.007909591309726238,0.0001,2.049098250005045
5479,0.0019138450734317303,0.005961383227258921,0.0001,2.0658604170021135
5480,0.0016929969424381852,0.004656963516026735,0.0001,1.85305795900058
5481,0.0017547722673043609,0.011221026070415974,0.0001,1.8748943749960745
5482,0.0018475569086149335,0.01140148751437664,0.0001,1.8473291249974864
5483,0.0017670593224465847,0.012545932084321976,0.0001,2.0233881669992115
5484,0.0018318365328013897,0.020285923033952713,0.0001,2.0601367089984706
5485,0.0016347939381375909,0.010794108733534813,0.0001,2.0609026250022
5486,0.0018084734911099076,0.018312152475118637,0.0001,1.8527117079938762
5487,0.0018822262063622475,0.010528835467994213,0.0001,1.8758788330014795
5488,0.001865518745034933,0.0201462022960186,0.0001,1.9727586670051096
5489,0.0022542572114616632,0.00987270288169384,0.0001,2.077393125000526
5490,0.001956764841452241,0.022056231275200844,0.0001,1.9582053749909392
5491,0.0018260737415403128,0.014248411171138287,0.0001,1.9008159160002833
5492,0.0017132647335529327,0.03319326415657997,0.0001,1.944811249995837
5493,0.001748761278577149,0.02670450508594513,0.0001,1.900859125002171
5494,0.0018766972934827209,0.022227324545383453,0.0001,2.013027792010689
5495,0.001669971738010645,0.026068134233355522,0.0001,1.9341210840066196
5496,0.0021450305357575417,0.013452207669615746,0.0001,1.8218538329965668
5497,0.002050691517069936,0.01676490344107151,0.0001,1.932368709007278
5498,0.0015928205102682114,0.012218337506055832,0.0001,1.909392375004245
5499,0.001993174199014902,0.01267700083553791,0.0001,1.904156291988329
5500,0.002138091018423438,0.017138253897428513,0.0001,2.1585724169999594
5501,0.0018629861297085881,0.010953540913760662,0.0001,2.0165948750072857
5502,0.0017179191345348954,0.009836375713348389,0.0001,2.076396707998356
5503,0.0013388798106461763,0.009412226267158985,0.0001,2.1607634579995647
5504,0.0018605627119541168,0.012643489055335522,0.0001,1.9437563750107074
5505,0.0019159713992848992,0.008805658668279648,0.0001,1.9825015410024207
5506,0.001606516307219863,0.01890515349805355,0.0001,1.9914040830044542
5507,0.002134859561920166,0.012993345968425274,0.0001,2.0578293750004377
5508,0.0020391205325722694,0.021940289065241814,0.0001,1.9465929590078304
5509,0.0016698985127732158,0.036947138607501984,0.0001,1.9450838750053663
5510,0.0019102473743259907,0.0161959920078516,0.0001,1.926663375008502
5511,0.0018572915578261018,0.028231138363480568,0.0001,1.9795780409913277
5512,0.0017459463560953736,0.021164080128073692,0.0001,1.9662855829956243
5513,0.0016855697613209486,0.031921736896038055,0.0001,1.9589630829868838
5514,0.0016312507214024663,0.04423147812485695,0.0001,1.9228776250092778
5515,0.0016677958192303777,0.011461585760116577,0.0001,1.9140151669998886
5516,0.0018172505078837276,0.03396454453468323,0.0001,1.9462242919980781
5517,0.0017490779282525182,0.014327546581625938,0.0001,2.0166055830050027
5518,0.0017883684486150742,0.05063213035464287,0.0001,2.0248580419865903
5519,0.0019140131771564484,0.03395019471645355,0.0001,1.9192080829961924
5520,0.0018695589387789369,0.01635206677019596,0.0001,1.9556533340073656
5521,0.0019175413763150573,0.02974364534020424,0.0001,2.0360372079885565
5522,0.002042574342340231,0.03459792584180832,0.0001,1.9754774580069352
5523,0.0019951467402279377,0.03961702808737755,0.0001,2.0458296249998966
5524,0.001711700577288866,0.02706892043352127,0.0001,1.8980218750075437
5525,0.002000104868784547,0.023248909041285515,0.0001,1.9150717919983435
5526,0.0017432732274755836,0.03822113201022148,0.0001,1.9211784159997478
5527,0.0018108132062479854,0.04116833582520485,0.0001,2.0012145840009907
5528,0.0018840603297576308,0.05503300204873085,0.0001,1.997763290986768
5529,0.0016930296551436186,0.028010016307234764,0.0001,1.8943412919907132
5530,0.0018113297410309315,0.041510097682476044,0.0001,1.9202161249995697
5531,0.0017164653399959207,0.041528042405843735,0.0001,1.9129544169991277
5532,0.0017289064126089215,0.06089835241436958,0.0001,2.0077752499928465
5533,0.0019403226906433702,0.03711584955453873,0.0001,1.9901581250014715
5534,0.001717024715617299,0.04126456752419472,0.0001,1.9276676250010496
5535,0.0018965252675116062,0.0351228341460228,0.0001,1.9163086670014309
5536,0.0017058798111975193,0.04797619953751564,0.0001,1.9179005420010071
5537,0.001789711182937026,0.0411580353975296,0.0001,1.8815287920006085
5538,0.001744610257446766,0.028113529086112976,0.0001,2.0834655829967232
5539,0.0013925086241215467,0.04435551539063454,0.0001,2.122590917002526
5540,0.0021102449391037226,0.024179616943001747,0.0001,2.387086624992662
5541,0.00210250704549253,0.051685553044080734,0.0001,1.9503010420012288
5542,0.0019304149318486452,0.0618291012942791,0.0001,1.8160963749978691
5543,0.0018291822634637356,0.06023379787802696,0.0001,1.8302753330062842
5544,0.0019037994788959622,0.04090806096792221,0.0001,1.9063352910015965
5545,0.0017880300292745233,0.04944194480776787,0.0001,2.0231131659966195
5546,0.001696708146482706,0.054348066449165344,0.0001,1.89619929100445
5547,0.0017861064989119768,0.046915486454963684,0.0001,1.834904750008718
5548,0.001825019484385848,0.05479404702782631,0.0001,1.8929219999990892
5549,0.001816227682866156,0.02797621302306652,0.0001,1.872822916993755
5550,0.0018786829896271229,0.053456444293260574,0.0001,2.131261375005124
5551,0.001812440692447126,0.0594203844666481,0.0001,1.9002593329933006
5552,0.0017894112970679998,0.03187960013747215,0.0001,1.897270458008279
5553,0.0018746718997135758,0.04000670835375786,0.0001,1.8967715830076486
5554,0.0020166863687336445,0.052017681300640106,0.0001,1.923959041989292
5555,0.002017459599301219,0.04567939043045044,0.0001,1.9300493329938035
5556,0.0019619858358055353,0.03212766721844673,0.0001,1.8843819579924457
5557,0.001775729819200933,0.08138661831617355,0.0001,1.8696510409936309
5558,0.0019326320616528392,0.052987053990364075,0.0001,1.8722702079976443
5559,0.0018605547957122326,0.04016119986772537,0.0001,1.9209282910014736
5560,0.0019657432567328215,0.04145611822605133,0.0001,1.9061197910050396
5561,0.0017439904622733593,0.029605822637677193,0.0001,1.902447458007373
5562,0.0018592220731079578,0.0405845120549202,0.0001,1.8672140840062639
5563,0.0020044378470629454,0.03617498651146889,0.0001,1.8432302909932332
5564,0.0018401474226266146,0.04582034423947334,0.0001,1.9178840829990804
5565,0.0017223769100382924,0.05685034766793251,0.0001,1.9400309169868706
5566,0.0018443501321598887,0.028414221480488777,0.0001,2.014094207988819
5567,0.0019499704940244555,0.04209405556321144,0.0001,1.8827409590012394
5568,0.0017442966345697641,0.029063038527965546,0.0001,1.9148976669966942
5569,0.0019067025277763605,0.03622894734144211,0.0001,1.898337041013292
5570,0.0014589549973607063,0.03837781026959419,0.0001,1.961310415994376
5571,0.0018065617186948657,0.013380005955696106,0.0001,1.947356167001999
5572,0.0017972192727029324,0.041403405368328094,0.0001,1.900648666996858
5573,0.0020315672736614943,0.01936415024101734,0.0001,1.8718497910012957
5574,0.0018245704704895616,0.022670337930321693,0.0001,1.8769332919910084
5575,0.0018811925547197461,0.041216325014829636,0.0001,1.9444015410117572
5576,0.0017031391616910696,0.01674347184598446,0.0001,1.9393419580010232
5577,0.0016596047207713127,0.03449403867125511,0.0001,1.927983707995736
5578,0.0014935934450477362,0.02508680336177349,0.0001,1.8039829160115914
5579,0.0016130435978993773,0.025362344458699226,0.0001,1.9605512090056436
5580,0.0016334090614691377,0.04007282108068466,0.0001,2.079708292003488
5581,0.0016759407008066773,0.020394178107380867,0.0001,2.0331865420012036
5582,0.001846281229518354,0.04162541776895523,0.0001,2.0494351660017855
5583,0.0016407726798206568,0.007678803987801075,0.0001,2.019132165994961
5584,0.0017861963715404272,0.022756103426218033,0.0001,1.943689624997205
5585,0.0016870899125933647,0.03504705801606178,0.0001,1.926877666002838
5586,0.001611613086424768,0.03650682419538498,0.0001,1.9535688339965418
5587,0.0019331412622705102,0.02600335329771042,0.0001,1.9458316670061322
5588,0.0015503257745876908,0.01807948388159275,0.0001,1.9405832920019748
5589,0.001932934275828302,0.02190229669213295,0.0001,1.9707903749949764
5590,0.0018004365265369415,0.006632686126977205,0.0001,1.9451282499940135
5591,0.0015283155953511596,0.021968459710478783,0.0001,1.9370762080070563
5592,0.001689838944002986,0.013353904709219933,0.0001,1.9363656250061467
5593,0.0018548062071204185,0.012787696905434132,0.0001,1.9315588330064202
5594,0.001701393979601562,0.024750100448727608,0.0001,1.9504103750077775
5595,0.0019425154896453023,0.00892133079469204,0.0001,1.9510637920029694
5596,0.0018041079165413976,0.0257650725543499,0.0001,2.5440175420080777
5597,0.0018951138481497765,0.011564315296709538,0.0001,2.252160499992897
5598,0.002083602361381054,0.022667692974209785,0.0001,2.3241758340009255
5599,0.00209609791636467,0.023709824308753014,0.0001,1.9232049999991432
5600,0.0018791418988257647,0.026256641373038292,0.0001,1.8331877500022529
5601,0.0017220702720806003,0.01841604709625244,0.0001,1.8201056660036556
5602,0.0019177369540557265,0.01222896296530962,0.0001,1.8616895410086727
5603,0.0019749633502215147,0.02292712964117527,0.0001,1.9439771250035847
5604,0.0018074704566970468,0.014043639414012432,0.0001,1.8376641670038225
5605,0.001816180651076138,0.029425136744976044,0.0001,1.770401583009516
5606,0.0017515921499580145,0.010324448347091675,0.0001,1.8166545840067556
5607,0.001665579155087471,0.018671851605176926,0.0001,1.9891493749892106
5608,0.00186452257912606,0.0208403579890728,0.0001,1.9349901249952381
5609,0.0018549527740105987,0.025073664262890816,0.0001,1.8763766659976682
5610,0.0019088680855929852,0.01798931695520878,0.0001,2.334892667000531
5611,0.0016849956009536982,0.012511354871094227,0.0001,2.6264198749995558
5612,0.0016025331569835544,0.024326011538505554,0.0001,2.5717859160067746
5613,0.0018858766416087747,0.01617683283984661,0.0001,2.2256571670004632
5614,0.0018207168905064464,0.017589213326573372,0.0001,2.103060583001934
5615,0.001951532089151442,0.014335752464830875,0.0001,2.6211046669923235
5616,0.0018652945291250944,0.018650086596608162,0.0001,2.012737459008349
5617,0.0019931653514504433,0.01481439359486103,0.0001,1.9383267079974758
5618,0.0016800343291833997,0.01456320658326149,0.0001,1.8981747920042835
5619,0.0019105869578197598,0.011742551811039448,0.0001,1.8260362909932155
5620,0.0016906012315303087,0.023746171966195107,0.0001,1.9250689159962349
5621,0.0017214481486007571,0.019355539232492447,0.0001,1.9982339999987744
5622,0.001713376957923174,0.022660259157419205,0.0001,2.0249392919940874
5623,0.0018276094924658537,0.02613319829106331,0.0001,1.9494979580049403
5624,0.0016112106386572123,0.022143997251987457,0.0001,1.9808241669961717
5625,0.001581402262672782,0.0251633170992136,0.0001,2.0734587909973925
5626,0.0016438801540061831,0.012426801025867462,0.0001,1.944789707995369
5627,0.0017016640631482005,0.021263204514980316,0.0001,1.9488155410072068
5628,0.0017369905253872275,0.03266355022788048,0.0001,1.9304593339911662
5629,0.0017689455999061465,0.040206629782915115,0.0001,2.033963790992857
5630,0.001741906045936048,0.0414704792201519,0.0001,1.973029457993107
5631,0.0016954875318333507,0.029232196509838104,0.0001,1.9369542920030653
5632,0.0014465958811342716,0.03430837020277977,0.0001,1.9901667919912143
5633,0.0016625538701191545,0.033582307398319244,0.0001,2.1038412089983467
5634,0.0018349234014749527,0.043224550783634186,0.0001,2.0225915420014644
5635,0.001777911325916648,0.04594022408127785,0.0001,1.9667934580065776
5636,0.0018108648946508765,0.055769115686416626,0.0001,1.9505559999961406
5637,0.0016787736676633358,0.025202186778187752,0.0001,1.9452585840044776
5638,0.0018046643817797303,0.036117833107709885,0.0001,2.0028795419930248
5639,0.001773040508851409,0.04065914824604988,0.0001,1.94502112500777
5640,0.0020005141850560904,0.02555249072611332,0.0001,1.941489000004367
5641,0.0015719932271167636,0.052437759935855865,0.0001,1.9593163749959785
5642,0.0016479354817420244,0.019524091854691505,0.0001,1.968842999995104
5643,0.0018004814628511667,0.05400455370545387,0.0001,1.7554704579961253
5644,0.001835166709497571,0.04299580305814743,0.0001,1.7505675409920514
5645,0.0016901300987228751,0.032390810549259186,0.0001,1.7490465000009863
5646,0.0018134753918275237,0.03396807983517647,0.0001,1.8068184580042725
5647,0.0019190064631402493,0.01861150562763214,0.0001,1.7398985409963643
5648,0.001895208260975778,0.039704661816358566,0.0001,1.7533998750004685
5649,0.0020805594976991415,0.03231359273195267,0.0001,1.7560277500015218
5650,0.0017431790474802256,0.02053011581301689,0.0001,1.8413914999982808
5651,0.0017736348090693355,0.04114620387554169,0.0001,1.7443873750016792
5652,0.0017619235441088676,0.0299691054970026,0.0001,1.7573641659982968
5653,0.0017182764131575823,0.0463704951107502,0.0001,1.7466714580077678
5654,0.0017587842885404825,0.029488669708371162,0.0001,1.7419997910037637
5655,0.0018867549952119589,0.040157511830329895,0.0001,1.7478534580004634
5656,0.001514287432655692,0.031179193407297134,0.0001,1.7438225420046365
5657,0.0017500311369076371,0.042200591415166855,0.0001,1.7383134999981849
5658,0.001746508525684476,0.03642125427722931,0.0001,1.7270782499981578
5659,0.0016485459636896849,0.04272589832544327,0.0001,1.7485583329980727
5660,0.0019000073662027717,0.03665846213698387,0.0001,1.7494699590024538
5661,0.0017580086132511497,0.03519432991743088,0.0001,1.767372082991642
5662,0.001681747380644083,0.033193182200193405,0.0001,1.821458457998233
5663,0.0016510086134076118,0.030504193156957626,0.0001,1.8945832919998793
5664,0.0018300747033208609,0.02841722033917904,0.0001,1.7512149170070188
5665,0.0018663894152268767,0.020972948521375656,0.0001,1.828894082995248
5666,0.00197478081099689,0.02112579345703125,0.0001,1.7425945000140928
5667,0.001685582334175706,0.029266582801938057,0.0001,1.7925538749987027
5668,0.001855437527410686,0.021728811785578728,0.0001,1.8115335420006886
5669,0.0018386001465842128,0.02284981682896614,0.0001,1.741193124995334
5670,0.0017262635519728065,0.024664096534252167,0.0001,1.7472136669966858
5671,0.0020531821064651012,0.012584757059812546,0.0001,1.8080467499967199
5672,0.0015368984313681722,0.02453679032623768,0.0001,1.7443428749975283
5673,0.0017999577103182673,0.01786199025809765,0.0001,1.7595515840075677
5674,0.0019461316987872124,0.019457070156931877,0.0001,1.7720655830053147
5675,0.001662073191255331,0.015964772552251816,0.0001,1.842112583006383
5676,0.0017202100716531277,0.019512634724378586,0.0001,1.7316947920044186
5677,0.0016407554503530264,0.022954018786549568,0.0001,1.8915357920050155
5678,0.001797591568902135,0.014272881671786308,0.0001,1.7323026249941904
5679,0.0017754895379766822,0.025532543659210205,0.0001,1.76930870799697
5680,0.001966379815712571,0.02423287183046341,0.0001,1.8101739999983693
5681,0.002064678817987442,0.031853146851062775,0.0001,1.7469952090032166
5682,0.0018839655676856637,0.029989300295710564,0.0001,1.7389799169905018
5683,0.0019237517844885588,0.054949164390563965,0.0001,1.9199308329989435
5684,0.0017587582115083933,0.011714847758412361,0.0001,1.7525421250029467
5685,0.00187362649012357,0.05227817967534065,0.0001,1.7642689999920549
5686,0.0017608223715797067,0.023545194417238235,0.0001,1.7400654579978436
5687,0.0016370892990380526,0.03374171629548073,0.0001,1.8237660830054665
5688,0.001758587546646595,0.030932994559407234,0.0001,1.7492303750041174
5689,0.0017234180122613907,0.023549802601337433,0.0001,1.8345942500018282
5690,0.0017084265127778053,0.055585455149412155,0.0001,1.7547947919956641
5691,0.0015308286529034376,0.031943179666996,0.0001,1.7441563330066856
5692,0.0016068111872300506,0.030854102224111557,0.0001,1.752333708005608
5693,0.0014480388490483165,0.034046720713377,0.0001,1.7309444169950439
5694,0.0017702243058010936,0.015670664608478546,0.0001,1.8686230829916894
5695,0.0018861585995182395,0.03731042146682739,0.0001,1.733586792004644
5696,0.0015814966754987836,0.025051042437553406,0.0001,1.7802890409948304
5697,0.0017126139719039202,0.018167758360505104,0.0001,1.7778403749980498
5698,0.001799306832253933,0.023151487112045288,0.0001,1.7437799589970382
5699,0.002061553066596389,0.007996558211743832,0.0001,1.7453896249935497
5700,0.00181403080932796,0.009947160258889198,0.0001,1.7784663750062464
5701,0.0022289957851171494,0.017650434747338295,0.0001,1.7587185419979505
5702,0.0015773733612149954,0.020465798676013947,0.0001,1.7364242089970503
5703,0.0020228016655892134,0.017300933599472046,0.0001,1.7286462080082856
5704,0.001737308339215815,0.019922589883208275,0.0001,1.7391199590056203
5705,0.00180627906229347,0.019888775423169136,0.0001,1.7809407909953734
5706,0.0017412605229765177,0.027849607169628143,0.0001,1.741562665993115
5707,0.0017756542656570673,0.03462489694356918,0.0001,1.731091290988843
5708,0.001972248312085867,0.021901898086071014,0.0001,1.7362754589994438
5709,0.0019238439854234457,0.03739755228161812,0.0001,1.768696875005844
5710,0.0020327125675976276,0.01101621426641941,0.0001,1.729803209003876
5711,0.001972472295165062,0.02555924281477928,0.0001,1.7417746249993797
5712,0.0017270786920562387,0.01316478569060564,0.0001,1.7356085420033196
5713,0.0016846645157784224,0.030627619475126266,0.0001,1.7356907920038793
5714,0.001721574692055583,0.00990266352891922,0.0001,1.7410557080002036
5715,0.0018567302031442523,0.0359652042388916,0.0001,1.8144790830119746
5716,0.0018912645755335689,0.005147633142769337,0.0001,1.7404372919991147
5717,0.0016230728942900896,0.061620429158210754,0.0001,1.7869701660092687
5718,0.0015987497754395008,0.07390981912612915,0.0001,1.8355251670000143
5719,0.001679848413914442,0.012224912643432617,0.0001,1.7508952500065789
5720,0.0017165752360597253,0.06201969087123871,0.0001,1.7631694580049952
5721,0.002053167438134551,0.006127581465989351,0.0001,1.8111125419964083
5722,0.0014904903946444392,0.054216012358665466,0.0001,1.7398706670064712
5723,0.0017752039711922407,0.008516221307218075,0.0001,1.772864208003739
5724,0.0019517404725775123,0.029743051156401634,0.0001,1.7807984999963082
5725,0.001754655153490603,0.06094144284725189,0.0001,1.73905904199637
5726,0.0018786913715302944,0.055333323776721954,0.0001,1.7458243330038385
5727,0.0018143071793019772,0.07363564521074295,0.0001,1.7745010000071488
5728,0.002122467150911689,0.06323175877332687,0.0001,1.8034765000047628
5729,0.0017933871131390333,0.05401471629738808,0.0001,1.7308402079943335
5730,0.0019089319976046681,0.01589270867407322,0.0001,1.738892332999967
5731,0.001805118634365499,0.05012485757470131,0.0001,1.7757133340055589
5732,0.0017514164792373776,0.038811247795820236,0.0001,1.7380867079918971
5733,0.001774388481862843,0.08682968467473984,0.0001,1.7325755419878988
5734,0.0017113977810367942,0.03085753135383129,0.0001,1.7416141249996144
5735,0.0017151141073554754,0.051650840789079666,0.0001,1.7236810000031255
5736,0.0017708481755107641,0.061902809888124466,0.0001,1.80061162498896
5737,0.0014896043576300144,0.012341623194515705,0.0001,1.7962720829964383
5738,0.0014730511466041207,0.08991719782352448,0.0001,1.74413237500994
5739,0.0019283182919025421,0.014053762890398502,0.0001,1.7392667090025498
5740,0.0016546748811379075,0.06891205161809921,0.0001,1.7754897080012597
5741,0.0019288004841655493,0.0102557223290205,0.0001,1.7366437919990858
5742,0.001816556672565639,0.0797358900308609,0.0001,1.737303250003606
5743,0.0016612710896879435,0.01899176836013794,0.0001,1.7251927089964738
5744,0.002114386297762394,0.06175517290830612,0.0001,1.7424600000085775
5745,0.0020818975754082203,0.028519872575998306,0.0001,1.8195341250102501
5746,0.0017148784827440977,0.0789933055639267,0.0001,1.744452500002808
5747,0.0018550528911873698,0.034812070429325104,0.0001,1.8577165409951704
5748,0.00177444436121732,0.060229163616895676,0.0001,1.7397990000026766
5749,0.0017799920169636607,0.02726244181394577,0.0001,1.744956499998807
5750,0.001852968125604093,0.0706486776471138,0.0001,1.772415458006435
5751,0.0018761976389214396,0.04029471054673195,0.0001,1.8272461250016931
5752,0.002020887564867735,0.05014018341898918,0.0001,1.7430855420097942
5753,0.0019962915685027838,0.04102611914277077,0.0001,1.7690771670022514
5754,0.0020776966121047735,0.03461195528507233,0.0001,1.8313707920024171
5755,0.0020025353878736496,0.03145439922809601,0.0001,1.7365509999945061
5756,0.0019189834129065275,0.031207457184791565,0.0001,1.768018791990471
5757,0.001935684122145176,0.02845323085784912,0.0001,1.791061500000069
5758,0.0015494212275370955,0.025540247559547424,0.0001,1.7511448750010459
5759,0.0018796112854033709,0.039184022694826126,0.0001,1.7510747499909485
5760,0.0016123634995892644,0.03169833496212959,0.0001,1.7524644999939483
5761,0.0016992398304864764,0.043454572558403015,0.0001,1.8139736660086783
5762,0.0015944454353302717,0.047927774488925934,0.0001,1.8385118330043042
5763,0.0016193378251045942,0.029466787353157997,0.0001,1.7831407909980044
5764,0.0020488915033638477,0.041314173489809036,0.0001,1.742854708005325
5765,0.001950876321643591,0.02446451410651207,0.0001,1.771685667001293
5766,0.0020086392760276794,0.04020359367132187,0.0001,1.7318665420025354
5767,0.0017806217074394226,0.028159772977232933,0.0001,1.7449836669984506
5768,0.0015484454343095422,0.046399783343076706,0.0001,1.7383400409889873
5769,0.0019042101921513677,0.0467236153781414,0.0001,1.7272701249894453
5770,0.0017765357624739408,0.02776496857404709,0.0001,1.7715184999979101
5771,0.0018282607197761536,0.06228712201118469,0.0001,1.7670534580101958
5772,0.001752806012518704,0.0350768119096756,0.0001,1.8525858329958282
5773,0.0016534468159079552,0.029398493468761444,0.0001,1.7466397499956656
5774,0.001826104475185275,0.04012506455183029,0.0001,1.83908416700433
5775,0.001864396152086556,0.025295425206422806,0.0001,1.7404374170000665
5776,0.001852251822128892,0.03166767954826355,0.0001,1.7451663329993607
5777,0.0018408942269161344,0.03782277926802635,0.0001,1.7562438750028377
5778,0.0015810751356184483,0.02910603955388069,0.0001,1.7527793339977507
5779,0.0018591402331367135,0.03215087950229645,0.0001,1.7486263330065412
5780,0.0020088236778974533,0.025662701576948166,0.0001,1.7522727500036126
5781,0.001702725188806653,0.026040086522698402,0.0001,1.736857208001311
5782,0.0018200870836153626,0.03483295813202858,0.0001,1.7370483330014395
5783,0.0017623670864850283,0.01843736506998539,0.0001,1.7962629160028882
5784,0.0020046625286340714,0.026935884729027748,0.0001,1.7463662500085775
5785,0.0018325571436434984,0.02873961254954338,0.0001,1.80666020901117
5786,0.0019310546340420842,0.026152299717068672,0.0001,1.7798164580017328
5787,0.0016635878710076213,0.031483083963394165,0.0001,1.841112541995244
5788,0.001839941367506981,0.018914874643087387,0.0001,1.8334738330013352
5789,0.0017345839878544211,0.03813105821609497,0.0001,2.082626750008785
5790,0.0018909880891442299,0.021714158356189728,0.0001,2.5885872919898247
5791,0.0016139455838128924,0.027293892577290535,0.0001,2.4401078329974553
5792,0.0014998142141848803,0.04030536115169525,0.0001,2.2286294999939855
5793,0.0017960434779524803,0.031016534194350243,0.0001,1.9061906249989988
5794,0.0020504402928054333,0.016942352056503296,0.0001,2.136393124994356
5795,0.001693163299933076,0.028163790702819824,0.0001,1.826609208001173
5796,0.002133134752511978,0.024714384227991104,0.0001,1.8328907499962952
5797,0.0015644971281290054,0.020364107564091682,0.0001,1.7691828749957494
5798,0.0019492954015731812,0.01319502480328083,0.0001,1.8127835839986801
5799,0.0016384576447308064,0.05468134954571724,0.0001,1.7495526249986142
5800,0.0020100190304219723,0.03790847584605217,0.0001,1.7552507920045173
5801,0.0018253822345286608,0.04912710562348366,0.0001,1.754700249992311
5802,0.0017325244843959808,0.04689619690179825,0.0001,1.7915205000026617
5803,0.0018168664537370205,0.05008646845817566,0.0001,1.7476391249947483
5804,0.0017484737327322364,0.037335362285375595,0.0001,1.766405999995186
5805,0.0017225660849362612,0.05588916689157486,0.0001,1.7363419590110425
5806,0.0019062786595895886,0.0451928935945034,0.0001,1.8253710419958225
5807,0.0018570789834484458,0.04711827263236046,0.0001,1.8418654580018483
5808,0.0016968757845461369,0.03627312555909157,0.0001,1.7464006250083912
5809,0.0015058050630614161,0.04572942107915878,0.0001,1.817995791992871
5810,0.0019326498731970787,0.05134688690304756,0.0001,1.8438394580007298
5811,0.0017282691551372409,0.02436823770403862,0.0001,1.7591482499992708
5812,0.0019279447151347995,0.026979777961969376,0.0001,1.7325000840064604
5813,0.001938185072503984,0.041277382522821426,0.0001,1.7751721669919789
5814,0.0018296960042789578,0.03861050307750702,0.0001,1.7379547500022454
5815,0.0018869106424972415,0.048781946301460266,0.0001,1.7704484589921776
5816,0.001692516845650971,0.055562589317560196,0.0001,1.8088287919963477
5817,0.0018725940026342869,0.021885914728045464,0.0001,1.7621029170113616
5818,0.0017800367204472423,0.057997316122055054,0.0001,1.7360280420107301
5819,0.0019394000992178917,0.010848835110664368,0.0001,1.8530825420020847
5820,0.0017600011778995395,0.036398746073246,0.0001,1.7382367919926764
5821,0.0020811804570257664,0.032854821532964706,0.0001,1.754037790989969
5822,0.001957306871190667,0.057367272675037384,0.0001,1.729454792002798
5823,0.0017795470776036382,0.030222969129681587,0.0001,1.8316504579997854
5824,0.0017534650396555662,0.03655664250254631,0.0001,1.7374079580040416
5825,0.0016934772720560431,0.038914069533348083,0.0001,1.7422559999977238
5826,0.0016429679235443473,0.03414616361260414,0.0001,1.7222475000016857
5827,0.0015956282150000334,0.057529013603925705,0.0001,1.7615548330068123
5828,0.0018784726271405816,0.06659966707229614,0.0001,1.718482166994363
5829,0.0019611262250691652,0.020782334730029106,0.0001,1.73387987499882
5830,0.0018101567402482033,0.059015821665525436,0.0001,1.7365995830041356
5831,0.0018045073375105858,0.025860495865345,0.0001,1.7285216250020312
5832,0.001648823032155633,0.04573396220803261,0.0001,1.7978565000084927
5833,0.0016298830742016435,0.0457492396235466,0.0001,1.731679290998727
5834,0.0017860746011137962,0.035893529653549194,0.0001,1.7332955000019865
5835,0.0015913104871287942,0.03855837881565094,0.0001,1.7681325000012293
5836,0.0022372487001121044,0.03320744261145592,0.0001,1.7333669170038775
5837,0.0019117542542517185,0.02085929922759533,0.0001,1.7553652079950552
5838,0.0018916659755632281,0.0559118390083313,0.0001,1.741548416990554
5839,0.001955667743459344,0.015053283423185349,0.0001,1.741085125002428
5840,0.0016647519078105688,0.038067176938056946,0.0001,1.7764027079974767
5841,0.0019163212273269892,0.016469545662403107,0.0001,1.7485833329992602
5842,0.001903372467495501,0.08973391354084015,0.0001,1.7432786670105997
5843,0.0017847397830337286,0.05933959037065506,0.0001,1.7587408750114264
5844,0.0019152028253301978,0.03260352462530136,0.0001,1.8996319170109928
5845,0.0020038255024701357,0.05212127044796944,0.0001,2.2264873329986585
5846,0.0020007523708045483,0.0372394435107708,0.0001,2.096467916999245
5847,0.001597857684828341,0.031094571575522423,0.0001,1.8385042910085758
5848,0.0019819806329905987,0.016594070941209793,0.0001,1.7278595419920748
5849,0.0020367351826280355,0.04475808143615723,0.0001,1.7312568329944042
5850,0.001798488781787455,0.026606760919094086,0.0001,1.7296425420063315
5851,0.0019079312914982438,0.03273410722613335,0.0001,1.873028499991051
5852,0.001984438393265009,0.03154759109020233,0.0001,1.7631633330020122
5853,0.0019974750466644764,0.016075577586889267,0.0001,1.7420507919887314
5854,0.0021556164138019085,0.0292915478348732,0.0001,1.7227104580088053
5855,0.002083269879221916,0.02347516641020775,0.0001,1.7337195409927517
5856,0.0018721316009759903,0.042576417326927185,0.0001,1.8187832919938955
5857,0.0018073724349960685,0.04136276617646217,0.0001,1.73490470800607
5858,0.0019772048108279705,0.013851316645741463,0.0001,1.7318010839953786
5859,0.001890235347673297,0.04187857359647751,0.0001,1.736615999994683
5860,0.001551200868561864,0.044836778193712234,0.0001,1.7265021250059363
5861,0.0018962842877954245,0.012437046505510807,0.0001,1.7405634590104455
5862,0.0017611325019970536,0.02716708742082119,0.0001,1.7842076660017483
5863,0.001999921863898635,0.031783439218997955,0.0001,1.725108041006024
5864,0.0019233956700190902,0.018582221120595932,0.0001,1.7624225420004223
5865,0.0015554125420749187,0.06331512331962585,0.0001,1.7706840419996297
5866,0.002011505886912346,0.03991314396262169,0.0001,1.7300445419969037
5867,0.001434418256394565,0.03802170976996422,0.0001,1.7794141250051325
5868,0.0016907448880374432,0.041236065328121185,0.0001,1.7288169160019606
5869,0.001807859167456627,0.029095802456140518,0.0001,1.728332667000359
5870,0.0018592594424262643,0.07153989374637604,0.0001,1.7500118339958135
5871,0.001956852851435542,0.03688332438468933,0.0001,1.7373349590052385
5872,0.0018190485425293446,0.03444566950201988,0.0001,1.7360007910028799
5873,0.0017421890515834093,0.030596399679780006,0.0001,1.726109291004832
5874,0.0016735972603783011,0.029774688184261322,0.0001,1.802398917003302
5875,0.0017722544725984335,0.040120407938957214,0.0001,1.734949334000703
5876,0.001844122656621039,0.006063011474907398,0.0001,1.7963784169987775
5877,0.0020027654245495796,0.04144370183348656,0.0001,1.7412839169992367
5878,0.001861061668023467,0.053835902363061905,0.0001,1.7270261670055334
5879,0.0019156677881255746,0.019598618149757385,0.0001,1.8052802920137765
5880,0.0016214273637160659,0.030589675530791283,0.0001,1.7281803749938263
5881,0.0017947029555216432,0.016995485872030258,0.0001,1.8951909160095965
5882,0.0016765693435445428,0.03903049975633621,0.0001,1.73207954200916
5883,0.0019187760772183537,0.03675795719027519,0.0001,1.7324413329915842
5884,0.0016873737331479788,0.021572455763816833,0.0001,1.749574333007331
5885,0.001820199890062213,0.04694432392716408,0.0001,1.7443153339991113
5886,0.0017714914865791798,0.01981765776872635,0.0001,1.7341158329945756
5887,0.001991985598579049,0.01676185056567192,0.0001,1.718291916011367
5888,0.0017783587099984288,0.02087724767625332,0.0001,1.728402749999077
5889,0.0017447515856474638,0.012934115715324879,0.0001,1.7335437919973629
5890,0.001994900871068239,0.022701019421219826,0.0001,1.8133118750120047
5891,0.0016507247928529978,0.035460032522678375,0.0001,1.9560078340000473
5892,0.0016840699827298522,0.03310731425881386,0.0001,1.9416724579932634
5893,0.00148376717697829,0.02249824069440365,0.0001,1.9393904590106104
5894,0.0019460930489003658,0.041018109768629074,0.0001,1.7735245840012794
5895,0.0017615648685023189,0.02006375417113304,0.0001,1.7496229160024086
5896,0.001911231898702681,0.04666108638048172,0.0001,1.8193750000064028
5897,0.0018277883064001799,0.046053435653448105,0.0001,1.7383673329895828
5898,0.0017375426832586527,0.04179881885647774,0.0001,1.7199569160002284
5899,0.0016498997574672103,0.045147594064474106,0.0001,1.7319212080037687
5900,0.0019088487606495619,0.03526002913713455,0.0001,1.7281336250016466
5901,0.001797154196538031,0.024904239922761917,0.0001,1.9411577919963747
5902,0.001397369080223143,0.07109416276216507,0.0001,1.7480896249908255
5903,0.0019907020032405853,0.0439007468521595,0.0001,1.7417100419988856
5904,0.0014877606881782413,0.05936400592327118,0.0001,1.7267245830007596
5905,0.0017170311184599996,0.04159223288297653,0.0001,1.7252720410033362
5906,0.001665525953285396,0.05623173341155052,0.0001,1.748587583002518
5907,0.0018827171297743917,0.04586787521839142,0.0001,1.729418084010831
5908,0.0017169143538922071,0.09516946226358414,0.0001,1.7213170829927549
5909,0.0016881315968930721,0.04015355929732323,0.0001,1.73268770899449
5910,0.0018698987551033497,0.0630473792552948,0.0001,1.7251598329894478
5911,0.0016902536153793335,0.06505167484283447,0.0001,1.8240130000049248
5912,0.002117403317242861,0.03375307843089104,0.0001,1.8535626669909107
5913,0.0015457510016858578,0.06198349967598915,0.0001,1.8739390419941628
5914,0.001895360415801406,0.04189128056168556,0.0001,1.9522090410027886
5915,0.0017960190307348967,0.04958106577396393,0.0001,1.7301683750119992
5916,0.0019521604990586638,0.05456281080842018,0.0001,1.731910083006369
5917,0.0017891374882310629,0.03806772455573082,0.0001,1.7458874169969931
5918,0.0016806648345664144,0.0468406155705452,0.0001,1.8045397920068353
5919,0.0016281645512208343,0.04187076911330223,0.0001,1.7822525410010712
5920,0.0018451036885380745,0.06563479453325272,0.0001,1.7235856659972342
5921,0.001537673524580896,0.05650223046541214,0.0001,1.9594835409952793
5922,0.0018451872747391462,0.03697513788938522,0.0001,1.7551283750071889
5923,0.001884239842183888,0.04972785338759422,0.0001,1.732863291996182
5924,0.0019300376297906041,0.03654507175087929,0.0001,1.7272403339884477
5925,0.001671940553933382,0.055332597345113754,0.0001,1.7352816249913303
5926,0.0015630173729732633,0.0946759507060051,0.0001,1.7221015830000397
5927,0.0018668612465262413,0.05482673645019531,0.0001,1.7371457919944078
5928,0.001891902182251215,0.0920640155673027,0.0001,1.7262059589993441
5929,0.0016407406656071544,0.029972225427627563,0.0001,1.7802242920006393
5930,0.0019700704142451286,0.07457040995359421,0.0001,1.728749332993175
5931,0.0018975452985614538,0.06734518706798553,0.0001,1.7364749999978812
5932,0.0019770837388932705,0.021615054458379745,0.0001,1.7688601249974454
5933,0.001817569718696177,0.032385461032390594,0.0001,1.9414392089965986
5934,0.0017085656290873885,0.06212986260652542,0.0001,1.9695832500001416
5935,0.0017590310890227556,0.04181765764951706,0.0001,1.9938736670010258
5936,0.0019005554495379329,0.061116062104701996,0.0001,1.8441654579946771
5937,0.001568539533764124,0.048510268330574036,0.0001,1.74465350000537
5938,0.00199514371342957,0.06359590590000153,0.0001,1.7315110829949845
5939,0.0016800813609734178,0.04522908851504326,0.0001,1.7299732499959646
5940,0.0017646262422204018,0.07660844922065735,0.0001,1.9955078330094693
5941,0.0016604851698502898,0.01062219962477684,0.0001,1.7615089169994462
5942,0.001821379759348929,0.05064587667584419,0.0001,1.7947640829952434
5943,0.0015274335164576769,0.02861723303794861,0.0001,1.781711291987449
5944,0.001672471989877522,0.03771737217903137,0.0001,1.735739833995467
5945,0.001962728565558791,0.04117465019226074,0.0001,1.7489893750025658
5946,0.0017010853625833988,0.0650232657790184,0.0001,1.7840770409966353
5947,0.0018612694693729281,0.046217385679483414,0.0001,1.7791529170062859
5948,0.0016045754309743643,0.05546457692980766,0.0001,1.7430698750104057
5949,0.0019298411207273602,0.05597670003771782,0.0001,1.7348560000100406
5950,0.001717237289994955,0.03063516691327095,0.0001,1.776504333000048
5951,0.0018311477033421397,0.04338013380765915,0.0001,1.738000416997238
5952,0.001738466089591384,0.04429273679852486,0.0001,1.8466602499975124
5953,0.001757314195856452,0.031154843047261238,0.0001,1.7545711669954471
5954,0.001693318015895784,0.028393378481268883,0.0001,1.7920007079956122
5955,0.001747334492392838,0.03448263928294182,0.0001,1.73096387500118
5956,0.001783003332093358,0.015638012439012527,0.0001,1.7307536250009434
5957,0.0018184637883678079,0.02083195373415947,0.0001,1.8166584159916965
5958,0.001845252700150013,0.008143115788698196,0.0001,1.7340770000009798
5959,0.0017891813768073916,0.028393415734171867,0.0001,1.7610407079919241
5960,0.0016923516523092985,0.02451871894299984,0.0001,1.7386169590026839
5961,0.0018828600877895951,0.019438648596405983,0.0001,1.8337762909941375
5962,0.0017681672470644116,0.04225797578692436,0.0001,1.7368007920013042
5963,0.001800194033421576,0.024628842249512672,0.0001,1.7333589999907417
5964,0.0018957398133352399,0.016475822776556015,0.0001,1.7848299170000246
5965,0.0017207565251737833,0.03087630867958069,0.0001,1.719053583990899
5966,0.0017461712704971433,0.03377778083086014,0.0001,1.7357903749943944
5967,0.0017534949583932757,0.037206076085567474,0.0001,1.7261497500003316
5968,0.0018500837031751871,0.03824462369084358,0.0001,1.7711419999977807
5969,0.0018916177796199918,0.0409705750644207,0.0001,1.8417422500060638
5970,0.0017849040450528264,0.0470869243144989,0.0001,1.7672859169979347
5971,0.0016236690571531653,0.044687457382678986,0.0001,1.7710928339947714
5972,0.0016000926261767745,0.03810783848166466,0.0001,1.7805968329921598
5973,0.0018925447948276997,0.028662733733654022,0.0001,1.7980913749925094
5974,0.0017046969151124358,0.039532288908958435,0.0001,1.7521677499898942
5975,0.001591767999343574,0.04238143563270569,0.0001,2.172297166995122
5976,0.0016215340001508594,0.02536609210073948,0.0001,1.992120166993118
5977,0.001984264003112912,0.027569035068154335,0.0001,2.189599667006405
5978,0.0015545290661975741,0.01783602125942707,0.0001,2.3072337499907007
5979,0.0019311429932713509,0.03177224472165108,0.0001,2.0676062909915345
5980,0.0015984728233888745,0.038872092962265015,0.0001,2.0097719579935074
5981,0.0018310978775843978,0.03340801224112511,0.0001,2.0229874159995234
5982,0.0017964568687602878,0.03389343246817589,0.0001,2.055736624999554
5983,0.0018136246362701058,0.05678911134600639,0.0001,2.0398640830098884
5984,0.001709467964246869,0.0421595461666584,0.0001,2.140844624998863
5985,0.001812079339288175,0.03625502064824104,0.0001,1.7788816249958472
5986,0.0018216641619801521,0.054564423859119415,0.0001,1.8381403750099707
5987,0.001858164556324482,0.07793330401182175,0.0001,2.182667165994644
5988,0.001915261964313686,0.03349803760647774,0.0001,2.515946792002069
5989,0.001725821290165186,0.06876510381698608,0.0001,2.2144308330025524
5990,0.001935304724611342,0.04688078537583351,0.0001,2.0527866659977008
5991,0.0018130112439393997,0.04474543780088425,0.0001,1.818097791998298
5992,0.0019500665366649628,0.04319828748703003,0.0001,1.7569756250013597
5993,0.0016245261067524552,0.021704290062189102,0.0001,1.7291454170044744
5994,0.0016693902434781194,0.03773552179336548,0.0001,1.7991115839977283
5995,0.0018837485695257783,0.019519055262207985,0.0001,1.802480790996924
5996,0.0018248866545036435,0.04550589248538017,0.0001,1.7409927090047859
5997,0.0017760040936991572,0.030833980068564415,0.0001,1.858800957998028
5998,0.0017368501285091043,0.031552042812108994,0.0001,1.7504600000102073
5999,0.0017632339149713516,0.021725250408053398,0.0001,1.7300763329985784
6000,0.001963669201359153,0.050824228674173355,0.0001,1.7634285420062952
6001,0.0016590971499681473,0.025739546865224838,0.0001,2.0943426669982728
6002,0.0018650011625140905,0.02798308990895748,0.0001,1.9000290419935482
6003,0.0021590343676507473,0.017294762656092644,0.0001,1.8055058339959942
6004,0.0015887647168710828,0.03487000986933708,0.0001,1.785807374995784
6005,0.0018418828258290887,0.059417854994535446,0.0001,1.9151290410081856
6006,0.0016772676026448607,0.036191727966070175,0.0001,1.7874452089890838
6007,0.0018914374522864819,0.03850873187184334,0.0001,1.8115274580050027
6008,0.0018756474601104856,0.07100975513458252,0.0001,1.8002630830014823
6009,0.0018022063886746764,0.03606691583991051,0.0001,1.7877929999958724
6010,0.0017681998433545232,0.044225480407476425,0.0001,1.7904499580035917
6011,0.001708884839899838,0.07652648538351059,0.0001,1.8105795420124196
6012,0.0019171034218743443,0.04394252970814705,0.0001,1.8243531670013908
6013,0.0016551309963688254,0.026044553145766258,0.0001,1.805118542004493
6014,0.00196214416064322,0.042532194405794144,0.0001,1.8434875840030145
6015,0.0018561097094789147,0.030171925202012062,0.0001,1.8497710829979042
6016,0.0016204281710088253,0.010461932979524136,0.0001,1.7856891669944162
6017,0.00171555089764297,0.04721101000905037,0.0001,1.8603629169956548
6018,0.0018313754117116332,0.03997825086116791,0.0001,2.3415066250017844
6019,0.001980280503630638,0.017977675423026085,0.0001,2.130878541007405
6020,0.0017238447908312082,0.04269300028681755,0.0001,1.7919940419960767
6021,0.0018619894981384277,0.014938101172447205,0.0001,1.7764605840056902
6022,0.0019462660420686007,0.04052787646651268,0.0001,1.7566057500080206
6023,0.001828863867558539,0.05267954245209694,0.0001,1.792141249999986
6024,0.0017232524696737528,0.023897791281342506,0.0001,1.7910990829986986
6025,0.001632496016100049,0.021008886396884918,0.0001,1.7765442499949131
6026,0.0016284689772874117,0.038791168481111526,0.0001,1.7573220000049332
6027,0.0016442975029349327,0.027778880670666695,0.0001,1.778438167006243
6028,0.001800363534130156,0.01788169890642166,0.0001,1.8505133330036188
6029,0.001704617403447628,0.047654636204242706,0.0001,1.7939381670003058
6030,0.0016870435792952776,0.039532873779535294,0.0001,1.7714753750042291
6031,0.0015746507560834289,0.013490423560142517,0.0001,1.8943120410112897
6032,0.0015702986856922507,0.046126801520586014,0.0001,1.7850091669970425
6033,0.001794948591850698,0.03906945884227753,0.0001,1.7809739589865785
6034,0.001733501791022718,0.03713575005531311,0.0001,1.7788863750029122
6035,0.0018315695924684405,0.02171756885945797,0.0001,1.7765458750072867
6036,0.0016969683347269893,0.04521653801202774,0.0001,1.780112749998807
6037,0.0018018746050074697,0.05166991427540779,0.0001,1.7838730420044158
6038,0.0018339050002396107,0.02610880322754383,0.0001,1.7921124170097755
6039,0.001579101663082838,0.06797710806131363,0.0001,1.7953207910031779
6040,0.0015908483183011413,0.009642403572797775,0.0001,1.7872092920006253
6041,0.0016945833340287209,0.07403609156608582,0.0001,1.7933566669962602
6042,0.0017740430776029825,0.042577072978019714,0.0001,1.783725458997651
6043,0.0017757415771484375,0.06619501113891602,0.0001,1.7665592499979539
6044,0.0017632663948461413,0.07175341248512268,0.0001,1.7779617920023156
6045,0.0019001113250851631,0.034304432570934296,0.0001,1.7825393749953946
6046,0.002069353125989437,0.02841348946094513,0.0001,1.777669542003423
6047,0.0016153588658198714,0.0693664699792862,0.0001,1.7798933750018477
6048,0.0016868909588083625,0.03762682154774666,0.0001,1.7980918749963166
6049,0.0017942808335646987,0.06128901615738869,0.0001,1.7919016250089044
6050,0.0015224306844174862,0.051550351083278656,0.0001,1.824693832997582
6051,0.0017446347046643496,0.058726124465465546,0.0001,1.770047166995937
6052,0.001682767877355218,0.06406918913125992,0.0001,1.7900125829910394
6053,0.0016133973840624094,0.05135258287191391,0.0001,1.782418917005998
6054,0.001578422379679978,0.0613480880856514,0.0001,1.784446959005436
6055,0.002011532662436366,0.042941078543663025,0.0001,1.7739749579923227
6056,0.0017993978690356016,0.041447531431913376,0.0001,1.7704689590027556
6057,0.001908749109134078,0.07128380239009857,0.0001,1.79380758300249
6058,0.0017905613640323281,0.026857387274503708,0.0001,1.7698102910071611
6059,0.0019233223283663392,0.05761530250310898,0.0001,1.7749513750022743
6060,0.001513503841124475,0.030783282592892647,0.0001,1.7669085420056945
6061,0.0016609287122264504,0.061639025807380676,0.0001,1.7785571249987697
6062,0.0019413864938542247,0.03287168964743614,0.0001,1.8000849579984788
6063,0.0021403986029326916,0.04311774671077728,0.0001,1.7785960000037448
6064,0.001687095034867525,0.0409555546939373,0.0001,1.761121457995614
6065,0.0018215005984529853,0.06406290829181671,0.0001,1.9064362500066636
6066,0.0017353678122162819,0.02745605632662773,0.0001,1.7959819999960018
6067,0.001772971940226853,0.04327769950032234,0.0001,1.8220594579906901
6068,0.0017604813911020756,0.04704795032739639,0.0001,1.770604709003237
6069,0.0018681021174415946,0.049259331077337265,0.0001,1.7851315419975435
6070,0.0018883795710280538,0.051642224192619324,0.0001,1.7611854170099832
6071,0.0016598643269389868,0.03848312050104141,0.0001,1.7956803330016555
6072,0.0017786470707505941,0.049228306859731674,0.0001,1.7808516660006717
6073,0.0015786709263920784,0.033295612782239914,0.0001,1.7820584580040304
6074,0.0015281728701665998,0.04187154397368431,0.0001,1.7787089589983225
6075,0.001629405189305544,0.037851206958293915,0.0001,1.7736982499918668
6076,0.0017325860681012273,0.027763739228248596,0.0001,1.780639374992461
6077,0.0018079461297020316,0.06902243196964264,0.0001,1.7838725840119878
6078,0.0018163372296839952,0.02868887037038803,0.0001,1.7839542500005336
6079,0.0018188628600910306,0.05882769078016281,0.0001,1.7603856250061654
6080,0.0018528684740886092,0.062107834964990616,0.0001,1.7866731670073932
6081,0.002060574246570468,0.022254884243011475,0.0001,1.8234944159921724
6082,0.0017932106275111437,0.043582841753959656,0.0001,2.058123999988311
6083,0.0018204618245363235,0.036481041461229324,0.0001,1.791909207997378
6084,0.0017180258873850107,0.06130678951740265,0.0001,1.7781125000037719
6085,0.0018919631838798523,0.022343702614307404,0.0001,1.7690588749974268
6086,0.0017582459840923548,0.03577974811196327,0.0001,1.7955488750012591
6087,0.001584984245710075,0.053945884108543396,0.0001,1.7817233750101877
6088,0.0019337416160851717,0.041402868926525116,0.0001,1.7772642499912763
6089,0.0017440778901800513,0.06731921434402466,0.0001,1.778544333006721
6090,0.001780345686711371,0.0598604641854763,0.0001,1.784625208005309
6091,0.0016418211162090302,0.07411620020866394,0.0001,1.843908916998771
6092,0.0015667888801544905,0.10518057644367218,0.0001,1.7812502499873517
6093,0.001932216458953917,0.05261390656232834,0.0001,1.7751049579965184
6094,0.001940799760632217,0.07836410403251648,0.0001,1.7645262499863748
6095,0.0017731356201693416,0.0857948511838913,0.0001,1.7870773749891669
6096,0.001823220169171691,0.07647673040628433,0.0001,1.7879326660040533
6097,0.001728577888570726,0.04274933785200119,0.0001,1.7592900409945287
6098,0.001923155621625483,0.025127656757831573,0.0001,1.9362595420097932
6099,0.0017428447026759386,0.05462203547358513,0.0001,1.980547667000792
6100,0.0017080267425626516,0.052661873400211334,0.0001,1.9142814590013586
6101,0.0015917690470814705,0.01863855868577957,0.0001,1.7637803749967134
6102,0.0018045499455183744,0.030536752194166183,0.0001,1.7838959169894224
6103,0.001980877248570323,0.04459399729967117,0.0001,1.7797776660008822
6104,0.0018163572531193495,0.04859047755599022,0.0001,1.8396787500096252
6105,0.0021290306467562914,0.03427428752183914,0.0001,1.7683613750123186
6106,0.0018028224585577846,0.0465727373957634,0.0001,1.772772750002332
6107,0.0017881701933220029,0.04294700548052788,0.0001,1.7730331250058953
6108,0.0015303322579711676,0.07197863608598709,0.0001,1.7862902500055498
6109,0.0016364121111109853,0.02967357449233532,0.0001,1.76157604099717
6110,0.0017688286025077105,0.04553999751806259,0.0001,1.8234096669912105
6111,0.002020379761233926,0.03404955938458443,0.0001,1.7880712919868529
6112,0.001809244160540402,0.04037589207291603,0.0001,1.7788911669922527
6113,0.001966487616300583,0.04695582017302513,0.0001,1.781569540995406
6114,0.0018619360635057092,0.0672718808054924,0.0001,1.770648000005167
6115,0.0019289733609184623,0.035636238753795624,0.0001,1.789912332998938
6116,0.0017994907684624195,0.05056242644786835,0.0001,1.8391688330011675
6117,0.0015928322682157159,0.051295168697834015,0.0001,1.8029561250004917
6118,0.0017128337640315294,0.061955831944942474,0.0001,1.7672777499974472
6119,0.001681779744103551,0.0446709468960762,0.0001,1.7892253329919185
6120,0.0017325759399682283,0.05938815698027611,0.0001,1.8131617920007557
6121,0.0016612643375992775,0.03162391856312752,0.0001,1.7932180000061635
6122,0.0015515693230554461,0.04421635717153549,0.0001,1.778109749997384
6123,0.001678553526289761,0.0649769976735115,0.0001,1.782505916999071
6124,0.0019040077459067106,0.033832255750894547,0.0001,1.77748416599934
6125,0.001958999549970031,0.06575818359851837,0.0001,1.7836037499946542
6126,0.0020782118663191795,0.029129967093467712,0.0001,1.7839702920027776
6127,0.0021100190933793783,0.0344538651406765,0.0001,1.7932292920013424
6128,0.0017906787106767297,0.08416491746902466,0.0001,1.7764028750098078
6129,0.0018605723744258285,0.026826493442058563,0.0001,1.763888625006075
6130,0.0018880933057516813,0.08121883124113083,0.0001,1.7933556249918183
6131,0.001988060539588332,0.04826771467924118,0.0001,1.8332759589975467
6132,0.001796075375750661,0.04091936722397804,0.0001,1.8145905830024276
6133,0.0020216801203787327,0.05098376050591469,0.0001,1.7824530829966534
6134,0.002059698337689042,0.02618158422410488,0.0001,1.8051903750019846
6135,0.001788252149708569,0.045961637049913406,0.0001,1.7809647079993738
6136,0.0018517363350838423,0.046509820967912674,0.0001,1.7934647079964634
6137,0.0016074927989393473,0.0397806353867054,0.0001,1.7679481670056703
6138,0.001658062799833715,0.06948429346084595,0.0001,1.7802878329966916
6139,0.0014704263303428888,0.06347986310720444,0.0001,1.7780106670106761
6140,0.0019498319597914815,0.037214864045381546,0.0001,1.7871628340071766
6141,0.001979921944439411,0.04603364318609238,0.0001,1.7926379999989877
6142,0.0017744469223544002,0.03666585683822632,0.0001,2.0282367920008255
6143,0.001918369671329856,0.03413365036249161,0.0001,1.9107851660082815
6144,0.0016886743251234293,0.056126270443201065,0.0001,1.804238291006186
6145,0.0018700269283726811,0.05839880183339119,0.0001,1.7944462500017835
6146,0.0016514946473762393,0.029887298122048378,0.0001,1.7875239580025664
6147,0.0017243820475414395,0.04831872880458832,0.0001,1.7889259999938076
6148,0.0016218852251768112,0.04807070642709732,0.0001,1.7741252499981783
6149,0.0017660342855378985,0.06433434039354324,0.0001,1.7798098329949426
6150,0.0018440987914800644,0.05561208724975586,0.0001,1.7828704170096898
6151,0.0017032355535775423,0.053018707782030106,0.0001,1.7836182079918217
6152,0.0016334271058440208,0.06755103170871735,0.0001,1.7846877080010017
6153,0.0016338073182851076,0.01792207919061184,0.0001,1.7684295829967596
6154,0.0015748533187434077,0.06078879162669182,0.0001,1.78283433400793
6155,0.0017823544330894947,0.02809065580368042,0.0001,1.8542624590045307
6156,0.0016235647490248084,0.06288134306669235,0.0001,1.7766264999954728
6157,0.0017579294508323073,0.0524701252579689,0.0001,1.771027499999036
6158,0.0019560279324650764,0.02175205387175083,0.0001,1.778136374996393
6159,0.0015899039572104812,0.0541495606303215,0.0001,1.7706794580008136
6160,0.001760605606250465,0.022779474034905434,0.0001,1.7752870410040487
6161,0.0019560528453439474,0.04761092737317085,0.0001,1.8069699159968877
6162,0.0016472492134198546,0.03087780252099037,0.0001,1.7928692909918027
6163,0.0016188081353902817,0.06085885688662529,0.0001,1.7604676670016488
6164,0.0019063109066337347,0.04319773614406586,0.0001,1.7696463340107584
6165,0.0016683574067428708,0.05411681905388832,0.0001,1.941471875004936
6166,0.0014708760427311063,0.06468205899000168,0.0001,1.7708824170113076
6167,0.0018944588955491781,0.052954018115997314,0.0001,1.7916968750068918
6168,0.0017251806566491723,0.038837604224681854,0.0001,1.766639750014292
6169,0.0016603361582383513,0.051175180822610855,0.0001,1.7943301660125144
6170,0.0017971530323848128,0.05236253887414932,0.0001,1.7849627920077182
6171,0.001872193650342524,0.04033440351486206,0.0001,1.769377832999453
6172,0.0015693389577791095,0.04272866249084473,0.0001,1.7857589170016581
6173,0.0018342477269470692,0.05355779826641083,0.0001,1.7759130420017755
6174,0.001986023737117648,0.03132886812090874,0.0001,1.7887255829991773
6175,0.0014256752328947186,0.06117044761776924,0.0001,1.7750658330041915
6176,0.0017476693028584123,0.04732565954327583,0.0001,1.7999500000005355
6177,0.001910098479129374,0.049025759100914,0.0001,1.7772526250046212
6178,0.001836842275224626,0.05125340074300766,0.0001,1.8612639159982791
6179,0.0018373860511928797,0.05667540431022644,0.0001,1.8478706669993699
6180,0.0017468021251261234,0.05641240254044533,0.0001,1.7836430830066092
6181,0.0018816052470356226,0.09075591713190079,0.0001,1.77520554199873
6182,0.00160425272770226,0.07512498646974564,0.0001,1.758814208995318
6183,0.0016606573481112719,0.07349980622529984,0.0001,1.7752883339999244
6184,0.0017889279406517744,0.07870227843523026,0.0001,1.789558208998642
6185,0.0017916966462507844,0.05137533321976662,0.0001,1.7644494170090184
6186,0.0020461890380829573,0.03538079932332039,0.0001,1.7826154169888468
6187,0.001830375287681818,0.07821524888277054,0.0001,1.780398167000385
6188,0.0018261073855683208,0.056930527091026306,0.0001,1.7707338339969283
6189,0.0020020371302962303,0.04239945113658905,0.0001,1.7740247920010006
6190,0.0018838311079889536,0.03879249840974808,0.0001,1.7834101670014206
6191,0.0019433932611718774,0.060928910970687866,0.0001,1.7898589999967953
6192,0.0016225117724388838,0.05838402360677719,0.0001,1.7789130000019213
6193,0.0018365702126175165,0.061644263565540314,0.0001,1.7613837079989025
6194,0.0017527008894830942,0.035698674619197845,0.0001,1.782932666988927
6195,0.0016619067173451185,0.05293852835893631,0.0001,1.765985374993761
6196,0.001793999457731843,0.03683757409453392,0.0001,1.783190125002875
6197,0.0017827487317845225,0.0996287539601326,0.0001,1.7718573339952854
6198,0.0018142912304028869,0.07692874222993851,0.0001,1.880942709001829
6199,0.0016824547201395035,0.03538021445274353,0.0001,1.8009696660010377
6200,0.0018135106656700373,0.05474572256207466,0.0001,1.7739922500040848
6201,0.0018259850330650806,0.060695353895425797,0.0001,1.8069686250091763
6202,0.001885383389890194,0.021854283288121223,0.0001,1.7748490829981165
6203,0.0017441370291635394,0.06152719631791115,0.0001,1.7681762919964967
6204,0.0015087559586390853,0.055607426911592484,0.0001,1.7685659999988275
6205,0.001630444428883493,0.049619026482105255,0.0001,1.7968372500035912
6206,0.0021343431435525417,0.043631382286548615,0.0001,1.9319718750048196
6207,0.0017750266706570983,0.04564599692821503,0.0001,1.7814607500040438
6208,0.001567077822983265,0.029087262228131294,0.0001,1.7923984160006512
6209,0.001865602913312614,0.05176854133605957,0.0001,1.7608955000032438
6210,0.0015387345338240266,0.056812744587659836,0.0001,1.7830407920118887
6211,0.0017237700521945953,0.03181091696023941,0.0001,1.7911718749965075
6212,0.0018335944041609764,0.06052765995264053,0.0001,1.794408208996174
6213,0.0018203131621703506,0.04032634571194649,0.0001,1.7759625830076402
6214,0.0018728154245764017,0.024542972445487976,0.0001,1.789036792004481
6215,0.0018837708048522472,0.06478216499090195,0.0001,1.7852620420017047
6216,0.0019864917267113924,0.015600718557834625,0.0001,1.9425964160036528
6217,0.0019060721388086677,0.022764356806874275,0.0001,2.02810229100578
6218,0.001650479738600552,0.027273401618003845,0.0001,1.999040333001176
6219,0.0016212385380640626,0.029960427433252335,0.0001,1.9496835419995477
6220,0.0017381437355652452,0.050086136907339096,0.0001,2.055307709000772
6221,0.0017089558532461524,0.06276835501194,0.0001,1.781751208996866
6222,0.0016525059472769499,0.032037895172834396,0.0001,1.7859137499908684
6223,0.0018816472729668021,0.0555020272731781,0.0001,1.8539617500064196
6224,0.0018185543594881892,0.048103924840688705,0.0001,1.7731284170004074
6225,0.0017233840189874172,0.03729784116148949,0.0001,1.7819172919989796
6226,0.001571597415022552,0.07227097451686859,0.0001,1.7783974159974605
6227,0.0018790807807818055,0.016042334958910942,0.0001,1.7663433339912444
6228,0.0017494260100647807,0.05115492641925812,0.0001,1.7852651249995688
6229,0.0019586212001740932,0.06887506693601608,0.0001,1.8322250839992194
6230,0.0017630435759201646,0.06254630535840988,0.0001,2.0904998750047525
6231,0.0017127294559031725,0.05686432495713234,0.0001,1.9876551659981487
6232,0.001854287227615714,0.039381250739097595,0.0001,1.7836905410076724
6233,0.0016688457690179348,0.03150757774710655,0.0001,1.7815401249972638
6234,0.0019025824731215835,0.03978893905878067,0.0001,1.766262541001197
6235,0.002101296791806817,0.026455404236912727,0.0001,1.795382458003587
6236,0.0017645304324105382,0.052601952105760574,0.0001,1.7672803750028834
6237,0.0017645382322371006,0.057990167289972305,0.0001,1.7890382920013508
6238,0.001687135430984199,0.02926274575293064,0.0001,1.7665472920052707
6239,0.002011647680774331,0.035111259669065475,0.0001,1.7815679589984939
6240,0.0016810598317533731,0.03269367665052414,0.0001,1.782488208002178
6241,0.0016676508821547031,0.050840456038713455,0.0001,1.7827780000079656
6242,0.0017841701628640294,0.029803220182657242,0.0001,1.7641010420047678
6243,0.002054049866273999,0.030908141285181046,0.0001,1.7741201669996371
6244,0.0016437150770798326,0.037980448454618454,0.0001,1.7797547919908538
6245,0.0018187275854870677,0.029811566695570946,0.0001,1.786131375003606
6246,0.0018248414853587747,0.048586226999759674,0.0001,1.7783880830102134
6247,0.001771518844179809,0.02417106367647648,0.0001,1.7417611249984475
6248,0.001611750340089202,0.022012922912836075,0.0001,1.7377024169982178
6249,0.0017602958250790834,0.014595736749470234,0.0001,1.730831291002687
6250,0.0015737609937787056,0.03979204595088959,0.0001,1.7335695000074338
6251,0.0018197770696133375,0.027517491951584816,0.0001,1.729889667010866
6252,0.0018066527554765344,0.019415397197008133,0.0001,1.7305278330022702
6253,0.0019272066419944167,0.035006552934646606,0.0001,1.764715499986778
6254,0.0018364598508924246,0.020735643804073334,0.0001,1.7543336669914424
6255,0.0016498538898304105,0.011697105132043362,0.0001,1.7318264169880422
6256,0.001607090700417757,0.010465674102306366,0.0001,1.7836614169937093
6257,0.0018034984823316336,0.03136806935071945,0.0001,1.7359725419955794
6258,0.0019103274680674076,0.021446773782372475,0.0001,1.7264709169976413
6259,0.0017816623440012336,0.019713005051016808,0.0001,1.7410812500020256
6260,0.0017557133687660098,0.022542014718055725,0.0001,1.7413848750002217
6261,0.0016859385650604963,0.03063761256635189,0.0001,1.7299846250098199
6262,0.0018368297023698688,0.031745437532663345,0.0001,1.7183362079958897
6263,0.0016105116810649633,0.00705840066075325,0.0001,1.784708542007138
6264,0.0020135189406573772,0.0228254571557045,0.0001,1.835197957989294
6265,0.0016017352463677526,0.029933813959360123,0.0001,2.0811172499961685
6266,0.0018397114472463727,0.023156937211751938,0.0001,1.9283514590060804
6267,0.0017717070877552032,0.018868010491132736,0.0001,1.7611229169997387
6268,0.001736098318360746,0.033546388149261475,0.0001,1.7427714590012329
6269,0.0019757624249905348,0.03473162651062012,0.0001,1.7388091659959173
6270,0.0017989948391914368,0.019085891544818878,0.0001,1.7307359999977052
6271,0.0020609949715435505,0.0339520126581192,0.0001,1.7466779169917572
6272,0.0016130678122863173,0.05012727901339531,0.0001,1.731445375000476
6273,0.0017939007375389338,0.06190556660294533,0.0001,1.7351896670006681
6274,0.0015268493443727493,0.038940396159887314,0.0001,1.7858764580014395
6275,0.0016918049659579992,0.028219666332006454,0.0001,1.7273278330103494
6276,0.0018654288724064827,0.04395940154790878,0.0001,1.8051839580002706
6277,0.0016648310702294111,0.04751688241958618,0.0001,1.7543206669943174
6278,0.001879323273897171,0.04516748711466789,0.0001,1.738432374986587
6279,0.0015720318770036101,0.06862331181764603,0.0001,1.7244871249858988
6280,0.0019840772729367018,0.04801464453339577,0.0001,1.7398217919981107
6281,0.001843854202888906,0.05314963310956955,0.0001,1.7506709580047755
6282,0.001858071773312986,0.0508863627910614,0.0001,1.7439167909906246
6283,0.001906686695292592,0.03776339441537857,0.0001,1.8787257080111885
6284,0.0018930580699816346,0.05568670481443405,0.0001,1.7645320829906268
6285,0.0017177155241370201,0.04119621962308884,0.0001,1.7361744170048041
6286,0.0022079094778746367,0.026688965037465096,0.0001,1.7496520830027293
6287,0.0018053136300295591,0.043408945202827454,0.0001,1.7482828329957556
6288,0.0017807669937610626,0.06159282475709915,0.0001,1.741155958006857
6289,0.0015404153382405639,0.06546583026647568,0.0001,1.7576343330001691
6290,0.0018977837171405554,0.07527513056993484,0.0001,1.718355499993777
6291,0.0018972894176840782,0.046797554939985275,0.0001,1.7338640410016524
6292,0.0019460716284811497,0.057385385036468506,0.0001,1.7312664999917615
6293,0.0019743002485483885,0.029672997072339058,0.0001,1.7808760000043549
6294,0.0017504753777757287,0.06973262876272202,0.0001,1.7306123330054106
6295,0.0018497946439310908,0.03671237826347351,0.0001,1.7395931250066496
6296,0.0017819518689066172,0.0753522589802742,0.0001,1.7412360409944085
6297,0.001646492164582014,0.07351388037204742,0.0001,1.7294836250075605
6298,0.0017021828098222613,0.07118376344442368,0.0001,1.7338852910033893
6299,0.0018343976698815823,0.06510744243860245,0.0001,1.8318943329941249
6300,0.002095625037327409,0.05289054661989212,0.0001,1.7471671669918578
6301,0.001626308192498982,0.04378665238618851,0.0001,1.729720917006489
6302,0.0016894688596948981,0.07731948792934418,0.0001,1.7520587080070982
6303,0.0016051334096118808,0.05841222032904625,0.0001,1.851872833998641
6304,0.001742460415698588,0.03607413172721863,0.0001,1.7285465000022668
6305,0.001765205292031169,0.07030978053808212,0.0001,1.7325850420020288
6306,0.002091804053634405,0.03306988254189491,0.0001,1.7233293749886798
6307,0.001590245752595365,0.06369125843048096,0.0001,1.7157603340019705
6308,0.0017822481459006667,0.04739920049905777,0.0001,1.7309216249996098
6309,0.0017739498289301991,0.03313243389129639,0.0001,1.736526375010726
6310,0.0017407825216650963,0.05587003752589226,0.0001,1.769677333009895
6311,0.0017336902674287558,0.016677850857377052,0.0001,1.7547654579975642
6312,0.001592155545949936,0.05679812654852867,0.0001,1.8302895000088029
6313,0.0017369200941175222,0.026272963732481003,0.0001,1.7267537089937832
6314,0.001983887515962124,0.04967308044433594,0.0001,1.7282541250024224
6315,0.001982490299269557,0.053224027156829834,0.0001,1.7399721660040086
6316,0.0017085748258978128,0.03506329655647278,0.0001,1.7404729590052739
6317,0.001623267075046897,0.04419267550110817,0.0001,1.7422764170041773
6318,0.0017279586754739285,0.07371982932090759,0.0001,1.7301117079914548
6319,0.0017801261274144053,0.04845166578888893,0.0001,1.746688917002757
6320,0.001794400392100215,0.05191756784915924,0.0001,1.8628006669896422
6321,0.0018720407970249653,0.06293576955795288,0.0001,1.7367589589994168
6322,0.0017801499925553799,0.05143711715936661,0.0001,1.729794375001802
6323,0.0020008948631584644,0.09203546494245529,0.0001,1.8758280829933938
6324,0.0017536074155941606,0.028690170496702194,0.0001,1.9494661670032656
6325,0.0018304409459233284,0.06721563637256622,0.0001,1.8781317499961006
6326,0.0018115306738764048,0.09990954399108887,0.0001,1.8416886249906383
6327,0.002069638343527913,0.03865167126059532,0.0001,1.7488204170076642
6328,0.0018956625135615468,0.08020458370447159,0.0001,1.7962800840032287
6329,0.0018906479235738516,0.0666729137301445,0.0001,1.7324537090025842
6330,0.0017448585713282228,0.04137827455997467,0.0001,1.729518124993774
6331,0.0019176002824679017,0.09655021131038666,0.0001,1.732796792013687
6332,0.0017483981791883707,0.062134042382240295,0.0001,1.7196355829946697
6333,0.0018211317947134376,0.07860884070396423,0.0001,1.817702125001233
6334,0.0017505455762147903,0.058124855160713196,0.0001,1.7701318750041537
6335,0.0020812831353396177,0.035545963793992996,0.0001,1.7511132910003653
6336,0.0016267428873106837,0.0719236209988594,0.0001,1.737200292001944
6337,0.0016523803351446986,0.024560140445828438,0.0001,1.7246107079990907
6338,0.0019267589086666703,0.10437115281820297,0.0001,1.7731004580127774
6339,0.0017981050768867135,0.02929331548511982,0.0001,1.728689666997525
6340,0.0017158944392576814,0.07445107400417328,0.0001,1.7331311250018189
6341,0.0017542982241138816,0.06471423804759979,0.0001,1.7343829169985838
6342,0.0018626872915774584,0.059418439865112305,0.0001,1.7424517089966685
6343,0.0016113537130877376,0.05944666638970375,0.0001,1.725796166996588
6344,0.0020170852076262236,0.0319918692111969,0.0001,1.738685832999181
6345,0.001835356466472149,0.04337644949555397,0.0001,1.764952291996451
6346,0.0017711712280288339,0.04402083158493042,0.0001,1.7700282089936081
6347,0.0017671025125309825,0.05033440887928009,0.0001,1.7669326250033919
6348,0.00199103238992393,0.03772589936852455,0.0001,1.8285349590005353
6349,0.0017366799293085933,0.036021482199430466,0.0001,1.7407688749954104
6350,0.0018547263462096453,0.051124170422554016,0.0001,1.7377421249984764
6351,0.0019003244815394282,0.03146727755665779,0.0001,1.731999249997898
6352,0.0019547827541828156,0.03615289181470871,0.0001,1.735973250004463
6353,0.0018872651271522045,0.030872667208313942,0.0001,1.7699414999951841
6354,0.001870922395028174,0.046664826571941376,0.0001,1.7329935419984395
6355,0.0019217809895053506,0.044749390333890915,0.0001,1.7295947910024552
6356,0.0017042008694261312,0.05046182498335838,0.0001,1.7257707500102697
6357,0.0018056760309264064,0.056121230125427246,0.0001,1.7823194579978008
6358,0.0017062188126146793,0.015579935163259506,0.0001,1.7238694160041632
6359,0.0019525163806974888,0.05214809998869896,0.0001,1.7805324170039967
6360,0.0016762572340667248,0.07435759902000427,0.0001,1.7249425420013722
6361,0.0017875374760478735,0.022366059944033623,0.0001,1.728651915997034
6362,0.0018523120088502765,0.03787999227643013,0.0001,1.7331682500080206
6363,0.001847095089033246,0.033022817224264145,0.0001,1.7278461660025641
6364,0.0017182515002787113,0.05776554346084595,0.0001,1.7207505830010632
6365,0.0015881708823144436,0.03839075565338135,0.0001,1.7342061670060502
6366,0.0017097447998821735,0.06963484734296799,0.0001,1.7265377500007162
6367,0.0016387527575716376,0.028651038184762,0.0001,1.8346991250000428
6368,0.0017948619788512588,0.05983564257621765,0.0001,1.7317635000072187
6369,0.0017663778271526098,0.024390311911702156,0.0001,1.73854800000845
6370,0.002242936287075281,0.06400566548109055,0.0001,1.7398692080023466
6371,0.0018141415202990174,0.04735622555017471,0.0001,1.741593708997243
6372,0.001793091418221593,0.044236596673727036,0.0001,1.7519585830013966
6373,0.0021112319082021713,0.06406333297491074,0.0001,1.7265362499892944
6374,0.0016391151584684849,0.057851359248161316,0.0001,1.763654416994541
6375,0.0017933228518813848,0.03836386278271675,0.0001,1.7275405830005184
6376,0.0020091310143470764,0.054072730243206024,0.0001,1.7275904999987688
6377,0.0016589527949690819,0.05634140595793724,0.0001,1.7326463749923278
6378,0.001819228520616889,0.07040433585643768,0.0001,1.790068833011901
6379,0.0019520299974828959,0.04881918802857399,0.0001,1.7356883330066921
6380,0.0017770843114703894,0.09016142785549164,0.0001,1.729102209006669
6381,0.0018382109701633453,0.04335489496588707,0.0001,1.7237772079970455
6382,0.0017422131495550275,0.05666480213403702,0.0001,1.746347959007835
6383,0.0016874393913894892,0.045505646616220474,0.0001,1.7320705419988371
6384,0.0018756712088361382,0.05083951726555824,0.0001,1.7381758330011507
6385,0.0019704140722751617,0.03201111778616905,0.0001,1.7303587089991197
6386,0.0019338352140039206,0.05319749191403389,0.0001,1.7339544589922298
6387,0.0018736878409981728,0.04917297884821892,0.0001,1.8188887080032146
6388,0.0016374991973862052,0.020461121574044228,0.0001,1.737235500011593
6389,0.001832644804380834,0.05565821751952171,0.0001,1.7286244999995688
6390,0.002019473584368825,0.07126110047101974,0.0001,1.736362666997593
6391,0.0016610162565484643,0.055106021463871,0.0001,1.7315851250023115
6392,0.0018090893281623721,0.07907599210739136,0.0001,1.7466171250125626
6393,0.0019329527858644724,0.08628865331411362,0.0001,1.751248750006198
6394,0.001978183165192604,0.03048621118068695,0.0001,1.73275837500114
6395,0.0019076465396210551,0.10848794132471085,0.0001,1.7269843329995638
6396,0.0016586433630436659,0.07810473442077637,0.0001,1.7381762919976609
6397,0.0018560730386525393,0.08114093542098999,0.0001,1.7798266660101945
6398,0.00180322106461972,0.09392642974853516,0.0001,1.728605249998509
6399,0.0016156078781932592,0.010915088467299938,0.0001,1.7505831669986947
6400,0.0017324163345620036,0.08237508684396744,0.0001,1.7429251249996014
6401,0.00178167421836406,0.0659608319401741,0.0001,1.796944292000262
6402,0.0016583804972469807,0.0523812510073185,0.0001,1.7761754160019336
6403,0.001963226357474923,0.07846524566411972,0.0001,1.7301982500066515
6404,0.0017482154071331024,0.036354172974824905,0.0001,1.7359049579972634
6405,0.0019021877087652683,0.05062152445316315,0.0001,1.8029756249889033
6406,0.0017494563944637775,0.020847462117671967,0.0001,1.7736513749987353
6407,0.0018743891268968582,0.07320069521665573,0.0001,1.742111792002106
6408,0.0017422194359824061,0.0329117625951767,0.0001,1.7277431249967776
6409,0.001931754406541586,0.05520132929086685,0.0001,1.7361412500031292
6410,0.0016972162993624806,0.055510543286800385,0.0001,1.7301860000006855
6411,0.0019048551330342889,0.05383274704217911,0.0001,1.7345355419965927
6412,0.0017511314945295453,0.04039771109819412,0.0001,1.7302566659927834
6413,0.0015504759503528476,0.06352897733449936,0.0001,1.7659985420032172
6414,0.001749782357364893,0.050901688635349274,0.0001,1.7320524160022615
6415,0.0022542718797922134,0.04586276412010193,0.0001,1.7969515000004321
6416,0.0017914639320224524,0.02655130997300148,0.0001,1.7274910000123782
6417,0.0017249244265258312,0.053827106952667236,0.0001,1.7318590419890825
6418,0.002026013797149062,0.041613832116127014,0.0001,1.7297111670050072
6419,0.0017851924058049917,0.048725973814725876,0.0001,1.7350924159982242
6420,0.0018346065189689398,0.034681204706430435,0.0001,1.7693179159978172
6421,0.0019238062668591738,0.024666577577590942,0.0001,1.8245840839954326
6422,0.0019389329245314002,0.0522490032017231,0.0001,1.756864625000162
6423,0.0017796977190300822,0.024429908022284508,0.0001,1.7375084170053015
6424,0.001717683277092874,0.05203291028738022,0.0001,1.7364849169971421
6425,0.0017859351355582476,0.03642529621720314,0.0001,1.78231720799522
6426,0.0015358751406893134,0.03157873451709747,0.0001,1.7333732080005575
6427,0.0018334155902266502,0.05632239207625389,0.0001,1.7291744590038434
6428,0.0017278201412409544,0.04869181290268898,0.0001,1.7457161250058562
6429,0.0018266416154801846,0.04068451747298241,0.0001,1.7345572920021368
6430,0.0017007977003231645,0.07442180067300797,0.0001,1.7296238339913543
6431,0.0015624412335455418,0.05721622332930565,0.0001,1.762226874998305
6432,0.0016765560721978545,0.04644527658820152,0.0001,1.7257064580044243
6433,0.001738366554491222,0.03304030001163483,0.0001,1.7218742500117514
6434,0.0017669120570644736,0.03712339326739311,0.0001,1.7842193340038648
6435,0.0018751817988231778,0.04321063682436943,0.0001,1.7380194580036914
6436,0.0016596028581261635,0.04309246316552162,0.0001,2.414732125005685
6437,0.0017842917004600167,0.03675736486911774,0.0001,1.9305914579890668
6438,0.0017982148565351963,0.0626072958111763,0.0001,1.7879378749930765
6439,0.0017113680951297283,0.021386483684182167,0.0001,1.768192542003817
6440,0.0016158082289621234,0.08698960393667221,0.0001,1.7281630829966161
6441,0.0017162095755338669,0.05955119803547859,0.0001,1.781695249999757
6442,0.0017535511869937181,0.04543055593967438,0.0001,1.7412611659965478
6443,0.002062142128124833,0.04424126446247101,0.0001,1.7444166669883998
6444,0.001893355161882937,0.05093824490904808,0.0001,1.7537458750011865
6445,0.0018535408889874816,0.038720302283763885,0.0001,1.791073458007304
6446,0.0018494735704734921,0.06660117954015732,0.0001,1.7464813330007019
6447,0.001896388828754425,0.03492189571261406,0.0001,1.8461382499954198
6448,0.0018229103880003095,0.06434439867734909,0.0001,1.742414041000302
6449,0.0018500684527680278,0.04886079579591751,0.0001,1.7554452080075862
6450,0.00174817128572613,0.06878244876861572,0.0001,1.7543237080099061
6451,0.0016175730852410197,0.05256163328886032,0.0001,1.7944781670084922
6452,0.0019654117058962584,0.04639822244644165,0.0001,1.7474652089877054
6453,0.0017876155907288194,0.033674489706754684,0.0001,1.7630247500055702
6454,0.0018213005969300866,0.057294659316539764,0.0001,1.8217342910065781
6455,0.0023290333338081837,0.017598578706383705,0.0001,1.747987082999316
6456,0.0016420676838606596,0.043202225118875504,0.0001,1.7378989160060883
6457,0.0019310197094455361,0.03535017743706703,0.0001,1.7717454170051496
6458,0.0020071598701179028,0.02371339127421379,0.0001,1.790245791999041
6459,0.001876886235550046,0.027337202802300453,0.0001,1.7347175419999985
6460,0.0017056595534086227,0.0525473989546299,0.0001,1.750562750006793
6461,0.0019420492462813854,0.020458227023482323,0.0001,1.8022320000018226
6462,0.001848942250944674,0.04318295419216156,0.0001,1.7296047919953708
6463,0.001933442777954042,0.028404967859387398,0.0001,1.8139758330071345
6464,0.0017319883918389678,0.02777714841067791,0.0001,1.748321749997558
6465,0.0017000418156385422,0.026834700256586075,0.0001,1.7509998330060625
6466,0.0018348690355196595,0.03390111029148102,0.0001,1.7298941669869237
6467,0.0019808225333690643,0.0380316786468029,0.0001,1.8058352090010885
6468,0.0016433068085461855,0.025853890925645828,0.0001,1.7318237080035033
6469,0.001745322602801025,0.028714675456285477,0.0001,1.9371647920052055
6470,0.0018974312115460634,0.03668729588389397,0.0001,1.9859378330002073
6471,0.00165869842749089,0.051601748913526535,0.0001,1.8257717499946011
6472,0.0016938410699367523,0.025521498173475266,0.0001,1.8052715420053573
6473,0.0016904070507735014,0.040951669216156006,0.0001,1.7435395830107154
6474,0.0015362229896709323,0.020874137058854103,0.0001,1.7585117080016062
6475,0.0017165356548503041,0.026941519230604172,0.0001,1.806904791999841
6476,0.0017198242712765932,0.036967191845178604,0.0001,1.765212166996207
6477,0.0016170410672202706,0.02955613285303116,0.0001,1.7510477920004632
6478,0.0016667204909026623,0.03532398119568825,0.0001,1.7401298330078134
6479,0.0018473656382411718,0.02346237748861313,0.0001,1.817784541999572
6480,0.0015844587469473481,0.06537077575922012,0.0001,1.723832499992568
6481,0.0017762333154678345,0.04084201902151108,0.0001,1.8098188750009285
6482,0.0018726998241618276,0.04898174852132797,0.0001,1.7577974170126254
6483,0.0016234229551628232,0.0372149758040905,0.0001,1.7387402919994202
6484,0.001896530156955123,0.04436143487691879,0.0001,1.7499727079994045
6485,0.001983599504455924,0.061704736202955246,0.0001,1.8177915420092177
6486,0.0017652836395427585,0.036384232342243195,0.0001,1.765115624992177
6487,0.0018256984185427427,0.06663485616445541,0.0001,1.7575511670002015
6488,0.0015255927573889494,0.05253526568412781,0.0001,1.7274187089933548
6489,0.0018154027638956904,0.05851262807846069,0.0001,1.8098508749972098
6490,0.0019164347322657704,0.056841034442186356,0.0001,1.746735291002551
6491,0.0020006238482892513,0.02254004217684269,0.0001,1.836611915990943
6492,0.0019157591741532087,0.05085214972496033,0.0001,1.7506834999949206
6493,0.0016778673743829131,0.06592082232236862,0.0001,1.7871513749996666
6494,0.0020328587852418423,0.04157530516386032,0.0001,1.7948555410112021
6495,0.00186799222137779,0.04664815962314606,0.0001,1.7899360830051592
6496,0.0015654374146834016,0.06280455738306046,0.0001,1.7290347500093048
6497,0.001503371400758624,0.03565698862075806,0.0001,1.741104583008564
6498,0.001569296233355999,0.042732007801532745,0.0001,1.7867826669971691
6499,0.0017293636919930577,0.05384080857038498,0.0001,1.7258254170010332
6500,0.0017359215999022126,0.038159824907779694,0.0001,1.9411129170039203
6501,0.0016611743485555053,0.061438705772161484,0.0001,1.757311583001865
6502,0.0018091717502102256,0.03922012075781822,0.0001,1.7823080840025796
6503,0.0016831370303407311,0.04324207082390785,0.0001,1.769738207993214
6504,0.0017257692525163293,0.07673430442810059,0.0001,1.7765613340015989
6505,0.00174195715226233,0.018968017771840096,0.0001,1.770498415993643
6506,0.0019138955976814032,0.051384761929512024,0.0001,1.7893777919962304
6507,0.0019317559199407697,0.0650927871465683,0.0001,1.7996276670019142
6508,0.0018346805591136217,0.024897925555706024,0.0001,1.7545382079988485
6509,0.0015399607364088297,0.05318595841526985,0.0001,1.7708066669874825
6510,0.001837155083194375,0.04689820110797882,0.0001,1.7715927079989342
6511,0.0019717577379196882,0.035298801958560944,0.0001,1.79477241699351
6512,0.0018831925699487329,0.0343203991651535,0.0001,1.7822579580097226
6513,0.0017717587761580944,0.045713137835264206,0.0001,1.7720015420054551
6514,0.0015983141493052244,0.04815651476383209,0.0001,1.7917724169965368
6515,0.0019643204286694527,0.05636664107441902,0.0001,1.78734633300337
6516,0.0016669676406309009,0.042710404843091965,0.0001,1.7890266659960616
6517,0.0014921978581696749,0.05259053036570549,0.0001,1.7666725419985596
6518,0.0019045188091695309,0.01881778985261917,0.0001,1.8610922079969896
6519,0.001669893623329699,0.05892029032111168,0.0001,1.7920142919901991
6520,0.0018290315056219697,0.04422193393111229,0.0001,1.7885401670064311
6521,0.0015923806931823492,0.028875820338726044,0.0001,1.7863442079978995
6522,0.0018031009240075946,0.06001479551196098,0.0001,1.7686153330141678
6523,0.002082083374261856,0.03773234412074089,0.0001,1.7556298749987036
6524,0.0017187697812914848,0.07698889821767807,0.0001,1.7869332079862943
6525,0.0016892999410629272,0.02995389699935913,0.0001,1.7760675000026822
6526,0.0018373890779912472,0.08141268044710159,0.0001,1.776798292004969
6527,0.0017238181317225099,0.04423453286290169,0.0001,1.7762928339943755
6528,0.002205743221566081,0.04816353693604469,0.0001,1.7733188749989495
6529,0.0019233077764511108,0.009094057604670525,0.0001,1.7860117919917684
6530,0.0018674756865948439,0.05370335653424263,0.0001,1.794334665988572
6531,0.0018622460775077343,0.03691275790333748,0.0001,1.7854546660091728
6532,0.0017531313933432102,0.051778241991996765,0.0001,1.7848761249915697
6533,0.0017872522585093975,0.04042453691363335,0.0001,1.7564546249923296
6534,0.0019857282750308514,0.03679569810628891,0.0001,1.7828662499960046
6535,0.0016314979875460267,0.052018024027347565,0.0001,1.7798143750114832
6536,0.0018650752026587725,0.025599371641874313,0.0001,1.780375082991668
6537,0.0015860710991546512,0.0478234700858593,0.0001,1.7739926249923883
6538,0.0018922350136563182,0.0452185720205307,0.0001,1.7881266250042245
6539,0.0018729756120592356,0.05150396376848221,0.0001,1.7965466249879682
6540,0.0018375517101958394,0.045618295669555664,0.0001,1.7780197090032743
6541,0.001902224961668253,0.0366768017411232,0.0001,1.7697976250055945
6542,0.0016582893440499902,0.061462800949811935,0.0001,1.7767920839978615
6543,0.001985273789614439,0.04026174545288086,0.0001,1.7821571249951376
6544,0.0018313823966309428,0.03363915532827377,0.0001,1.7913611249969108
6545,0.001780355116352439,0.027170758694410324,0.0001,1.78250470799685
6546,0.0019443519413471222,0.034917451441287994,0.0001,1.759642499993788
6547,0.001927624107338488,0.06006541848182678,0.0001,1.7837495419953484
6548,0.0015209702542051673,0.03690500184893608,0.0001,1.7735347080015345
6549,0.001900276867672801,0.041569702327251434,0.0001,1.7974581669986947
6550,0.0017691162647679448,0.060254354029893875,0.0001,1.7960170000005746
6551,0.0019628433510661125,0.07475119829177856,0.0001,1.7823300829913933
6552,0.0019439606694504619,0.030115263536572456,0.0001,1.9119412919972092
6553,0.0019503729417920113,0.06780258566141129,0.0001,1.7877525840012822
6554,0.0017871798481792212,0.06162802502512932,0.0001,1.7791819590056548
6555,0.0019127947743982077,0.055890291929244995,0.0001,1.8117786670045462
6556,0.001756561454385519,0.07475553452968597,0.0001,1.7607773750060005
6557,0.0017287879018113017,0.016218863427639008,0.0001,1.803769749996718
6558,0.0017537163803353906,0.07867870479822159,0.0001,1.837333708012011
6559,0.001670381287112832,0.04175197333097458,0.0001,1.8792640000028769
6560,0.0016139298677444458,0.0814061090350151,0.0001,1.8745194590010215
6561,0.001626250916160643,0.05739559605717659,0.0001,1.7956947920029052
6562,0.0018100100569427013,0.049173999577760696,0.0001,1.783191042006365
6563,0.0017949568573385477,0.08251586556434631,0.0001,1.7832038339984138
6564,0.0020068807061761618,0.032678648829460144,0.0001,1.7933328329963842
6565,0.0016046473756432533,0.07156816869974136,0.0001,1.7556154589983635
6566,0.0017067730659618974,0.022647596895694733,0.0001,1.8231915420037694
6567,0.0016959342174232006,0.07912813872098923,0.0001,1.7782208749995334
6568,0.0016518121119588614,0.04310322552919388,0.0001,1.8964065829932224
6569,0.0018675201572477818,0.07844114303588867,0.0001,2.079599040996982
6570,0.0017278497107326984,0.0509473979473114,0.0001,1.883029374992475
6571,0.0017544261645525694,0.06068806350231171,0.0001,1.7796624170005089
6572,0.0018053161911666393,0.05045684427022934,0.0001,1.7833929159969557
6573,0.0020229071378707886,0.03945862874388695,0.0001,1.7850854999996955
6574,0.0019297704566270113,0.053530365228652954,0.0001,1.78602062498976
6575,0.0017293855780735612,0.05441054701805115,0.0001,1.7881526670098538
6576,0.001802623737603426,0.062156688421964645,0.0001,1.7654288329940755
6577,0.0018672416917979717,0.050682924687862396,0.0001,1.7797374170040712
6578,0.0018977549625560641,0.06935238838195801,0.0001,1.779991000003065
6579,0.0017505402211099863,0.025751197710633278,0.0001,1.7771636670076987
6580,0.0018212206196039915,0.05001535639166832,0.0001,1.762960790991201
6581,0.0017202462768182158,0.023510172963142395,0.0001,1.7692375839978922
6582,0.0018729312578216195,0.07883826643228531,0.0001,1.7720814170024823
6583,0.0018427117029204965,0.06121397763490677,0.0001,1.784898208003142
6584,0.0017943064449355006,0.05277372524142265,0.0001,1.7752450419939123
6585,0.0017091446788981557,0.09200971573591232,0.0001,1.9244862080086023
6586,0.001679708482697606,0.023876167833805084,0.0001,1.7890717920090538
6587,0.0016495262971147895,0.06480671465396881,0.0001,1.7823391670099227
6588,0.0016941545763984323,0.06875701993703842,0.0001,1.8190916669991566
6589,0.0016563505632802844,0.01389007642865181,0.0001,1.7963606669945875
6590,0.0017754413420334458,0.045510295778512955,0.0001,1.7765245829941705
6591,0.0017603568267077208,0.04649422690272331,0.0001,1.7782940409961157
6592,0.0017614178359508514,0.016925977542996407,0.0001,1.761573750001844
6593,0.001620412222109735,0.031491149216890335,0.0001,1.7917006250063423
6594,0.0020375745370984077,0.06733324378728867,0.0001,1.7816480409965152
6595,0.0017320651095360518,0.04543570056557655,0.0001,1.7890601670078468
6596,0.001763595500960946,0.030527165159583092,0.0001,1.7756327920069452
6597,0.0018133876146748662,0.05102752894163132,0.0001,1.761600665995502
6598,0.0017161417054012418,0.02431335859000683,0.0001,1.7897498340025777
6599,0.0016291363863274455,0.045850805938243866,0.0001,1.7930534170009196
6600,0.0020773119758814573,0.06059175729751587,0.0001,1.860883458997705
6601,0.0015205045929178596,0.053039681166410446,0.0001,2.152638832994853
6602,0.001885396777652204,0.051791999489068985,0.0001,1.867404249991523
6603,0.0018416899256408215,0.04095414653420448,0.0001,1.7874860000010813
6604,0.001970690442249179,0.048884324729442596,0.0001,1.770863375000772
6605,0.0018024896271526814,0.05914279446005821,0.0001,1.779041709000012
6606,0.0018285030964761972,0.050647635012865067,0.0001,1.7766894169908483
6607,0.0017138159601017833,0.06968115270137787,0.0001,1.811540208000224
6608,0.001946395612321794,0.049014247953891754,0.0001,1.7489728330110665
6609,0.0016829394735395908,0.05453633517026901,0.0001,1.774836459007929
6610,0.0020628119818866253,0.050598204135894775,0.0001,1.7359847910120152
6611,0.0017240614397451282,0.10731382668018341,0.0001,1.7570587500085821
6612,0.001556506846100092,0.061642520129680634,0.0001,1.7369028340035584
6613,0.0016043585492298007,0.07916148006916046,0.0001,1.7288311249867547
6614,0.0016391073586419225,0.04508715122938156,0.0001,1.7481060409918427
6615,0.001758359489031136,0.08581098914146423,0.0001,1.7685822079947684
6616,0.0017370771383866668,0.05499367415904999,0.0001,1.7265111249871552
6617,0.0018560190219432116,0.051192767918109894,0.0001,1.8033270830055699
6618,0.0017932046903297305,0.04653685912489891,0.0001,1.932186667007045
6619,0.0018730858573690057,0.05970781669020653,0.0001,1.958856500001275
6620,0.0018961419118568301,0.06826286762952805,0.0001,1.8586149159964407
6621,0.0015831452328711748,0.06511291861534119,0.0001,1.7425986250018468
6622,0.001787566696293652,0.05046052485704422,0.0001,1.7561470420041587
6623,0.0018309776205569506,0.04561201110482216,0.0001,1.7250938329962082
6624,0.002047119662165642,0.048965755850076675,0.0001,1.7526200419961242
6625,0.0019730457570403814,0.03968682512640953,0.0001,1.7199475420056842
6626,0.0017348487162962556,0.06215284764766693,0.0001,1.7874963329959428
6627,0.0020361486822366714,0.045388609170913696,0.0001,1.7326136249903357
6628,0.0018256392795592546,0.02777167037129402,0.0001,1.742302209007903
6629,0.0018427952891215682,0.026195870712399483,0.0001,1.7485506249940954
6630,0.0016439472092315555,0.025574127212166786,0.0001,1.7346947909973096
6631,0.0015831108903512359,0.04006461054086685,0.0001,1.731225458002882
6632,0.0017285431968048215,0.0216370802372694,0.0001,1.7490011250047246
6633,0.0019280635751783848,0.03293437510728836,0.0001,1.7630042500095442
6634,0.00167250563390553,0.024304285645484924,0.0001,1.734022709002602
6635,0.002223062328994274,0.024352384731173515,0.0001,1.795719415997155
6636,0.0020889120642095804,0.03744743764400482,0.0001,1.7540697500080569
6637,0.001980110304430127,0.03507280722260475,0.0001,1.7441039999976056
6638,0.0016206341097131371,0.045868534594774246,0.0001,1.7585554999968736
6639,0.0017389958957210183,0.07931001484394073,0.0001,1.7312447500007693
6640,0.0017333239084109664,0.06497520208358765,0.0001,1.749370249992353
6641,0.0018664187518879771,0.06416747719049454,0.0001,1.7292980839993106
6642,0.0017925207503139973,0.038207415491342545,0.0001,1.7335420829913346
6643,0.0019273464567959309,0.03994544595479965,0.0001,1.7581805000081658
6644,0.0017755435546860099,0.07620931416749954,0.0001,1.9128904169920133
6645,0.0017250413075089455,0.03801650181412697,0.0001,1.996335582996835
6646,0.001968623138964176,0.045686282217502594,0.0001,1.8056624589953572
6647,0.0018946059281006455,0.04611405357718468,0.0001,1.7381584590038983
6648,0.0018668053671717644,0.04444855824112892,0.0001,1.7322482500021579
6649,0.0017976906383410096,0.06960881501436234,0.0001,1.728451832997962
6650,0.0019595413468778133,0.06242530792951584,0.0001,1.7720187499944586
6651,0.0015975406859070063,0.03895878791809082,0.0001,1.7381849589874037
6652,0.0017612992087379098,0.06977507472038269,0.0001,1.8466818750021048
6653,0.0018187935929745436,0.05079477280378342,0.0001,1.7969627499987837
6654,0.0017579360865056515,0.06174914538860321,0.0001,1.7334798750089249
6655,0.0017205675831064582,0.06466224789619446,0.0001,1.7441810409945901
6656,0.0020493008196353912,0.03297489136457443,0.0001,1.724046167000779
6657,0.0020229548681527376,0.05936092138290405,0.0001,1.7256647079921095
6658,0.0016296047251671553,0.08965376764535904,0.0001,1.7355608340003528
6659,0.0017570522613823414,0.0377318449318409,0.0001,1.7307501249888446
6660,0.001537524745799601,0.10590899735689163,0.0001,1.779020624991972
6661,0.0019273185171186924,0.06656546145677567,0.0001,1.7467465420049848
6662,0.0018166003283113241,0.06449362635612488,0.0001,1.8137008339981548
6663,0.0017136204987764359,0.0499819740653038,0.0001,1.7449240409914637
6664,0.0016105584800243378,0.059017613530159,0.0001,1.7352093329973286
6665,0.0016380215529352427,0.06355374306440353,0.0001,1.7709547089907574
6666,0.0017635718686506152,0.07184088975191116,0.0001,1.7804272920038784
6667,0.002009348012506962,0.05207628756761551,0.0001,1.7760825000004843
6668,0.0019233538769185543,0.05334385484457016,0.0001,1.756350208990625
6669,0.00207161926664412,0.10470373183488846,0.0001,1.74337108299369
6670,0.0017691833199933171,0.04031548276543617,0.0001,1.7200186669942923
6671,0.0016979011707007885,0.08412247151136398,0.0001,1.7405638749914942
6672,0.0016305256867781281,0.05836072936654091,0.0001,1.7802939579996746
6673,0.001665997551754117,0.07803424447774887,0.0001,1.7390209169971058
6674,0.0019013355486094952,0.07687277346849442,0.0001,1.7320792079990497
6675,0.0018775340868160129,0.09424250572919846,0.0001,1.7327593749942025
6676,0.001979504944756627,0.03916668891906738,0.0001,1.7372103329980746
6677,0.0017602567095309496,0.04124905541539192,0.0001,1.7304971249977825
6678,0.001811315887607634,0.05919831991195679,0.0001,1.7570474590029335
6679,0.0017160048009827733,0.049937814474105835,0.0001,1.7686572080128826
6680,0.0018112900434061885,0.03729729726910591,0.0001,1.7364249999955064
6681,0.001962567213922739,0.05415933579206467,0.0001,1.802350791011122
6682,0.0019469005055725574,0.03958834707736969,0.0001,1.731763374991715
6683,0.001773588708601892,0.09311015903949738,0.0001,1.7351872919971356
6684,0.0016884247306734324,0.08160790801048279,0.0001,1.7339963330014143
6685,0.002066635061055422,0.04985503479838371,0.0001,1.7327588750049472
6686,0.00183633912820369,0.07022615522146225,0.0001,1.8440975840057945
6687,0.0015580210601910949,0.08190465718507767,0.0001,1.7639421249914449
6688,0.001556040602736175,0.11880971491336823,0.0001,1.7278096249938244
6689,0.0018965164199471474,0.10638261586427689,0.0001,1.7685960840026382
6690,0.001628742553293705,0.08652790635824203,0.0001,1.7586999999912223
6691,0.002079559490084648,0.0630185678601265,0.0001,1.7340122090099612
6692,0.0019170953892171383,0.09026409685611725,0.0001,1.7258111249975627
6693,0.0017773049185052514,0.054393794387578964,0.0001,1.7405770409968682
6694,0.0018648890545591712,0.09591817855834961,0.0001,1.731544042006135
6695,0.001837161835283041,0.05196844041347504,0.0001,1.7346159169974271
6696,0.0018067574128508568,0.03370841592550278,0.0001,1.7547778750013094
6697,0.0017539344262331724,0.0623941570520401,0.0001,1.7342115829960676
6698,0.002031235257163644,0.04594346880912781,0.0001,1.7291431250050664
6699,0.001531138434074819,0.08196409791707993,0.0001,1.8082755409996025
6700,0.0015285181580111384,0.09780965000391006,0.0001,1.739790459003416
6701,0.001721857232041657,0.03816686198115349,0.0001,1.752000833992497
6702,0.0020002073142677546,0.06786344200372696,0.0001,1.8156247090082616
6703,0.002090496476739645,0.03944657742977142,0.0001,1.7358301250060322
6704,0.0018897246336564422,0.06515118479728699,0.0001,1.8160591659980128
6705,0.0016996600897982717,0.0599534697830677,0.0001,1.7454365830053575
6706,0.0015266797272488475,0.06280583143234253,0.0001,1.727495834013098
6707,0.0018838178366422653,0.0853477418422699,0.0001,1.7644320839899592
6708,0.001692752237431705,0.07825790345668793,0.0001,1.8059775829897262
6709,0.0019473423017188907,0.04653283581137657,0.0001,1.7459934999933466
6710,0.0014807555126026273,0.0528692752122879,0.0001,1.7259324170008767
6711,0.001588732935488224,0.04365728795528412,0.0001,1.7457459589932114
6712,0.0015847552567720413,0.05721159279346466,0.0001,1.8003902079944964
6713,0.001830116962082684,0.060289472341537476,0.0001,1.731540082997526
6714,0.001753303105942905,0.09424883872270584,0.0001,1.7583157920016674
6715,0.0014837506460025907,0.09925735741853714,0.0001,1.8368185829895083
6716,0.001644556294195354,0.05953932926058769,0.0001,1.7237689160101581
6717,0.0019136612536385655,0.043252598494291306,0.0001,1.7299024169915356
6718,0.0020885944832116365,0.04977943375706673,0.0001,1.7558485829940764
6719,0.001903562806546688,0.07758966833353043,0.0001,1.7845322909997776
6720,0.0016841132892295718,0.062170907855033875,0.0001,1.8669648749928456
6721,0.0016119664069265127,0.047349728643894196,0.0001,1.7277142079983605
6722,0.0014790486311540008,0.048552002757787704,0.0001,1.757770750002237
6723,0.0021562783513218164,0.05032161623239517,0.0001,1.7815792089968454
6724,0.0020302862394601107,0.035645294934511185,0.0001,1.726658875006251
6725,0.001748173963278532,0.0409286692738533,0.0001,1.736545624997234
6726,0.001581850228831172,0.03401346132159233,0.0001,1.7622473329975037
6727,0.0016539234202355146,0.046040404587984085,0.0001,1.7637882499984698
6728,0.0017463950207456946,0.041761983186006546,0.0001,1.7245442499988712
6729,0.0016335126711055636,0.03515958786010742,0.0001,1.7298774579976453
6730,0.0018168927635997534,0.06286387890577316,0.0001,1.7735607089998666
6731,0.0016814983682706952,0.028848271816968918,0.0001,1.8255160840053577
6732,0.001980084227398038,0.0352599211037159,0.0001,1.7212419590068748
6733,0.0017433855682611465,0.0796917974948883,0.0001,1.7298993330041412
6734,0.0019054721342399716,0.06263501942157745,0.0001,1.814597666991176
6735,0.0018065671902149916,0.0879724770784378,0.0001,1.7344462920009391
6736,0.0019186782883480191,0.05947580188512802,0.0001,1.7486797089950414
6737,0.0017583667067810893,0.07619549334049225,0.0001,1.8141375420091208
6738,0.0019263803260400891,0.01606805995106697,0.0001,1.7544167089945404
6739,0.0018912223167717457,0.053799793124198914,0.0001,1.7362724999984493
6740,0.0017832181183621287,0.06898833811283112,0.0001,1.7688317920110421
6741,0.0018123870249837637,0.048887643963098526,0.0001,1.7949785840028198
6742,0.001827533938921988,0.08330678194761276,0.0001,1.7354610420006793
6743,0.0019616109784692526,0.020853767171502113,0.0001,1.7469685419928282
6744,0.0015862032305449247,0.12261596322059631,0.0001,1.7573503750027157
6745,0.0019276812672615051,0.05086560919880867,0.0001,1.7794987499946728
6746,0.0016602050745859742,0.07478656619787216,0.0001,1.7380112079990795
6747,0.0017226723721250892,0.039930108934640884,0.0001,1.8268755830067676
6748,0.0020940161775797606,0.06278066337108612,0.0001,1.7436981670034584
6749,0.00180438079405576,0.06469748169183731,0.0001,1.7439842079911614
6750,0.0016485304804518819,0.05012141913175583,0.0001,1.825968165998347
6751,0.00183331489097327,0.09396471828222275,0.0001,1.7473447499942267
6752,0.0019347808556631207,0.05212942138314247,0.0001,1.728276082998491
6753,0.0015636164462193847,0.091978058218956,0.0001,1.8349038750020554
6754,0.0018675554310902953,0.04021733999252319,0.0001,1.942791000008583
6755,0.0017746197991073132,0.08936326205730438,0.0001,2.0855841250013327
6756,0.0018905212637037039,0.04207489639520645,0.0001,1.930034709002939
6757,0.0019633308984339237,0.08763867616653442,0.0001,1.7425117090024287
6758,0.0016733852680772543,0.0482914038002491,0.0001,1.7611973750026664
6759,0.0018274573376402259,0.045110590755939484,0.0001,1.7267429159983294
6760,0.0017245227936655283,0.060260895639657974,0.0001,1.8228077919920906
6761,0.0017562509747222066,0.037636350840330124,0.0001,1.7317415419965982
6762,0.0016822998877614737,0.09553759545087814,0.0001,1.759659625007771
6763,0.001919482834637165,0.06581762433052063,0.0001,1.8233215410000412
6764,0.0017057358054444194,0.06885781139135361,0.0001,1.7396452909888467
6765,0.001898219808936119,0.05304465442895889,0.0001,1.8391738329955842
6766,0.0017952078487724066,0.05148264020681381,0.0001,1.7490885000006529
6767,0.0017783419461920857,0.08392857760190964,0.0001,1.7361597919953056
6768,0.0017028690781444311,0.030530713498592377,0.0001,1.770330291998107
6769,0.0016165775014087558,0.05922837182879448,0.0001,1.7773292500060052
6770,0.0018105671042576432,0.04787331819534302,0.0001,1.75281795799674
6771,0.0017938753589987755,0.07965309917926788,0.0001,1.836169250003877
6772,0.001857941271737218,0.06051470711827278,0.0001,1.745896915992489
6773,0.0017196143744513392,0.05385506898164749,0.0001,1.8436586249881657
6774,0.001620301860384643,0.060132045298814774,0.0001,1.742112084000837
6775,0.0018197117606177926,0.05750026926398277,0.0001,1.8107939580077073
6776,0.0019604736007750034,0.07089532166719437,0.0001,1.7409817499865312
6777,0.0017068041488528252,0.06794405728578568,0.0001,1.8316042910009855
6778,0.002032872522249818,0.07187873870134354,0.0001,1.745787541003665
6779,0.001760812010616064,0.040758609771728516,0.0001,1.7355380829976639
6780,0.0017683046171441674,0.06579253822565079,0.0001,1.8386765420000302
6781,0.001980756176635623,0.06604111939668655,0.0001,1.7766782499966212
6782,0.0018046462209895253,0.031256452202796936,0.0001,1.7941153749998193
6783,0.0020425908733159304,0.05331788212060928,0.0001,1.7498782080074307
6784,0.002017773687839508,0.049547046422958374,0.0001,1.8049330419889884
6785,0.0017516021616756916,0.0714128166437149,0.0001,1.7282654580048984
6786,0.0017968537285923958,0.058196187019348145,0.0001,1.757076333000441
6787,0.0017728060483932495,0.060892004519701004,0.0001,1.795464583003195
6788,0.0017865555128082633,0.06458086520433426,0.0001,2.191538250001031
6789,0.0019450531108304858,0.035066649317741394,0.0001,1.9037169170042034
6790,0.0018395252991467714,0.0804368108510971,0.0001,1.7367668749939185
6791,0.0016777630662545562,0.04237976297736168,0.0001,1.7432477080001263
6792,0.0017225235933437943,0.03874009847640991,0.0001,1.7737586669973098
6793,0.0016215122304856777,0.04977395385503769,0.0001,1.8338629579957342
6794,0.00187183718662709,0.03696330636739731,0.0001,1.7314360000018496
6795,0.001914003980346024,0.08079495280981064,0.0001,1.8384033749898663
6796,0.001698058913461864,0.050446026027202606,0.0001,1.7295795829995768
6797,0.0019203609554097056,0.07606782764196396,0.0001,1.7642457089968957
6798,0.0019459612667560577,0.05846903473138809,0.0001,1.7465343329968164
6799,0.0018392638303339481,0.08473511040210724,0.0001,1.796161292004399
6800,0.001955202082172036,0.05913323909044266,0.0001,1.7256261659931624
6801,0.0018328499281778932,0.07213184237480164,0.0001,1.775282792004873
6802,0.0018636687891557813,0.05810669809579849,0.0001,1.8098728750046575
6803,0.0015723616816103458,0.08710947632789612,0.0001,1.7293780420004623
6804,0.0023831245489418507,0.05175239220261574,0.0001,1.7661929159949068
6805,0.0018804491264745593,0.05715274065732956,0.0001,1.8022258330020122
6806,0.001722836634144187,0.04605695605278015,0.0001,1.736810707996483
6807,0.0018526501953601837,0.05401720851659775,0.0001,1.850327666994417
6808,0.001611902960576117,0.07164420187473297,0.0001,1.7893975829938427
6809,0.0018949453951790929,0.0693526566028595,0.0001,1.7676367920066696
6810,0.002078531077131629,0.046306464821100235,0.0001,1.7327971659979085
6811,0.0016498137265443802,0.07131136208772659,0.0001,1.7447251250123372
6812,0.001976790837943554,0.033756788820028305,0.0001,1.7627547080046497
6813,0.001777009223587811,0.050513897091150284,0.0001,1.7307909579976695
6814,0.0017033112235367298,0.04442830756306648,0.0001,1.723469958989881
6815,0.0017892902251332998,0.03521401062607765,0.0001,1.73564595800417
6816,0.0018165563233196735,0.024495525285601616,0.0001,1.721212916992954
6817,0.0016784898471087217,0.04480811953544617,0.0001,1.7350635829934618
6818,0.0017811484867706895,0.07132267951965332,0.0001,1.7844709589990089
6819,0.0018548982916399837,0.047156207263469696,0.0001,1.7268706659961026
6820,0.0017876125639304519,0.07130664587020874,0.0001,1.7552182920044288
6821,0.001514402567408979,0.06834995001554489,0.0001,1.9638502500019968
6822,0.00182782718911767,0.06036315858364105,0.0001,1.721256082993932
6823,0.001862420467659831,0.04993075504899025,0.0001,1.7390227079886245
6824,0.0018298900686204433,0.03990417346358299,0.0001,1.7741781670047203
6825,0.00162052595987916,0.03907247632741928,0.0001,1.804388791002566
6826,0.0018078610301017761,0.06722083687782288,0.0001,1.7443011249997653
6827,0.0018137629376724362,0.034266822040081024,0.0001,1.8442346249939874
6828,0.0017118409741669893,0.058240532875061035,0.0001,1.732823250000365
6829,0.001707941759377718,0.06921987235546112,0.0001,1.7371141250041546
6830,0.0017523107817396522,0.04709525778889656,0.0001,1.7534964999940712
6831,0.001993732526898384,0.03906300663948059,0.0001,1.8092839590099175
6832,0.0015797443920746446,0.05274876952171326,0.0001,1.7362297920044512
6833,0.0018492838134989142,0.04063395783305168,0.0001,1.7822262499976205
6834,0.0017200333531945944,0.052208829671144485,0.0001,1.854484916999354
6835,0.0016454111319035292,0.08292753249406815,0.0001,1.7900878749933327
6836,0.0020020988304167986,0.052095890045166016,0.0001,1.8115131670056144
6837,0.0019105416722595692,0.0821927934885025,0.0001,1.8057697500044014
6838,0.0017405122052878141,0.06549990177154541,0.0001,1.7288917090045288
6839,0.0015525566413998604,0.04906226694583893,0.0001,1.8334613750048447
6840,0.0018089346121996641,0.032674942165613174,0.0001,1.7481014170043636
6841,0.002251023193821311,0.022534914314746857,0.0001,1.7220400840014918
6842,0.0018489870708435774,0.04626841843128204,0.0001,1.7621285000059288
6843,0.0016128646675497293,0.05366317927837372,0.0001,1.8420118340000045
6844,0.0017606141045689583,0.03259541466832161,0.0001,1.9450250839872751
6845,0.001767722307704389,0.025403864681720734,0.0001,2.40494912500435
6846,0.0017804984236136079,0.04234280064702034,0.0001,1.7573495410033502
6847,0.0015832270728424191,0.056894659996032715,0.0001,1.7643812500027707
6848,0.0018719041254371405,0.04131776839494705,0.0001,1.7372084589878796
6849,0.0019161205273121595,0.03543935343623161,0.0001,1.792470875006984
6850,0.0016978654311969876,0.05656919255852699,0.0001,1.731619166006567
6851,0.0018520262092351913,0.043456051498651505,0.0001,1.752627374997246
6852,0.0020413973834365606,0.040926456451416016,0.0001,1.7966108339896891
6853,0.00176864059176296,0.07686757296323776,0.0001,1.7388038339995546
6854,0.0017304627690464258,0.03808365389704704,0.0001,1.7634095410030568
6855,0.0016888027312234044,0.0681108832359314,0.0001,1.8300242089899257
6856,0.0016130008734762669,0.026384932920336723,0.0001,1.741425457992591
6857,0.0018332599429413676,0.061310309916734695,0.0001,1.769329332993948
6858,0.0017508994787931442,0.05344163626432419,0.0001,1.765490999998292
6859,0.0017901384271681309,0.053048547357320786,0.0001,1.7968967909982894
6860,0.0019464966608211398,0.025195498019456863,0.0001,1.7348600419936702
6861,0.0016807623906061053,0.025963185355067253,0.0001,1.8573655410000356
6862,0.001735084573738277,0.04509850591421127,0.0001,1.7420311250025406
6863,0.0016850880347192287,0.051553450524806976,0.0001,1.747074791986961
6864,0.0020158630795776844,0.07193683832883835,0.0001,1.7303923750005197
6865,0.0016980378422886133,0.05939380079507828,0.0001,1.8240917079965584
6866,0.0017872678581625223,0.07304021716117859,0.0001,1.7265790840028785
6867,0.0016611433820798993,0.044498566538095474,0.0001,1.829963999989559
6868,0.0015480832662433386,0.08315163850784302,0.0001,1.7501453340082662
6869,0.0018854723311960697,0.0453728623688221,0.0001,1.7451702919934178
6870,0.0017439229413866997,0.07531815022230148,0.0001,1.7448952910053777
6871,0.0019858928862959146,0.05261656269431114,0.0001,1.8116875830019126
6872,0.001799174235202372,0.08256883919239044,0.0001,1.7312939999974333
6873,0.0018428009934723377,0.07703150063753128,0.0001,1.7536788330035051
6874,0.0016406896756961942,0.045623768121004105,0.0001,1.8064911250112345
6875,0.0014763426734134555,0.0894835889339447,0.0001,1.7466383339924505
6876,0.0015140848699957132,0.05437357723712921,0.0001,1.7560050839965697
6877,0.0018819245742633939,0.03933738172054291,0.0001,1.7492783750058152
6878,0.0017129600746557117,0.053925056010484695,0.0001,1.8641592499916442
6879,0.0018053087405860424,0.07736004143953323,0.0001,1.7532544170098845
6880,0.0018022742588073015,0.06937772780656815,0.0001,1.757430999990902
6881,0.0017153716180473566,0.0539773590862751,0.0001,1.7952732080011629
6882,0.0018066109623759985,0.04758087173104286,0.0001,1.731359583005542
6883,0.001825567684136331,0.06492474675178528,0.0001,1.741544000004069
6884,0.0017681637546047568,0.05365540459752083,0.0001,1.829811666990281
6885,0.0018248906126245856,0.05301852524280548,0.0001,1.7428131670021685
6886,0.001778177684172988,0.04059242457151413,0.0001,1.7271054579905467
6887,0.0019979204516857862,0.039263464510440826,0.0001,1.7615729579993058
6888,0.0019287518225610256,0.09003141522407532,0.0001,1.9220677920093294
6889,0.0017317042220383883,0.034934140741825104,0.0001,2.067727208006545
6890,0.0016738284612074494,0.06580355018377304,0.0001,1.8316920839861268
6891,0.0018257731571793556,0.03413164243102074,0.0001,1.8087872920004884
6892,0.0016533398302271962,0.04169435799121857,0.0001,1.7342902500095079
6893,0.0020057347137480974,0.054724156856536865,0.0001,1.7269995829992695
6894,0.0020312978886067867,0.07833895087242126,0.0001,1.8274214169941843
6895,0.0016183601692318916,0.044401541352272034,0.0001,1.736620125011541
6896,0.0016942553920671344,0.07657834142446518,0.0001,1.7321856669877889
6897,0.0018857673276215792,0.05066360905766487,0.0001,1.7507150409946917
6898,0.0018464600434526801,0.09795358031988144,0.0001,1.8071757500001695
6899,0.0018243748927488923,0.06210962310433388,0.0001,1.7394144160061842
6900,0.001765819382853806,0.06628119945526123,0.0001,1.74993220900069
6901,0.0017790290294215083,0.03461281955242157,0.0001,1.814845624990994
6902,0.0014806478284299374,0.08320751786231995,0.0001,1.7311079580103979
6903,0.001994125545024872,0.051357097923755646,0.0001,1.7694732079980895
6904,0.001869583735242486,0.05213335528969765,0.0001,1.7839216669963207
6905,0.0018905597971752286,0.044382765889167786,0.0001,1.7468245000054594
6906,0.0016954210586845875,0.059759240597486496,0.0001,1.771160417003557
6907,0.0017417576164007187,0.055231425911188126,0.0001,1.8622118749917718
6908,0.00164169876370579,0.06414037942886353,0.0001,2.154925082999398
6909,0.0018439391860738397,0.07414684444665909,0.0001,1.758264791991678
6910,0.0019444723147898912,0.04929990693926811,0.0001,1.7825077500019688
6911,0.0019379479344934225,0.07269004732370377,0.0001,1.754658334000851
6912,0.0019876877777278423,0.03304345905780792,0.0001,2.1586368330026744
6913,0.0014899129746481776,0.060713764280080795,0.0001,2.2034298749931622
6914,0.001820232137106359,0.020738648250699043,0.0001,1.9142394579976099
6915,0.0018060003640130162,0.04910902678966522,0.0001,1.8137217500043334
6916,0.0018561690812930465,0.03042878396809101,0.0001,1.7953259579953738
6917,0.0019273405196145177,0.06207628175616264,0.0001,1.8452946670004167
6918,0.001739412429742515,0.054680563509464264,0.0001,1.7838182919949759
6919,0.0017126346938312054,0.0821155533194542,0.0001,1.8022592500055907
6920,0.001660192501731217,0.06082136929035187,0.0001,1.8695085830113385
6921,0.0017693628324195743,0.08640853315591812,0.0001,1.895082667004317
6922,0.0014771708520129323,0.048296842724084854,0.0001,1.7629755419911817
6923,0.0018527427455410361,0.06037822738289833,0.0001,1.758497000002535
6924,0.0016882307827472687,0.02260611765086651,0.0001,1.7981888329959475
6925,0.001793403411284089,0.037169184535741806,0.0001,1.7359174160083057
6926,0.0018328592414036393,0.028735648840665817,0.0001,1.7563846669945633
6927,0.0016141785308718681,0.03259485960006714,0.0001,1.7976516250055283
6928,0.0017756108427420259,0.044572003185749054,0.0001,1.7473316670075292
6929,0.001794190495274961,0.03782448545098305,0.0001,1.753378249995876
6930,0.001538804150186479,0.04578378424048424,0.0001,1.7655924999999115
6931,0.0019250767072662711,0.04834268242120743,0.0001,1.7995373330049915
6932,0.0018239846685901284,0.03304988145828247,0.0001,1.730142957996577
6933,0.001699863001704216,0.05940741300582886,0.0001,1.8366168750071665
6934,0.0017010970041155815,0.011175590567290783,0.0001,1.730296666995855
6935,0.0018149459501728415,0.051265813410282135,0.0001,1.7318592090014135
6936,0.001641551498323679,0.05209114030003548,0.0001,1.7909254580008565
6937,0.0019472980638965964,0.08162979036569595,0.0001,1.8137945829948876
6938,0.0017340382328256965,0.07549064606428146,0.0001,1.7440404160006437
6939,0.001773639116436243,0.07417159527540207,0.0001,1.8450681660033297
6940,0.0018201470375061035,0.08353949338197708,0.0001,1.7578979170066305
6941,0.0018787657609209418,0.043114691972732544,0.0001,1.7397851659916341
6942,0.0017669671215116978,0.08149942755699158,0.0001,1.752975166993565
6943,0.0015327919973060489,0.10921233892440796,0.0001,1.785281666991068
6944,0.0019071938004344702,0.06307964026927948,0.0001,1.7373169580096146
6945,0.001993797719478607,0.052176278084516525,0.0001,1.7529697499994654
6946,0.0017002298263832927,0.0554385781288147,0.0001,1.7542567500058794
6947,0.0017352077411487699,0.0643794983625412,0.0001,1.8001589169871295
6948,0.0018018102273344994,0.0838896855711937,0.0001,1.8756676249904558
6949,0.0019112833542749286,0.04390950873494148,0.0001,2.070753040999989
6950,0.0016346224583685398,0.07070364058017731,0.0001,1.8693702500022482
6951,0.0017841227818280458,0.07274974137544632,0.0001,1.7610577079904033
6952,0.001903368509374559,0.04900657385587692,0.0001,1.8206124999996973
6953,0.00149338913615793,0.08509251475334167,0.0001,1.7362821669958066
6954,0.0016655543586239219,0.06734562665224075,0.0001,1.7421197920048144
6955,0.001801120932213962,0.03828095644712448,0.0001,1.9974800830095774
6956,0.002123109297826886,0.06705648452043533,0.0001,1.7209319999965373
6957,0.0018216220196336508,0.07547343522310257,0.0001,1.7453075830126181
6958,0.0017203496536239982,0.02440142259001732,0.0001,1.8417718749988126
6959,0.0019572856836020947,0.04367154464125633,0.0001,1.7415046670066658
6960,0.001911200350150466,0.052311886101961136,0.0001,1.7358949170011329
6961,0.0016251568449661136,0.05200378596782684,0.0001,1.7597389589936938
6962,0.0018122128676623106,0.04921780526638031,0.0001,1.7726776670024265
6963,0.0017579749692231417,0.06587637960910797,0.0001,1.7371617080061696
6964,0.0017129664774984121,0.06770051270723343,0.0001,1.7775220420007827
6965,0.0019472612766548991,0.04735174402594566,0.0001,1.7336565839941613
6966,0.0018006814643740654,0.07737123966217041,0.0001,1.804844416998094
6967,0.0017574906814843416,0.05033743754029274,0.0001,1.7363531669980148
6968,0.0019186571007594466,0.07489191740751266,0.0001,1.7448155839956598
6969,0.0017019157530739903,0.05344042181968689,0.0001,1.7876924169977428
6970,0.0018182456260547042,0.049957383424043655,0.0001,1.7477030000009108
6971,0.0016191317699849606,0.0434420183300972,0.0001,1.7471618749987101
6972,0.0018444175366312265,0.04279138892889023,0.0001,1.7659922909952002
6973,0.0017419012729078531,0.09421840310096741,0.0001,1.7986482080013957
6974,0.0016018286114558578,0.05957932025194168,0.0001,1.8167495829984546
6975,0.0013853254495188594,0.09581712633371353,0.0001,1.8302177500008838
6976,0.0017796228639781475,0.05973510816693306,0.0001,1.77732737500628
6977,0.0018734168261289597,0.10585202276706696,0.0001,1.7277406250068452
6978,0.0018351933686062694,0.06506463885307312,0.0001,1.9001608329999726
6979,0.0019035590812563896,0.09143389016389847,0.0001,1.7319226670078933
6980,0.0016521192155778408,0.055382177233695984,0.0001,1.7723934579989873
6981,0.0018024814780801535,0.0776599571108818,0.0001,1.8233399589953478
6982,0.0015338055090978742,0.08659863471984863,0.0001,1.7344769579940476
6983,0.0018630785634741187,0.06856516748666763,0.0001,1.721319249991211
6984,0.0019300153944641352,0.0897027999162674,0.0001,1.8215067499986617
6985,0.0017374407034367323,0.07926920801401138,0.0001,1.747387458992307
6986,0.0019601546227931976,0.058629538863897324,0.0001,1.7713583750010002
6987,0.0019354891264811158,0.07819526642560959,0.0001,1.9352152500068769
6988,0.001987165305763483,0.07074084877967834,0.0001,2.3839714170026127
6989,0.0018255985341966152,0.05583227798342705,0.0001,1.8574590829957742
6990,0.0017789228586480021,0.0697203055024147,0.0001,1.7872131249896483
6991,0.00195959210395813,0.05096237361431122,0.0001,1.7365504170011263
6992,0.0017656139098107815,0.08288981765508652,0.0001,1.7655303339997772
6993,0.001637619105167687,0.06084956228733063,0.0001,1.7442624579998665
6994,0.0017039754893630743,0.11175423115491867,0.0001,1.7959941669978434
6995,0.0014894260093569756,0.04659339040517807,0.0001,1.7641517500014743
6996,0.0017333492869511247,0.07063489407300949,0.0001,1.758875250001438
6997,0.0017677644500508904,0.06817930191755295,0.0001,1.7246805409959052
6998,0.0017915671924129128,0.07716241478919983,0.0001,1.793974917003652
6999,0.0019726702012121677,0.06765342503786087,0.0001,1.7385672919917852
7000,0.0017904294654726982,0.04636632278561592,0.0001,1.7844515420001699
7001,0.0017466922290623188,0.06493759900331497,0.0001,1.8329228750080802
7002,0.0016286870231851935,0.049246687442064285,0.0001,1.7967228750057984
7003,0.0019456474110484123,0.10780066251754761,0.0001,1.8175000000046566
7004,0.0017894922057166696,0.06536801159381866,0.0001,1.9590957920008805
7005,0.001833725837059319,0.07138847559690475,0.0001,1.7948267920000944
7006,0.0017807242693379521,0.06388432532548904,0.0001,1.7780668750056066
7007,0.001954783918336034,0.040341176092624664,0.0001,1.7833564169995952
7008,0.0018774070776998997,0.0827861949801445,0.0001,1.7720156249997672
7009,0.001796343713067472,0.06587255001068115,0.0001,1.7877125420054654
7010,0.0019294826779514551,0.0627855733036995,0.0001,1.772697500011418
7011,0.001763359410688281,0.04832066223025322,0.0001,1.7702253339957679
7012,0.0015988937811926007,0.06445125490427017,0.0001,1.7826707920030458
7013,0.0016807392239570618,0.058765657246112823,0.0001,1.784398332994897
7014,0.001753705320879817,0.06703720986843109,0.0001,1.7888146670011338
7015,0.0018633470172062516,0.07918798923492432,0.0001,1.7645843339996645
7016,0.001505136489868164,0.08976483345031738,0.0001,1.7830321660003392
7017,0.0018972696270793676,0.053739599883556366,0.0001,1.7679155829973752
7018,0.001843355712480843,0.07953791320323944,0.0001,1.791392083003302
7019,0.0017708687810227275,0.07324813306331635,0.0001,1.7821405829890864
7020,0.0018498275894671679,0.08310532569885254,0.0001,1.7821637500019278
7021,0.0016441685147583485,0.10608420521020889,0.0001,1.7980227499938337
7022,0.0019325705943629146,0.05940510705113411,0.0001,1.7836839999945369
7023,0.0016508713597431779,0.07295431941747665,0.0001,1.7961994590004906
7024,0.0017224076436832547,0.04449336230754852,0.0001,1.7733601660002023
7025,0.0017175540560856462,0.039836302399635315,0.0001,1.7954272079950897
7026,0.0015652879374101758,0.054359834641218185,0.0001,1.7819978750048904
7027,0.0016714382218196988,0.053104329854249954,0.0001,1.7954657910013339
7028,0.0015907746274024248,0.04822660610079765,0.0001,1.7938821659918176
7029,0.0018454338423907757,0.09305258095264435,0.0001,1.786572500001057
7030,0.001598068163730204,0.021026520058512688,0.0001,1.7829402909992496
7031,0.0018579477909952402,0.056667573750019073,0.0001,1.7946439160004957
7032,0.0017567896284162998,0.06490227580070496,0.0001,1.7924823749926873
7033,0.001860645948909223,0.03465798869729042,0.0001,1.779266458004713
7034,0.0017879931256175041,0.061536211520433426,0.0001,1.7858279999927618
7035,0.0018269701395183802,0.029409289360046387,0.0001,1.7997402080072789
7036,0.0018650395795702934,0.05767396464943886,0.0001,1.925646167001105
7037,0.0016786284977570176,0.04736101254820824,0.0001,1.916342791999341
7038,0.0014880674425512552,0.06284959614276886,0.0001,1.8046390829986194
7039,0.002168672624975443,0.020525848492980003,0.0001,1.8002706249972107
7040,0.001721325796097517,0.029963824898004532,0.0001,1.810114457999589
7041,0.0018115855054929852,0.040350303053855896,0.0001,1.770969666991732
7042,0.0015841338317841291,0.045113712549209595,0.0001,1.7774112499901094
7043,0.0020279150921851397,0.044391464442014694,0.0001,1.8303473749983823
7044,0.0016227683518081903,0.055615559220314026,0.0001,1.77856329199858
7045,0.0017576288664713502,0.019544491544365883,0.0001,1.7975561670027673
7046,0.0017619970021769404,0.04659276083111763,0.0001,1.7819466250075493
7047,0.001653045299462974,0.04043811932206154,0.0001,1.7835018330079038
7048,0.0016794996336102486,0.04525363817811012,0.0001,1.8103669590054778
7049,0.0017905276035889983,0.05740630626678467,0.0001,1.783108457995695
7050,0.0015738025540485978,0.052068162709474564,0.0001,1.7867766249983106
7051,0.0019879131577908993,0.05137833207845688,0.0001,1.7755099589994643
7052,0.0015936801210045815,0.058707140386104584,0.0001,1.7861539169971365
7053,0.0018408155301585793,0.02800959348678589,0.0001,2.202160874992842
7054,0.0018540403107181191,0.056867778301239014,0.0001,2.3550131670053815
7055,0.0021007531322538853,0.0312885157763958,0.0001,2.4854612080089282
7056,0.0018805860308930278,0.06392821669578552,0.0001,2.243615040992154
7057,0.0016505108214914799,0.03893786296248436,0.0001,1.8746738339978037
7058,0.0018977929139509797,0.08036118745803833,0.0001,1.8691479999979492
7059,0.0019273223588243127,0.03811321407556534,0.0001,1.8236800000013318
7060,0.0019677092786878347,0.07824703305959702,0.0001,1.8040404170023976
7061,0.0017601880244910717,0.035652026534080505,0.0001,2.0473817079910077
7062,0.0015327357687056065,0.10459887236356735,0.0001,1.9293155409977771
7063,0.001615039655007422,0.07051428407430649,0.0001,1.8131167499959702
7064,0.001880975323729217,0.050603147596120834,0.0001,1.830959916987922
7065,0.001634699641726911,0.031081436201930046,0.0001,1.8544438340031775
7066,0.0017765689408406615,0.04029225558042526,0.0001,1.8564610830071615
7067,0.0018427239265292883,0.034911684691905975,0.0001,1.8342917090049013
7068,0.0017823106609284878,0.030069120228290558,0.0001,1.9287351249950007
7069,0.00199101772159338,0.03710933402180672,0.0001,1.9061564589937916
7070,0.001999746775254607,0.03594250604510307,0.0001,1.8143835829978343
7071,0.0017734181601554155,0.09780317544937134,0.0001,1.7945242499990854
7072,0.001914018066599965,0.047252118587493896,0.0001,1.8151169170014327
7073,0.0017274152487516403,0.07134005427360535,0.0001,1.8574709169915877
7074,0.00166206038556993,0.045250196009874344,0.0001,1.8695426249905722
7075,0.001903092721477151,0.022070860490202904,0.0001,1.8417715830000816
7076,0.0020411890000104904,0.06741417944431305,0.0001,1.8339680420031073
7077,0.0018628921825438738,0.07078246772289276,0.0001,1.8300479590106988
7078,0.001859184354543686,0.04762573167681694,0.0001,1.8481976670009317
7079,0.0015829376643523574,0.05242437869310379,0.0001,1.9957516660069814
7080,0.0019442550837993622,0.024461427703499794,0.0001,1.8250549580116058
7081,0.0015298946527764201,0.04389078542590141,0.0001,1.8058840419980697
7082,0.0021890040952712297,0.03115820698440075,0.0001,1.978067292002379
7083,0.0016149174189195037,0.03612045571208,0.0001,1.8564526249974733
7084,0.002030737465247512,0.04797763749957085,0.0001,1.8134513749973848
7085,0.0018580951727926731,0.032353151589632034,0.0001,1.800064458991983
7086,0.0017360153142362833,0.044745419174432755,0.0001,1.8245109169947682
7087,0.0019158028298988938,0.057332344353199005,0.0001,1.8314459999965038
7088,0.0017744364449754357,0.04999862611293793,0.0001,1.8535326249984792
7089,0.0016560739604756236,0.03466573357582092,0.0001,1.8094049999926938
7090,0.0016873853746801615,0.07777883857488632,0.0001,1.9016814170026919
7091,0.001583018573001027,0.04329153150320053,0.0001,1.841578124993248
7092,0.0020107317250221968,0.039526913315057755,0.0001,1.8107653750048485
7093,0.002037093276157975,0.02278006263077259,0.0001,1.8136326249950798
7094,0.001933364663273096,0.04858234152197838,0.0001,1.7960396670096088
7095,0.0017005429835990071,0.04287117347121239,0.0001,1.7498536670027534
7096,0.0017854956677183509,0.057961467653512955,0.0001,1.7428134169895202
7097,0.0020676758140325546,0.05131381005048752,0.0001,1.7432780829985859
7098,0.00183874589856714,0.060414716601371765,0.0001,1.759951457992429
7099,0.0016790234949439764,0.04889828711748123,0.0001,1.752510334001272
7100,0.0017506933072581887,0.05928792059421539,0.0001,1.7461467079992872
7101,0.0018017570255324244,0.03308230638504028,0.0001,1.7990637500042794
7102,0.001972445985302329,0.07032570987939835,0.0001,1.7581505000125617
7103,0.0016358449356630445,0.07226637005805969,0.0001,1.7990279169898713
7104,0.0019111412111669779,0.06290755420923233,0.0001,1.7416442909889156
7105,0.001776082906872034,0.05690440535545349,0.0001,1.8063816659996519
7106,0.0017459786031395197,0.06269309669733047,0.0001,1.7619114999979502
7107,0.001998958643525839,0.05689699575304985,0.0001,1.7537362910079537
7108,0.0015860999701544642,0.06229560077190399,0.0001,1.7605018750036834
7109,0.0016225801082327962,0.03090783953666687,0.0001,1.74451216700254
7110,0.0019437252776697278,0.044674526900053024,0.0001,1.7752563340036431
7111,0.001961261499673128,0.04075115546584129,0.0001,1.7480239159922348
7112,0.0015896265394985676,0.04703040048480034,0.0001,1.7361857080104528
7113,0.0016984096728265285,0.06017940491437912,0.0001,2.197197542001959
7114,0.0016697593964636326,0.05462285503745079,0.0001,1.8488203750021057
7115,0.0013299009297043085,0.05180057883262634,0.0001,1.7639198340039002
7116,0.0019326413748785853,0.03996629640460014,0.0001,1.7603571660001762
7117,0.0017905927961692214,0.029545655474066734,0.0001,1.773223041993333
7118,0.001857224153354764,0.0329497791826725,0.0001,1.7639417909958865
7119,0.0018670606659725308,0.032921500504016876,0.0001,1.7816589169960935
7120,0.0018182374769821763,0.026948222890496254,0.0001,1.7425062080001226
7121,0.0018205693922936916,0.030773108825087547,0.0001,1.7460709169972688
7122,0.0017292007105425,0.03450889512896538,0.0001,1.8232859580020886
7123,0.0017723359633237123,0.023036181926727295,0.0001,1.753749916999368
7124,0.001686655916273594,0.024258818477392197,0.0001,1.748340999998618
7125,0.0018688426353037357,0.01901693269610405,0.0001,1.7550264159945073
7126,0.0018264938844367862,0.02032960020005703,0.0001,1.8402335419959854
7127,0.00165560154709965,0.02660321816802025,0.0001,1.7728813749999972
7128,0.0017069649184122682,0.022020701318979263,0.0001,1.7643170840019593
7129,0.001835730392485857,0.031104322522878647,0.0001,1.7510845000069821
7130,0.0017592207295820117,0.03806213662028313,0.0001,1.749817083007656
7131,0.0018427643226459622,0.020576711744070053,0.0001,1.8300032909901347
7132,0.0017761263297870755,0.02794702537357807,0.0001,1.7498377500014612
7133,0.0015981844626367092,0.03016117587685585,0.0001,1.7404857499932405
7134,0.0018320317612960935,0.03225492313504219,0.0001,1.7446984999987762
7135,0.0019547289703041315,0.040298350155353546,0.0001,2.1955442920007044
7136,0.001545569859445095,0.04539469629526138,0.0001,1.8537815840099938
7137,0.0016806781059131026,0.03141375258564949,0.0001,1.7498294169927249
7138,0.0017515824874863029,0.04383352771401405,0.0001,1.8518078750057612
7139,0.001888370607048273,0.04931008815765381,0.0001,1.7583568330010166
7140,0.0017400592332705855,0.04143892973661423,0.0001,1.7439582079969114
7141,0.0016211974434554577,0.018998684361577034,0.0001,1.7531460000027437
7142,0.001852779765613377,0.03440588712692261,0.0001,1.7447972080117324
7143,0.0015958751318976283,0.03709178417921066,0.0001,1.7471140830020886
7144,0.0015885262982919812,0.03424109145998955,0.0001,1.793459749998874
7145,0.0018926936900243163,0.034162700176239014,0.0001,1.7344358340051258
7146,0.001707355142571032,0.03949907049536705,0.0001,1.7586799999990035
7147,0.0018841598648577929,0.029280075803399086,0.0001,1.834499707998475
7148,0.0017376190517097712,0.01275203563272953,0.0001,1.7956428329925984
7149,0.00166561477817595,0.03218384087085724,0.0001,1.8375170829967828
7150,0.001742390333674848,0.0360543392598629,0.0001,2.478628374999971
7151,0.0020944338757544756,0.04393313452601433,0.0001,1.8040183340053773
7152,0.0018245892133563757,0.03205746412277222,0.0001,2.047712416999275
7153,0.001850370317697525,0.029032690450549126,0.0001,2.008230249994085
7154,0.0016677090898156166,0.03257976844906807,0.0001,1.9262096250022296
7155,0.0015351558104157448,0.05244734510779381,0.0001,1.9453283749899128
7156,0.0018919887952506542,0.04292900487780571,0.0001,1.868592874991009
7157,0.001985678682103753,0.03394908830523491,0.0001,1.9857549580046907
7158,0.0018003374570980668,0.0519522950053215,0.0001,1.8945805830007885
7159,0.0017633703537285328,0.0255423616617918,0.0001,2.0996334999945248
7160,0.0018460917053744197,0.04925904795527458,0.0001,1.972611749995849
7161,0.00203916453756392,0.03583863377571106,0.0001,1.8883992079936434
7162,0.0017579463310539722,0.044576190412044525,0.0001,1.8984190829942236
7163,0.0017714262939989567,0.04449623450636864,0.0001,1.9674590829963563
7164,0.0019661951810121536,0.019168300554156303,0.0001,1.9572740839939797
7165,0.0018747544381767511,0.03893250599503517,0.0001,2.006590207995032
7166,0.0016420658212155104,0.047962039709091187,0.0001,1.8922509160038317
7167,0.0020508349407464266,0.06468307226896286,0.0001,1.8773054579942254
7168,0.0016675236402079463,0.07133367657661438,0.0001,2.036481292001554
7169,0.0018715691985562444,0.042500924319028854,0.0001,2.0021732080058428
7170,0.001747101079672575,0.054776448756456375,0.0001,1.9350359169911826
7171,0.0018544704653322697,0.05688120424747467,0.0001,1.9451154169946676
7172,0.0016837819712236524,0.04649385064840317,0.0001,1.8587799160013674
7173,0.001887305872514844,0.03594588115811348,0.0001,1.9348654170025839
7174,0.0015735356137156487,0.04176511988043785,0.0001,1.9932408330059843
7175,0.0017714060377329588,0.03439902141690254,0.0001,1.9263984999997774
7176,0.0019436575239524245,0.05610065907239914,0.0001,1.9291797079931712
7177,0.001841314951889217,0.035829316824674606,0.0001,1.918703707997338
7178,0.001766848610714078,0.05428481474518776,0.0001,1.8600937080045696
7179,0.0016378071159124374,0.06341780722141266,0.0001,1.9248430420120712
7180,0.0018870678031817079,0.03108527697622776,0.0001,2.258918709005229
7181,0.001922571798786521,0.04781700670719147,0.0001,1.9333219999971334
7182,0.0018254577880725265,0.06809038668870926,0.0001,1.8807883339904947
7183,0.0017600059509277344,0.03464873507618904,0.0001,1.9376140410022344
7184,0.0014829455176368356,0.054631397128105164,0.0001,1.8872861669951817
7185,0.001753621967509389,0.05730687454342842,0.0001,1.9460722090007039
7186,0.001673758844844997,0.07399152219295502,0.0001,2.0835187080083415
7187,0.001869345549494028,0.05810106173157692,0.0001,1.8547357089992147
7188,0.002019716426730156,0.052048757672309875,0.0001,1.8758243749907706
7189,0.0017145678866654634,0.0380823016166687,0.0001,1.8469696670072153
7190,0.0015061713056638837,0.0554610937833786,0.0001,2.0555776249966584
7191,0.001966957002878189,0.02945057488977909,0.0001,2.2566220839944435
7192,0.0018200059421360493,0.053244784474372864,0.0001,1.9403290000045672
7193,0.001781919039785862,0.08757207542657852,0.0001,1.8375659169978462
7194,0.001468593254685402,0.07497497648000717,0.0001,1.8875181660114322
7195,0.0021138284355401993,0.05366642400622368,0.0001,2.0566312080045464
7196,0.0013244994916021824,0.0734468325972557,0.0001,2.352492624995648
7197,0.001682479865849018,0.075219064950943,0.0001,1.8985616249992745
7198,0.0016569270519539714,0.0830107107758522,0.0001,1.876569207990542
7199,0.0018718113424256444,0.07928218692541122,0.0001,1.8739306250063237
7200,0.0019429440144449472,0.056708961725234985,0.0001,1.8909305419947486
7201,0.0016945182578638196,0.05958710238337517,0.0001,2.0297107500082348
7202,0.0020366141106933355,0.05382633954286575,0.0001,1.9731328330090037
7203,0.0015062049496918917,0.03611931577324867,0.0001,1.7699150830012513
7204,0.0018564006313681602,0.06930294632911682,0.0001,1.8249574170040432
7205,0.002005764516070485,0.021573493257164955,0.0001,1.9489181660028407
7206,0.00171092024538666,0.04942468926310539,0.0001,1.8206864579988178
7207,0.00142348138615489,0.048743750900030136,0.0001,2.0515865409979597
7208,0.0014922984410077333,0.04106074944138527,0.0001,2.105074541992508
7209,0.0015313136391341686,0.08654608577489853,0.0001,1.8936845840071328
7210,0.0016846290091052651,0.08721429109573364,0.0001,1.9878854579874314
7211,0.001766884932294488,0.0469810776412487,0.0001,1.9161777080007596
7212,0.0017543213907629251,0.042179957032203674,0.0001,2.031921208006679
7213,0.0017655163537710905,0.0862080305814743,0.0001,1.9350320420053322
7214,0.0016956704203039408,0.0743420198559761,0.0001,1.8550613749976037
7215,0.0017006370471790433,0.07207006961107254,0.0001,1.92924574999779
7216,0.0018030403880402446,0.04252779483795166,0.0001,1.9236415839986876
7217,0.0017945340368896723,0.04974042624235153,0.0001,2.04197987500811
7218,0.0018410295015200973,0.04737362265586853,0.0001,1.8787967499956721
7219,0.0018464382737874985,0.038679543882608414,0.0001,2.0562965419958346
7220,0.0017588301561772823,0.040657464414834976,0.0001,1.9293178749940125
7221,0.001724142930470407,0.04981207847595215,0.0001,1.9584139170037815
7222,0.0017168844351544976,0.09239726513624191,0.0001,2.0289029160048813
7223,0.001932582468725741,0.051716797053813934,0.0001,2.064142666000407
7224,0.0015698544448241591,0.049400124698877335,0.0001,1.875509833000251
7225,0.0016817880095914006,0.07966228574514389,0.0001,1.9448349169979338
7226,0.0019754001405090094,0.07021234929561615,0.0001,2.053611458002706
7227,0.0017406201222911477,0.11386562883853912,0.0001,2.1130087909987196
7228,0.0018280993681401014,0.05274399742484093,0.0001,1.965925625001546
7229,0.0017240943852812052,0.05373772606253624,0.0001,1.8357036670058733
7230,0.0015929453074932098,0.06941820681095123,0.0001,1.8977769170014653
7231,0.001625110162422061,0.08264431357383728,0.0001,1.9911627080000471
7232,0.0016610999591648579,0.09602194279432297,0.0001,1.9133997909957543
7233,0.0017362673534080386,0.09547930210828781,0.0001,2.0878455829952145
7234,0.0015406315214931965,0.08813837915658951,0.0001,1.964081875004922
7235,0.0016509916167706251,0.047637131065130234,0.0001,1.864272125007119
7236,0.00172633514739573,0.09735479950904846,0.0001,2.0172590000001946
7237,0.0019344130996614695,0.05395256727933884,0.0001,1.9972624160000123
7238,0.0018162201158702374,0.048634305596351624,0.0001,2.0295982499956153
7239,0.0017445535631850362,0.08904308080673218,0.0001,1.8536210420134012
7240,0.001924452604725957,0.08661320060491562,0.0001,1.9402610410033958
7241,0.0018315855413675308,0.04111693426966667,0.0001,1.9185727919975761
7242,0.0018132964614778757,0.07695966213941574,0.0001,1.9499822920042789
7243,0.0016803579637780786,0.1359916627407074,0.0001,2.023543959003291
7244,0.0015509661752730608,0.08054348826408386,0.0001,1.9550533330038888
7245,0.001956307329237461,0.08660881221294403,0.0001,1.9172242499917047
7246,0.0015134855639189482,0.09027358144521713,0.0001,1.9971035409980686
7247,0.0017210958758369088,0.05003119260072708,0.0001,1.9168671250081388
7248,0.0017662085592746735,0.10336582362651825,0.0001,1.9483829579985468
7249,0.001663586706854403,0.08861126750707626,0.0001,1.8333189580007456
7250,0.0017456944333389401,0.0674905851483345,0.0001,1.957194166010595
7251,0.002060435712337494,0.08324296772480011,0.0001,1.8832227909879293
7252,0.001734686316922307,0.08947403728961945,0.0001,2.00800916699518
7253,0.0019920996855944395,0.046878278255462646,0.0001,1.949764666002011
7254,0.002048628870397806,0.0586494505405426,0.0001,1.9834740420046728
7255,0.0019092104630544782,0.06044355407357216,0.0001,2.0446827090054285
7256,0.0017753279535099864,0.06332524120807648,0.0001,1.8793947080121143
7257,0.001728857634589076,0.053460534662008286,0.0001,2.0061555419961223
7258,0.0017250628443434834,0.07675058394670486,0.0001,2.026842207997106
7259,0.002090052468702197,0.08515138179063797,0.0001,1.9515577080019284
7260,0.001921303104609251,0.060009147971868515,0.0001,1.8722714169998653
7261,0.00178698287345469,0.09152650833129883,0.0001,1.958798999999999
7262,0.0020335251465439796,0.04892842471599579,0.0001,1.9686973339994438
7263,0.0018461314029991627,0.0762900859117508,0.0001,1.9386310839909129
7264,0.0017470347229391336,0.04311951622366905,0.0001,1.9320376249961555
7265,0.0017152799991890788,0.0738479271531105,0.0001,1.9589739169896347
7266,0.0020507092121988535,0.04407712444663048,0.0001,1.8867313329974422
7267,0.0018031508661806583,0.05386174097657204,0.0001,1.972295875006239
7268,0.001629084930755198,0.045816078782081604,0.0001,2.018907791993115
7269,0.001595306908711791,0.07399731129407883,0.0001,1.8976660839980468
7270,0.0015741328243166208,0.06913989037275314,0.0001,1.898416083000484
7271,0.0017102620331570506,0.0442269891500473,0.0001,1.971343707991764
7272,0.0017831280129030347,0.08064880222082138,0.0001,1.9219290840119356
7273,0.0019254592480137944,0.06448216736316681,0.0001,1.9335655829927418
7274,0.001567457802593708,0.09610200673341751,0.0001,1.9906983329856303
7275,0.0017059852834790945,0.04470013082027435,0.0001,1.8770260839955881
7276,0.002032960532233119,0.06475260853767395,0.0001,2.0233060000027763
7277,0.00187516282312572,0.06580100953578949,0.0001,2.213672875004704
7278,0.0018705937545746565,0.055203910917043686,0.0001,1.9400748750049388
7279,0.0018410596530884504,0.07601061463356018,0.0001,1.929203541993047
7280,0.0018730544252321124,0.06620586663484573,0.0001,1.914422542002285
7281,0.001577486633323133,0.04099992290139198,0.0001,1.8541782920074183
7282,0.001721563865430653,0.05768506973981857,0.0001,1.969862166006351
7283,0.0015318196965381503,0.06771236658096313,0.0001,2.02643183300097
7284,0.0018672284204512835,0.04383061081171036,0.0001,1.9272464159876108
7285,0.0017849844880402088,0.09632192552089691,0.0001,1.8766777910059318
7286,0.0017212388338521123,0.10478924959897995,0.0001,1.9681056669942336
7287,0.00178321183193475,0.04924456775188446,0.0001,1.9667484590027016
7288,0.001851241453550756,0.10229223966598511,0.0001,1.9736603750061477
7289,0.0018413499929010868,0.09135214984416962,0.0001,2.1018160420062486
7290,0.0017751621780917048,0.07108684629201889,0.0001,2.052859625007841
7291,0.0018033267697319388,0.07426375895738602,0.0001,1.8785670419892995
7292,0.0017111158231273293,0.06487920880317688,0.0001,1.9466346249973867
7293,0.0014419741928577423,0.11404102295637131,0.0001,1.94532074999006
7294,0.0015220526838675141,0.041914504021406174,0.0001,1.9609317079884931
7295,0.0017543290741741657,0.06953463703393936,0.0001,1.9260731249960372
7296,0.0017277597216889262,0.045063216239213943,0.0001,1.8552155829966068
7297,0.0016657625092193484,0.057521529495716095,0.0001,1.9979019160091411
7298,0.0018131902907043695,0.06074436753988266,0.0001,2.055587958006072
7299,0.0017712442204356194,0.04722205176949501,0.0001,1.9552014169894392
7300,0.0020062958355993032,0.02769460901618004,0.0001,1.928336583005148
7301,0.0015307749854400754,0.040870994329452515,0.0001,1.9289568340027472
7302,0.0015338507946580648,0.07403547316789627,0.0001,2.0077651669998886
7303,0.0015321288956329226,0.03654984012246132,0.0001,1.9305146249971585
7304,0.0019213774939998984,0.058006491512060165,0.0001,2.0381751660024747
7305,0.0020092790946364403,0.03244168683886528,0.0001,1.896229999998468
7306,0.001741407555527985,0.016544025391340256,0.0001,1.891317125002388
7307,0.0016929000848904252,0.04736829921603203,0.0001,1.8709534579975298
7308,0.0017935989890247583,0.05101129412651062,0.0001,2.041881500001182
7309,0.0017168940976262093,0.06016014888882637,0.0001,2.0322574589954456
7310,0.0018326824065297842,0.057528991252183914,0.0001,2.062645166995935
7311,0.0019727132748812437,0.04489670321345329,0.0001,1.8578924999892479
7312,0.0018740722443908453,0.07525051385164261,0.0001,1.86505695800588
7313,0.0015839945990592241,0.0527917817234993,0.0001,2.013292042000103
7314,0.0018395849037915468,0.042294394224882126,0.0001,1.9241494590096409
7315,0.001873715315014124,0.07152523100376129,0.0001,1.928368666995084
7316,0.0015490649966523051,0.06505697220563889,0.0001,1.929932999992161
7317,0.0015876907855272293,0.06433570384979248,0.0001,1.858076082993648
7318,0.001789612346328795,0.07731202989816666,0.0001,1.9127242919930723
7319,0.0018360632238909602,0.06432492285966873,0.0001,2.1049424590019044
7320,0.0018791955662891269,0.07540756464004517,0.0001,1.9685492499993416
7321,0.0017918710364028811,0.04527716338634491,0.0001,1.8804232500115177
7322,0.0018640608759596944,0.04772984981536865,0.0001,1.9164973330043722
7323,0.0014693384291604161,0.048665087670087814,0.0001,2.0510457920026965
7324,0.0019496645545586944,0.05763055384159088,0.0001,1.9360835409897845
7325,0.001671329839155078,0.03752947226166725,0.0001,1.9920638750045327
7326,0.0017269591335207224,0.048452310264110565,0.0001,1.8856442079995759
7327,0.0018557010916993022,0.04719093069434166,0.0001,1.847970874994644
7328,0.0017439990770071745,0.04143154248595238,0.0001,1.8938717499986524
7329,0.0016946179093793035,0.04559561237692833,0.0001,2.035319916001754
7330,0.0018319524824619293,0.071028932929039,0.0001,2.018407750001643
7331,0.0017774250591173768,0.019224999472498894,0.0001,1.984311207997962
7332,0.00182524009142071,0.05450619012117386,0.0001,1.9271389169880422
7333,0.001758987782523036,0.05890260636806488,0.0001,1.9020009579980979
7334,0.0015835011145099998,0.015337861143052578,0.0001,1.9860279170097783
7335,0.001974017359316349,0.03301249071955681,0.0001,1.9430344169959426
7336,0.001594059867784381,0.023921232670545578,0.0001,1.9339231670019217
7337,0.0016895279986783862,0.06733641028404236,0.0001,1.9119141249975655
7338,0.0019390875240787864,0.022445231676101685,0.0001,1.8597938750026515
7339,0.0017295456491410732,0.04848574101924896,0.0001,1.9391290839994326
7340,0.0016683853464201093,0.04739675298333168,0.0001,1.9693036250100704
7341,0.0016194089548662305,0.04681430384516716,0.0001,2.0651010410074377
7342,0.001997104613110423,0.03887999430298805,0.0001,1.8953743330057478
7343,0.0018935685511678457,0.03440186753869057,0.0001,1.944451207993552
7344,0.0020412870217114687,0.06172548606991768,0.0001,1.940782958001364
7345,0.002164927078410983,0.05311426892876625,0.0001,1.9543428329925518
7346,0.0019933979492634535,0.04672176390886307,0.0001,2.012283000003663
7347,0.0018642919603735209,0.05794398859143257,0.0001,1.862633291995735
7348,0.0018022294389083982,0.041277866810560226,0.0001,1.8688504580059089
7349,0.0016637215157970786,0.06830419600009918,0.0001,1.931448041999829
7350,0.0018898564158007503,0.05213705450296402,0.0001,1.979602708001039
7351,0.0015510687371715903,0.06838870793581009,0.0001,2.038130375003675
7352,0.0016275406815111637,0.024714520201086998,0.0001,2.1504081669991137
7353,0.0016162055544555187,0.04160056263208389,0.0001,1.884183749993099
7354,0.0016950976569205523,0.03625616431236267,0.0001,1.9313947500049835
7355,0.0017536148661747575,0.0644105076789856,0.0001,2.0222188329935307
7356,0.0017414429457858205,0.06513385474681854,0.0001,1.9224097080004867
7357,0.0017386716790497303,0.07944804430007935,0.0001,1.8923780000041006
7358,0.001892721513286233,0.037637293338775635,0.0001,1.947815334002371
7359,0.0015524810878559947,0.05564923584461212,0.0001,1.9256604580004932
7360,0.0016263771103695035,0.06192314624786377,0.0001,1.955963000000338
7361,0.0014379235217347741,0.05127378925681114,0.0001,1.9945647500135237
7362,0.0017596813850104809,0.07099446654319763,0.0001,2.0146225830103504
7363,0.0017059509409591556,0.0438091941177845,0.0001,1.9629929999937303
7364,0.0015938860597088933,0.08142616599798203,0.0001,1.9401840420032386
7365,0.0017296106088906527,0.058296624571084976,0.0001,1.9563186669984134
7366,0.0017682035686448216,0.034664448350667953,0.0001,1.9619692499982193
7367,0.0017492667539045215,0.08916725218296051,0.0001,1.9547747500037076
7368,0.001952941296622157,0.06427746266126633,0.0001,1.8529787079896778
7369,0.001592918299138546,0.06791896373033524,0.0001,1.9061219999857713
7370,0.0017586182802915573,0.06491955369710922,0.0001,1.9472314580052625
7371,0.0018758936785161495,0.05770084261894226,0.0001,2.0382291249989066
7372,0.0017719741445034742,0.060206156224012375,0.0001,2.0184929170063697
7373,0.0018630368867889047,0.060855764895677567,0.0001,2.041194584002369
7374,0.0017756461165845394,0.041857119649648666,0.0001,1.8621942089957884
7375,0.0017826458206400275,0.060743145644664764,0.0001,1.9133762500132434
7376,0.002081487327814102,0.04593360424041748,0.0001,1.9429940419940976
7377,0.0015296946512535214,0.07324903458356857,0.0001,2.041300291995867
7378,0.00181758520193398,0.03350495919585228,0.0001,1.868893457998638
7379,0.0017791520804166794,0.06712432950735092,0.0001,1.9394292500073789
7380,0.0019864749629050493,0.07803478837013245,0.0001,1.8817354579950916
7381,0.002004065550863743,0.039980847388505936,0.0001,1.969558707991382
7382,0.002026102039963007,0.05179358273744583,0.0001,2.0291484160115942
7383,0.00193248619325459,0.06611399352550507,0.0001,1.9483564160036622
7384,0.0017868339782580733,0.07003646343946457,0.0001,1.8845500410097884
7385,0.0016742917941883206,0.08945386856794357,0.0001,1.8830799160059541
7386,0.0018586191581562161,0.07052779197692871,0.0001,2.0378335830027936
7387,0.0017774862935766578,0.031171811744570732,0.0001,1.9922771669953363
7388,0.0019609949085861444,0.07390469312667847,0.0001,1.9796564590069465
7389,0.001598115311935544,0.07071267813444138,0.0001,1.8776186250033788
7390,0.0019429076928645372,0.07575202733278275,0.0001,1.911814332997892
7391,0.0018250920111313462,0.052575256675481796,0.0001,2.0007445000082953
7392,0.0018099702429026365,0.060413237661123276,0.0001,1.930475540997577
7393,0.002023305045440793,0.05408231541514397,0.0001,1.9205075840000063
7394,0.0017958253156393766,0.07848163694143295,0.0001,2.0108904160006205
7395,0.0021380495745688677,0.04064870998263359,0.0001,1.8571930410107598
7396,0.0017118084942921996,0.03862778842449188,0.0001,1.9975747909920756
7397,0.001841991557739675,0.04385300725698471,0.0001,1.9867939170071622
7398,0.0016778962453827262,0.05410543456673622,0.0001,1.926750250000623
7399,0.0017637244891375303,0.047863561660051346,0.0001,1.876476207995438
7400,0.0021427497267723083,0.04431290924549103,0.0001,1.9260967500013066
7401,0.001921682502143085,0.06325118988752365,0.0001,1.9114632089913357
7402,0.001700035878457129,0.07257296144962311,0.0001,2.001951709011337
7403,0.0019056249875575304,0.08242540061473846,0.0001,1.9956158749992028
7404,0.001678205095231533,0.06863702833652496,0.0001,1.86271545800264
7405,0.001666430034674704,0.09015188366174698,0.0001,1.9296638749947306
7406,0.0018300429219380021,0.084544338285923,0.0001,1.904055666003842
7407,0.0018145189387723804,0.06879956275224686,0.0001,2.020699875007267
7408,0.0019572298042476177,0.05015704780817032,0.0001,1.8994534590019612
7409,0.001628974569030106,0.04802251234650612,0.0001,1.9348049169930164
7410,0.0017986352322623134,0.04110724478960037,0.0001,1.9347553750121733
7411,0.0016632243059575558,0.06319693475961685,0.0001,1.8561337499995716
7412,0.001947564072906971,0.02929941937327385,0.0001,2.1067193749913713
7413,0.0016023446805775166,0.05747133493423462,0.0001,1.9404175829986343
7414,0.0017599001294001937,0.07458962500095367,0.0001,1.877271709003253
7415,0.0017525464063510299,0.07379991561174393,0.0001,1.9749650829908205
7416,0.0017115495866164565,0.06987267732620239,0.0001,1.9711380829976406
7417,0.0017973384819924831,0.07924815267324448,0.0001,1.977306332992157
7418,0.0018233249429613352,0.057811494916677475,0.0001,2.0521151249995455
7419,0.0018702468369156122,0.07536634802818298,0.0001,1.8915764589910395
7420,0.0017170807113870978,0.0589415580034256,0.0001,1.8638202500005718
7421,0.0018193895230069757,0.08105883747339249,0.0001,1.9561182080069557
7422,0.001600567251443863,0.04987934231758118,0.0001,1.9293634589994326
7423,0.0019321737345308065,0.051920317113399506,0.0001,1.9472715000010794
7424,0.0017060366226360202,0.040933217853307724,0.0001,2.0082394999917597
7425,0.001991733442991972,0.06236353516578674,0.0001,1.923239374998957
7426,0.0021192606072872877,0.06375177204608917,0.0001,1.9567490830086172
7427,0.001672499580308795,0.10902685672044754,0.0001,2.033556750000571
7428,0.001669389079324901,0.04152517765760422,0.0001,1.9300922499969602
7429,0.0016587935388088226,0.10034234076738358,0.0001,1.9281162920087809
7430,0.0018645385280251503,0.04511908441781998,0.0001,1.969333208995522
7431,0.001976781990379095,0.06354019790887833,0.0001,1.9419079169892939
7432,0.001932394690811634,0.06467700004577637,0.0001,1.9081008749926696
7433,0.0018089101649820805,0.05243898555636406,0.0001,2.0041157079976983
7434,0.0017152440268546343,0.07006746530532837,0.0001,2.0311151249916293
7435,0.0015930314548313618,0.05516551434993744,0.0001,1.925316833992838
7436,0.0018235978204756975,0.054267071187496185,0.0001,1.9763647499930812
7437,0.0016950243152678013,0.052046675235033035,0.0001,2.1195562909997534
7438,0.0017350711859762669,0.0501617006957531,0.0001,1.968046374997357
7439,0.0019676373340189457,0.06390692293643951,0.0001,1.9995109159935964
7440,0.0015448728809133172,0.061408668756484985,0.0001,1.8475391249958193
7441,0.0017904202686622739,0.06814216822385788,0.0001,1.8510487500025192
7442,0.0018492134986445308,0.049341943114995956,0.0001,1.9633430000103544
7443,0.0016714041121304035,0.06928849965333939,0.0001,1.9679062499926658
7444,0.001878240960650146,0.044444385915994644,0.0001,1.9283097080042353
7445,0.0015206721145659685,0.0850207507610321,0.0001,1.9792967919929652
7446,0.0019164010882377625,0.04227742925286293,0.0001,1.8775498750037514
7447,0.0017047247383743525,0.06305878609418869,0.0001,2.019451083993772
7448,0.0015561707550659776,0.0746961459517479,0.0001,1.998123957993812
7449,0.001786821405403316,0.04446343332529068,0.0001,1.9533193329989444
7450,0.0017638232093304396,0.07224074006080627,0.0001,1.8613866250088904
7451,0.002015011617913842,0.0470149926841259,0.0001,1.945976666000206
7452,0.0016482805367559195,0.0788421481847763,0.0001,1.934662166997441
7453,0.0018929509678855538,0.05182092264294624,0.0001,1.9757163339963881
7454,0.0016873650019988418,0.07436326891183853,0.0001,2.2193219579930883
7455,0.001967291347682476,0.043642833828926086,0.0001,2.0347195000067586
7456,0.0017296086298301816,0.08783572167158127,0.0001,2.0962082909973105
7457,0.0016284699086099863,0.06087791919708252,0.0001,1.9244817500002682
7458,0.0018218022305518389,0.05666327849030495,0.0001,2.041652416010038
7459,0.001707661896944046,0.044639311730861664,0.0001,1.9591628329944797
7460,0.0016445821383967996,0.06433715671300888,0.0001,1.9872726250032429
7461,0.001694889971986413,0.06923344731330872,0.0001,1.8617889159941114
7462,0.0018800634425133467,0.05454274266958237,0.0001,1.8547777919884538
7463,0.0017785747768357396,0.06691372394561768,0.0001,2.041003541002283
7464,0.0020394737366586924,0.037415776401758194,0.0001,2.0581408750003902
7465,0.0021897326223552227,0.028040599077939987,0.0001,2.0869357500050683
7466,0.0015892675146460533,0.06212316080927849,0.0001,2.201484541001264
7467,0.0015768016455695033,0.03186510503292084,0.0001,1.97227704199031
7468,0.0017162886215373874,0.04822413995862007,0.0001,2.1657593329873635
7469,0.0016518591437488794,0.057610638439655304,0.0001,2.069322209004895
7470,0.0017481930553913116,0.033945176750421524,0.0001,1.936047958995914
7471,0.001760579296387732,0.05595029890537262,0.0001,1.8521444159996463
7472,0.0017806810792535543,0.05411405488848686,0.0001,1.9621727080084383
7473,0.001749555580317974,0.08014636486768723,0.0001,1.9790009999996983
7474,0.001885413657873869,0.06675424426794052,0.0001,1.9402217079914408
7475,0.0017166847828775644,0.06196858361363411,0.0001,1.9251484160049586
7476,0.0018489717040210962,0.08807751536369324,0.0001,1.945349667003029
7477,0.001734995050355792,0.11145267635583878,0.0001,1.8400461660057772
7478,0.0017657169373705983,0.06345371156930923,0.0001,2.0527488750085467
7479,0.0018951769452542067,0.0364864319562912,0.0001,2.0314677499991376
7480,0.0015515778213739395,0.05366820842027664,0.0001,1.9397204590059118
7481,0.001750156399793923,0.0432145930826664,0.0001,1.9684029999916675
7482,0.0016700602136552334,0.06869211792945862,0.0001,1.8641098339867312
7483,0.001622078474611044,0.035632725805044174,0.0001,1.9965320830087876
7484,0.0020917963702231646,0.07706547528505325,0.0001,2.0714426250051474
7485,0.0017721968470141292,0.05644666776061058,0.0001,1.919118958991021
7486,0.0017496944637969136,0.06860379874706268,0.0001,1.8993352499965113
7487,0.0018035124521702528,0.06238573044538498,0.0001,1.932252165992395
7488,0.0015682386001572013,0.06727198511362076,0.0001,1.8942592079984024
7489,0.001557307899929583,0.045754510909318924,0.0001,2.0650414580013603
7490,0.001588632701896131,0.07761620730161667,0.0001,2.0274187909963075
7491,0.0015530867967754602,0.05875442922115326,0.0001,1.951949833004619
7492,0.0016840645112097263,0.03986514359712601,0.0001,1.8521833330014488
7493,0.001533369068056345,0.0663929358124733,0.0001,2.011203874993953
7494,0.0020647894125431776,0.04877061769366264,0.0001,1.927270749991294
7495,0.0018133199773728848,0.058240558952093124,0.0001,1.9420460840046871
7496,0.0015956949209794402,0.06817641109228134,0.0001,1.9646412080037408
7497,0.0018750911112874746,0.08640691637992859,0.0001,2.0611000409990083
7498,0.001711394521407783,0.0891631618142128,0.0001,1.8590843339916319
7499,0.002071385970339179,0.07863831520080566,0.0001,2.133223791999626
7500,0.0017150905914604664,0.03320882096886635,0.0001,2.0199233330058632
7501,0.0018316510831937194,0.08467338234186172,0.0001,1.989650667004753
7502,0.0018170728581026196,0.022903313860297203,0.0001,2.037524375002249
7503,0.001675110892392695,0.07771779596805573,0.0001,2.002063374995487
7504,0.0016738360282033682,0.06148960813879967,0.0001,2.0206985420081764
7505,0.0016809423686936498,0.05045629292726517,0.0001,1.9247393749974435
7506,0.0017759795300662518,0.07579568028450012,0.0001,1.9678956670104526
7507,0.0016272857319563627,0.058933112770318985,0.0001,1.981153542001266
7508,0.0014037020737305284,0.07516530901193619,0.0001,2.1122540829965146
7509,0.0016143922694027424,0.09967689216136932,0.0001,1.9411025419976795
7510,0.0017048491863533854,0.1156495064496994,0.0001,1.9326697910000803
7511,0.0017441415693610907,0.08560783416032791,0.0001,1.9413390419940697
7512,0.0016014637658372521,0.11632724851369858,0.0001,2.010364124987973
7513,0.0016860561445355415,0.0705455020070076,0.0001,1.9993180830060737
7514,0.001516752759926021,0.07128444314002991,0.0001,1.9515569170034723
7515,0.0019589157309383154,0.044003717601299286,0.0001,2.0361375419888645
7516,0.0018139863386750221,0.06542515009641647,0.0001,1.9737452080007643
7517,0.001684224116615951,0.07126975059509277,0.0001,2.0530967919912655
7518,0.0016470580594614148,0.0480879507958889,0.0001,2.2966630420123693
7519,0.001699161366559565,0.04160042852163315,0.0001,1.9831382919946918
7520,0.0017746479716151953,0.05994390323758125,0.0001,1.9580711659946246
7521,0.001919321483001113,0.060954462736845016,0.0001,2.0135261670075124
7522,0.0017940958496183157,0.03778546303510666,0.0001,2.003723624991835
7523,0.0018538470612838864,0.05781438946723938,0.0001,1.9948041669995291
7524,0.0015908826608210802,0.06099722906947136,0.0001,1.9569561249954859
7525,0.0017642256570979953,0.04875053092837334,0.0001,1.9195357909920858
7526,0.001769724884070456,0.05827976018190384,0.0001,1.94357033300912
7527,0.0018314970657229424,0.02733667753636837,0.0001,2.070042250008555
7528,0.0018725524423643947,0.0440378412604332,0.0001,2.0433232089999365
7529,0.0018263222882524133,0.05343905836343765,0.0001,1.8887558749993332
7530,0.0018149536335840821,0.10805615782737732,0.0001,1.8811677920020884
7531,0.0015523441834375262,0.08329684287309647,0.0001,1.8789190829993458
7532,0.0017709321109578013,0.08861857652664185,0.0001,1.9830839159985771
7533,0.0018260515062138438,0.05360051244497299,0.0001,1.9899357499962207
7534,0.001692021731287241,0.08448974043130875,0.0001,1.9035566669917898
7535,0.0017688233638182282,0.07228197902441025,0.0001,1.8471986669901526
7536,0.0016629021847620606,0.040210604667663574,0.0001,1.8585522499924991
7537,0.0018005758756771684,0.057818155735731125,0.0001,1.9659342500090133
7538,0.0017260572640225291,0.06406251341104507,0.0001,1.9336775420088088
7539,0.002026607049629092,0.07277626544237137,0.0001,1.9154448749904986
7540,0.001683262293227017,0.05944307893514633,0.0001,1.8745089580042986
7541,0.001792624476365745,0.09181968122720718,0.0001,1.8613777499995194
7542,0.0019614084158092737,0.05640111118555069,0.0001,1.9179414579994045
7543,0.0018202739302068949,0.08092301338911057,0.0001,1.9732658330030972
7544,0.0017548731993883848,0.09339219331741333,0.0001,1.9649848749977536
7545,0.0019091952126473188,0.04542812332510948,0.0001,1.9045951250009239
7546,0.0019370877416804433,0.06066591665148735,0.0001,1.8856862079992425
7547,0.0019034768920391798,0.07558395713567734,0.0001,1.935735792008927
7548,0.0017664955230429769,0.07757927477359772,0.0001,2.0074667500011856
7549,0.0018541256431490183,0.04389333352446556,0.0001,1.9526152500038734
7550,0.0017442606622353196,0.07151947170495987,0.0001,2.1028357920004055
7551,0.0015887700719758868,0.048085156828165054,0.0001,1.876789333007764
7552,0.001515438430942595,0.051254596561193466,0.0001,1.884732125006849
7553,0.0018480113940313458,0.055919911712408066,0.0001,1.9278833749995101
7554,0.0017237963620573282,0.05207773298025131,0.0001,1.9807015830010641
7555,0.0014875580091029406,0.028793996199965477,0.0001,1.9360637080098968
7556,0.0018430190393701196,0.054712437093257904,0.0001,1.9471359579911223
7557,0.0015387453604489565,0.06289462745189667,0.0001,1.8642674169968814
7558,0.001633314648643136,0.04610275477170944,0.0001,1.922838167010923
7559,0.00170074962079525,0.05797145143151283,0.0001,1.9204817499994533
7560,0.0019580216612666845,0.04105892777442932,0.0001,2.088139291998232
7561,0.0018213784787803888,0.06487274169921875,0.0001,1.937955500005046
7562,0.0017119995318353176,0.045106325298547745,0.0001,1.8506890409917105
7563,0.0017439493676647544,0.037412673234939575,0.0001,1.911682916994323
7564,0.0015066026244312525,0.06600567698478699,0.0001,1.9268571669963421
7565,0.0018739452352747321,0.07897622138261795,0.0001,1.967158749990631
7566,0.001696396735496819,0.014362642541527748,0.0001,1.8542734170041513
7567,0.002028539078310132,0.08743633329868317,0.0001,1.9292221250070725
7568,0.0021480079740285873,0.03771757706999779,0.0001,2.0309059580031317
7569,0.001828436041250825,0.07203688472509384,0.0001,2.0129139999917243
7570,0.0015561478212475777,0.06005755439400673,0.0001,1.9421497919975081
7571,0.0019811331294476986,0.03705994412302971,0.0001,1.8890003749984317
7572,0.0014379826607182622,0.04379760101437569,0.0001,2.0287447909940965
7573,0.0017710768152028322,0.05848237872123718,0.0001,1.9396506249904633
7574,0.0017710723914206028,0.04803942143917084,0.0001,1.9265090839908225
7575,0.0016690978081896901,0.07261697947978973,0.0001,2.0636202919995412
7576,0.001669444376602769,0.046742621809244156,0.0001,1.8815445829968667
7577,0.0015192487044259906,0.06495071202516556,0.0001,2.034745083001326
7578,0.00170632463414222,0.029934175312519073,0.0001,2.079200292006135
7579,0.0016871857224032283,0.09738447517156601,0.0001,1.9214661250007339
7580,0.0020746421068906784,0.03562641888856888,0.0001,1.9668009169981815
7581,0.0016058004694059491,0.07027022540569305,0.0001,1.9416725000046426
7582,0.0016499088378623128,0.04002009704709053,0.0001,1.8908924589923117
7583,0.0015720517840236425,0.08707574009895325,0.0001,1.8866327080031624
7584,0.0015799148241057992,0.04146423190832138,0.0001,2.0460336670075776
7585,0.0021003722213208675,0.04454602673649788,0.0001,1.9434143329999642
7586,0.0017070185858756304,0.053329821676015854,0.0001,1.9320787920005387
7587,0.001728896051645279,0.053228214383125305,0.0001,1.9072056250006426
7588,0.0017657993594184518,0.08091319352388382,0.0001,2.053357208002126
7589,0.0018100568559020758,0.05322103574872017,0.0001,2.008797375005088
7590,0.0018828526372089982,0.044507477432489395,0.0001,2.1245367499941494
7591,0.001862835488282144,0.057660073041915894,0.0001,1.9060317499970552
7592,0.0016808818327262998,0.07483001053333282,0.0001,1.9541882920020726
7593,0.00169178971555084,0.05503743514418602,0.0001,2.019263875001343
7594,0.001668770913966,0.047630127519369125,0.0001,1.9402961669984506
7595,0.0020337668247520924,0.10113668441772461,0.0001,1.972768667008495
7596,0.0018537963042035699,0.06483618915081024,0.0001,1.9774863329948857
7597,0.0018089547520503402,0.05303569883108139,0.0001,1.881327916009468
7598,0.0017263175686821342,0.05232957378029823,0.0001,1.9012626250041649
7599,0.0020288636442273855,0.06728467345237732,0.0001,2.0359398330037948
7600,0.0014350400306284428,0.05009819567203522,0.0001,2.105111875003786
7601,0.0016983954701572657,0.027133582159876823,0.0001,1.9903384999925038
7602,0.0019168889848515391,0.04224281758069992,0.0001,1.8640591659932397
7603,0.0017882962711155415,0.06313920021057129,0.0001,1.871090999993612
7604,0.0018360752146691084,0.03985697403550148,0.0001,1.9364130419999128
7605,0.0018130092648789287,0.059241097420454025,0.0001,2.0336804580001626
7606,0.001920899492688477,0.05860266089439392,0.0001,1.928115208997042
7607,0.0015583031345158815,0.08082742989063263,0.0001,1.9462310420058202
7608,0.0017721964977681637,0.0850755125284195,0.0001,1.8762455830001272
7609,0.0015506615163758397,0.04890435189008713,0.0001,2.0412156660022447
7610,0.0017195078544318676,0.08850809931755066,0.0001,2.030439041001955
7611,0.0018608947284519672,0.060372039675712585,0.0001,2.000959166995017
7612,0.0015319222584366798,0.06999632716178894,0.0001,1.9025794999906793
7613,0.0016124019166454673,0.05821410194039345,0.0001,1.9548249579966068
7614,0.0015658806078135967,0.05688157305121422,0.0001,1.9053007919865195
7615,0.0018905085744336247,0.06196022406220436,0.0001,1.9930944579973584
7616,0.0018881985452026129,0.07185859978199005,0.0001,2.0183047089958563
7617,0.0016458278987556696,0.08490295708179474,0.0001,1.875355166994268
7618,0.0015695483889430761,0.05097893252968788,0.0001,1.8993603750132024
7619,0.0015512789832428098,0.0682678371667862,0.0001,1.9624297919945093
7620,0.002023450331762433,0.05801824852824211,0.0001,2.034812875004718
7621,0.0017985969316214323,0.027887454256415367,0.0001,1.9707616250088904
7622,0.0017169483471661806,0.0697110965847969,0.0001,1.967142833993421
7623,0.0016411443939432502,0.09708601236343384,0.0001,1.8778207499999553
7624,0.0017602350562810898,0.08462145179510117,0.0001,1.9527960420091404
7625,0.001854843576438725,0.09060406684875488,0.0001,2.0832929159951163
7626,0.001997407991439104,0.05600279942154884,0.0001,1.96484466700349
7627,0.0018862499855458736,0.09367942810058594,0.0001,1.925351124998997
7628,0.0017840433865785599,0.052707672119140625,0.0001,1.9381139579927549
7629,0.0016180836828425527,0.1117551401257515,0.0001,1.8911304170032963
7630,0.0016777138225734234,0.0480581596493721,0.0001,2.0472676669887733
7631,0.0019243821734562516,0.06964703649282455,0.0001,2.0384857500030193
7632,0.0017678918084129691,0.06744053214788437,0.0001,1.928599208011292
7633,0.001807053224183619,0.06295928359031677,0.0001,1.895947500001057
7634,0.0016224313294515014,0.08080125600099564,0.0001,1.9220248750061728
7635,0.001692068064585328,0.0706823468208313,0.0001,1.9301888750051148
7636,0.001733740558847785,0.05882706865668297,0.0001,1.980015082997852
7637,0.001822837395593524,0.11037515848875046,0.0001,2.022336458991049
7638,0.001809278386645019,0.036321647465229034,0.0001,1.8908756659948267
7639,0.0018730348674580455,0.059593990445137024,0.0001,2.124408500007121
7640,0.0018045491306111217,0.07478509843349457,0.0001,1.9952901670039864
7641,0.0017168240156024694,0.07102461904287338,0.0001,2.1038754580076784
7642,0.0019443422788754106,0.0550016313791275,0.0001,2.0374015839915955
7643,0.001920284004881978,0.0955212414264679,0.0001,1.974905042006867
7644,0.001728715025819838,0.08757337927818298,0.0001,1.8616163749975385
7645,0.002073909854516387,0.08207447081804276,0.0001,2.0037676250067307
7646,0.0018506646156311035,0.09656545519828796,0.0001,2.127403916005278
7647,0.0016474066069349647,0.08373873680830002,0.0001,1.9257137499953387
7648,0.00177395052742213,0.07698335498571396,0.0001,1.883597790991189
7649,0.0019047792302444577,0.09247232228517532,0.0001,1.9597810420091264
7650,0.0015607766108587384,0.08407268673181534,0.0001,1.9184339579951484
7651,0.0017489258898422122,0.09414985775947571,0.0001,2.047205374998157
7652,0.0016421530162915587,0.12114915251731873,0.0001,2.111445292001008
7653,0.0019628137815743685,0.06092241778969765,0.0001,1.8772739999985788
7654,0.0017378005431964993,0.10306275635957718,0.0001,1.8981867499969667
7655,0.0017254222184419632,0.10183274745941162,0.0001,2.007512666998082
7656,0.0020511290058493614,0.036855343729257584,0.0001,1.954128583005513
7657,0.0015996363945305347,0.07831274718046188,0.0001,1.9693372500041733
7658,0.0017989559564739466,0.09098690748214722,0.0001,1.8806798330042511
7659,0.001747730071656406,0.05619598552584648,0.0001,1.950760709005408
7660,0.0019772564992308617,0.07713379710912704,0.0001,1.881092790994444
7661,0.0017570318887010217,0.10131561756134033,0.0001,2.0868345000053523
7662,0.0016602948307991028,0.0626431554555893,0.0001,2.073668999990332
7663,0.0017115899827331305,0.07789299637079239,0.0001,1.9001339160022326
7664,0.0017600029241293669,0.09770859032869339,0.0001,1.9223677499976475
7665,0.0017359757330268621,0.10226739943027496,0.0001,1.8802604999946197
7666,0.0017929206369444728,0.08349698781967163,0.0001,2.021981792000588
7667,0.001601540483534336,0.0936652347445488,0.0001,2.061135750001995
7668,0.0017146120080724359,0.07308634370565414,0.0001,1.9040033329947619
7669,0.0017439599614590406,0.049599356949329376,0.0001,1.9343014999903971
7670,0.0019394488772377372,0.07599762827157974,0.0001,1.9813380830019014
7671,0.001831896253861487,0.07051250338554382,0.0001,1.9391486660024384
7672,0.0018404717557132244,0.07206301391124725,0.0001,2.0913747500017053
7673,0.0017656780546531081,0.08649656176567078,0.0001,2.002215582993813
7674,0.0018335202476009727,0.05455775558948517,0.0001,1.8771364999993239
7675,0.0016973408637568355,0.05302933230996132,0.0001,1.948780833001365
7676,0.00193247408606112,0.039579566568136215,0.0001,2.003700374989421
7677,0.0017564293229952455,0.036988452076911926,0.0001,1.9406416669953614
7678,0.0015943769831210375,0.040251314640045166,0.0001,1.9287725419999333
7679,0.0019106705440208316,0.036818042397499084,0.0001,1.9611639579961775
7680,0.0019021757179871202,0.05373730510473251,0.0001,1.8902926669979934
7681,0.0017050000606104732,0.07063859701156616,0.0001,1.9080451670015464
7682,0.0017331861890852451,0.06171976774930954,0.0001,1.9201568340067752
7683,0.0016710725612938404,0.0751604437828064,0.0001,2.139999750012066
7684,0.001549391308799386,0.06574638187885284,0.0001,1.8791030830034288
7685,0.0017285734647884965,0.06540319323539734,0.0001,1.8719166249939008
7686,0.001599290408194065,0.061900779604911804,0.0001,2.003823207996902
7687,0.0016180425882339478,0.10728596150875092,0.0001,1.9416687910124892
7688,0.0019707190804183483,0.07232113182544708,0.0001,2.065828082995722
7689,0.001769540598616004,0.07300733029842377,0.0001,1.9738470419979421
7690,0.0017521395348012447,0.056330714374780655,0.0001,1.8792302499932703
7691,0.0016904739895835519,0.09727755934000015,0.0001,1.8924808330048108
7692,0.0017916100332513452,0.08142372965812683,0.0001,2.0024374579952564
7693,0.0016800153534859419,0.053950000554323196,0.0001,2.107084582996322
7694,0.0016727542970329523,0.10755494982004166,0.0001,1.9504671250033425
7695,0.0017439809162169695,0.03255705535411835,0.0001,1.8768757920042844
7696,0.00175445934291929,0.08538902550935745,0.0001,1.8946744160057278
7697,0.0019601283129304647,0.06974557042121887,0.0001,1.9667831670085434
7698,0.0016426914371550083,0.053789470344781876,0.0001,1.9078059580060653
7699,0.0017317363526672125,0.09629178047180176,0.0001,1.8738369170023361
7700,0.001655907486565411,0.03026207908987999,0.0001,1.9341797920060344
7701,0.0018682853551581502,0.10575166344642639,0.0001,1.912641832997906
7702,0.0018087748903781176,0.04048750549554825,0.0001,2.0262140420090873
7703,0.0017486410215497017,0.08032985776662827,0.0001,2.03108174999943
7704,0.001950130215846002,0.06087097153067589,0.0001,1.8874610839993693
7705,0.0016781702870503068,0.05313987657427788,0.0001,1.938655917008873
7706,0.0015402428107336164,0.09222365915775299,0.0001,2.0978882080089534
7707,0.0016652692575007677,0.058748822659254074,0.0001,1.9526980410009855
7708,0.0016844336641952395,0.058289166539907455,0.0001,1.951087292007287
7709,0.0015393017092719674,0.05160900205373764,0.0001,2.0154682910069823
7710,0.0017363150836899877,0.061041951179504395,0.0001,1.988220083003398
7711,0.001982747344300151,0.023874610662460327,0.0001,1.889045875010197
7712,0.0018284125253558159,0.02403034083545208,0.0001,2.037401499997941
7713,0.0017297448357567191,0.05446291342377663,0.0001,1.9352598330006003
7714,0.0017195926047861576,0.024022703990340233,0.0001,1.9313562089955667
7715,0.002008303301408887,0.045497506856918335,0.0001,2.0496012090006843
7716,0.0016271867789328098,0.062118105590343475,0.0001,1.956303958009812
7717,0.0018654009327292442,0.029982607811689377,0.0001,1.9234209169953829
7718,0.0018050707876682281,0.06852370500564575,0.0001,1.958207957999548
7719,0.001869922736659646,0.038989998400211334,0.0001,1.939919791999273
7720,0.0016765338368713856,0.03635333105921745,0.0001,1.8948397079948336
7721,0.0017479684902355075,0.041021931916475296,0.0001,2.032172665989492
7722,0.0019202068215236068,0.024341078475117683,0.0001,1.8928237080108374
7723,0.0019370701629668474,0.040706247091293335,0.0001,2.022593000001507
7724,0.0017480353126302361,0.01955014280974865,0.0001,1.9517553330078954
7725,0.0019012176198884845,0.04653128236532211,0.0001,1.894813749997411
7726,0.0020555423106998205,0.05292520299553871,0.0001,2.0782980829972075
7727,0.0015348015585914254,0.06526358425617218,0.0001,1.9163163750054082
7728,0.0017083423445001245,0.04810322821140289,0.0001,1.9424765830044635
7729,0.0018508475041016936,0.047082047909498215,0.0001,2.1150879579945467
7730,0.0017757812747731805,0.02930455096065998,0.0001,1.9240415829990525
7731,0.0015200217021629214,0.06262567639350891,0.0001,1.8802854160021525
7732,0.0017242839094251394,0.03240940347313881,0.0001,1.9419597500091186
7733,0.0018465621396899223,0.04794367775321007,0.0001,1.961795584007632
7734,0.0016299305716529489,0.043981026858091354,0.0001,1.9410017920017708
7735,0.0016688882606104016,0.03896127641201019,0.0001,1.9651776250102557
7736,0.0016634708736091852,0.0481681190431118,0.0001,1.932986500003608
7737,0.001497433870099485,0.03206513449549675,0.0001,1.9369452499959152
7738,0.0018194272415712476,0.06990543752908707,0.0001,2.0258006249932805
7739,0.001749908085912466,0.03624419867992401,0.0001,2.015682166995248
7740,0.0018513225950300694,0.048619531095027924,0.0001,1.8782159169932129
7741,0.001709822565317154,0.04573836922645569,0.0001,1.9709412499942118
7742,0.001691149198450148,0.04113532975316048,0.0001,1.897377792003681
7743,0.0018298289505764842,0.06538393348455429,0.0001,1.9642577500053449
7744,0.0015501194866374135,0.052269432693719864,0.0001,2.0430008330004057
7745,0.001817832700908184,0.053742069751024246,0.0001,1.9120773329923395
7746,0.001438699895516038,0.06968729197978973,0.0001,1.8438216249924153
7747,0.0017037480138242245,0.057426612824201584,0.0001,1.92329933399742
7748,0.0018565987702459097,0.061474502086639404,0.0001,1.9278543330001412
7749,0.0015866648172959685,0.06727822124958038,0.0001,1.966826875010156
7750,0.0017053278861567378,0.06584283709526062,0.0001,2.029134582990082
7751,0.0018611691193655133,0.03306137025356293,0.0001,2.017535459002829
7752,0.001572130247950554,0.08077574521303177,0.0001,1.8526250420109136
7753,0.0018554499838501215,0.05510113388299942,0.0001,1.9247310419887071
7754,0.0018957701977342367,0.0872698649764061,0.0001,2.6626183339976706
7755,0.0018714995821937919,0.033829465508461,0.0001,2.249493082999834
7756,0.0015705975238233805,0.09001963585615158,0.0001,1.8955784169957042
7757,0.0018779010279104114,0.03228618949651718,0.0001,2.024827250003
7758,0.0016820126911625266,0.07504945248365402,0.0001,1.9727296250057407
7759,0.0017095949733629823,0.04071592167019844,0.0001,2.01075495799887
7760,0.0016560155199840665,0.06557708233594894,0.0001,2.09096045899787
7761,0.0019235304789617658,0.05459912493824959,0.0001,1.9448711250006454
7762,0.0018234534654766321,0.0455186702311039,0.0001,1.9734757499973057
7763,0.0017919855890795588,0.05134302377700806,0.0001,2.0257592920097522
7764,0.0016943559749051929,0.03937077149748802,0.0001,1.9453591669880552
7765,0.0016322032315656543,0.030974457040429115,0.0001,1.9811046670074575
7766,0.0017221408197656274,0.04566352814435959,0.0001,1.8659771250095218
7767,0.0017650563968345523,0.03676048666238785,0.0001,1.900376542005688
7768,0.002202010015025735,0.02841859869658947,0.0001,2.0497632500046166
7769,0.0018492551753297448,0.058739013969898224,0.0001,1.9634234999975888
7770,0.0016767109045758843,0.03777768462896347,0.0001,1.9271192500018515
7771,0.001790437614545226,0.06531037390232086,0.0001,1.9423754590097815
7772,0.0021514701656997204,0.061822716146707535,0.0001,1.8540499579976313
7773,0.001955574145540595,0.04388533532619476,0.0001,1.9256922909989953
7774,0.0018109276425093412,0.05060708895325661,0.0001,1.9376980420056498
7775,0.001934599713422358,0.06376077979803085,0.0001,1.9926544159970945
7776,0.0018348726443946362,0.08096767216920853,0.0001,1.8809152910107514
7777,0.001720445929095149,0.06192106753587723,0.0001,1.8971112500003073
7778,0.001611690386198461,0.08587894588708878,0.0001,2.001005375001114
7779,0.0016018982278183103,0.08276094496250153,0.0001,1.9463864999997895
7780,0.0017952610505744815,0.0644172728061676,0.0001,2.1378729159914656
7781,0.001698175328783691,0.08525782823562622,0.0001,1.8630629999970552
7782,0.001868108520284295,0.03055441379547119,0.0001,1.885447041990119
7783,0.0018880764255300164,0.07666610926389694,0.0001,1.8907500000059372
7784,0.0018360699759796262,0.0979299321770668,0.0001,2.0142347919900203
7785,0.0018462431617081165,0.06286846101284027,0.0001,1.9285344160016393
7786,0.0016683752182871103,0.09896821528673172,0.0001,1.9964367920038057
7787,0.0019698720425367355,0.05017232894897461,0.0001,1.8679971660021693
7788,0.0018046223558485508,0.07202532142400742,0.0001,1.845532708990504
7789,0.001845644786953926,0.11811663955450058,0.0001,2.0170645840116777
7790,0.00180247297976166,0.0437537357211113,0.0001,2.0697240000008605
7791,0.0014991149073466659,0.07718560099601746,0.0001,1.9307530839869287
7792,0.0018099102890118957,0.08403024822473526,0.0001,1.944110084004933
7793,0.0017259902087971568,0.0669323280453682,0.0001,1.8834088339935988
7794,0.0019067703979089856,0.0702323168516159,0.0001,1.9307211250124965
7795,0.0018164629582315683,0.05632925406098366,0.0001,2.034588790993439
7796,0.001994157675653696,0.05588488653302193,0.0001,1.925698499995633
7797,0.0017629018984735012,0.07256454229354858,0.0001,1.9301337079959922
7798,0.0015418484108522534,0.10703838616609573,0.0001,1.9446198749938048
7799,0.001975526800379157,0.056790951639413834,0.0001,1.9089993330126163
7800,0.0016390203963965178,0.058637406677007675,0.0001,2.1427814579947153
7801,0.0014868546277284622,0.05559772253036499,0.0001,1.998223999995389
7802,0.0017598115373402834,0.06648705154657364,0.0001,1.8666156669933116
7803,0.0016773354727774858,0.0752972885966301,0.0001,1.8482011250016512
7804,0.0016120071522891521,0.055667974054813385,0.0001,1.9939633749891073
7805,0.0015780163230374455,0.05881621316075325,0.0001,2.0145842919882853
7806,0.0017279768362641335,0.10683996975421906,0.0001,1.9491017079999438
7807,0.0016015245346352458,0.06433845311403275,0.0001,1.8785834170121234
7808,0.0017181567382067442,0.08015532791614532,0.0001,2.0129481670010136
7809,0.0018208700930699706,0.10398915410041809,0.0001,1.8820672499859938
7810,0.001766449655406177,0.10133964568376541,0.0001,2.0972590419987682
7811,0.0018492169911041856,0.1139068752527237,0.0001,2.055480875002104
7812,0.0018200064077973366,0.03606504201889038,0.0001,1.9248188749916153
7813,0.0017834266182035208,0.05756035074591637,0.0001,2.0508357910002815
7814,0.0017618954880163074,0.08234144747257233,0.0001,1.8730145000008633
7815,0.0018128424417227507,0.05399711802601814,0.0001,2.0645628750062315
7816,0.0017779539339244366,0.09032458066940308,0.0001,2.164338874994428
7817,0.0016665529692545533,0.043311625719070435,0.0001,1.871096791990567
7818,0.00201066373847425,0.07521428167819977,0.0001,1.8523233339947183
7819,0.0019206589786335826,0.025707894936203957,0.0001,1.9755955409927992
7820,0.0016670970944687724,0.11349020898342133,0.0001,1.9483434580033645
7821,0.0017551254713907838,0.05548177286982536,0.0001,2.0913761249976233
7822,0.0016883964417502284,0.07158325612545013,0.0001,1.9665833749895683
7823,0.0017300822073593736,0.0499056838452816,0.0001,1.8661067909997655
7824,0.0018322000978514552,0.08681243658065796,0.0001,1.8871676659910008
7825,0.0020798994228243828,0.04141494631767273,0.0001,2.042426708008861
7826,0.0019825510680675507,0.04608554765582085,0.0001,1.928320083010476
7827,0.0019089371198788285,0.05663818493485451,0.0001,1.9270594159897882
7828,0.0018774826312437654,0.07311777025461197,0.0001,1.9121623329992872
7829,0.0019514893647283316,0.05302822217345238,0.0001,1.9058930409955792
7830,0.0017764412332326174,0.0404181182384491,0.0001,1.9321187500027008
7831,0.0018130632815882564,0.044402461498975754,0.0001,1.9842905410041567
7832,0.0018624196527525783,0.02563469111919403,0.0001,2.1348639170028036
7833,0.0017248177900910378,0.03916994482278824,0.0001,1.845941457999288
7834,0.0018502858001738787,0.027714405208826065,0.0001,1.9736977080028737
7835,0.0016500760102644563,0.046645667403936386,0.0001,1.9073989169992274
7836,0.0019201842369511724,0.048494789749383926,0.0001,2.0170108339953003
7837,0.0017593824304640293,0.03845600411295891,0.0001,1.9377050000039162
7838,0.0018187979003414512,0.06077995151281357,0.0001,1.948142374996678
7839,0.0018285419791936874,0.02777296118438244,0.0001,1.8466713329980848
7840,0.0019163056276738644,0.0490838997066021,0.0001,2.05762799999502
7841,0.0014882355462759733,0.0645785927772522,0.0001,1.9819994589925045
7842,0.0015938217984512448,0.060551319271326065,0.0001,2.0282514579885174
7843,0.0014296496519818902,0.08426627516746521,0.0001,2.010364791000029
7844,0.001725392765365541,0.04338466003537178,0.0001,1.8613108749996172
7845,0.0019175262423232198,0.06963330507278442,0.0001,1.921011250000447
7846,0.0017273041885346174,0.056617770344018936,0.0001,2.007778083003359
7847,0.0018040926661342382,0.04546640068292618,0.0001,1.9281891669961624
7848,0.0019273679936304688,0.05058611184358597,0.0001,1.8923697499994887
7849,0.0017921251710504293,0.040426306426525116,0.0001,1.9211751250113593
7850,0.0018969480879604816,0.04855305701494217,0.0001,1.8883251660008682
7851,0.0018373004859313369,0.08932777494192123,0.0001,1.9554974170023343
7852,0.0020761345513164997,0.06782636791467667,0.0001,2.127194625005359
7853,0.002078246558085084,0.07992821931838989,0.0001,1.9621416669979226
7854,0.0015910505317151546,0.10150817781686783,0.0001,1.9036875410092762
7855,0.0018779168603941798,0.031022343784570694,0.0001,1.914787832996808
7856,0.001730135059915483,0.03219228610396385,0.0001,1.9475968330079922
7857,0.002054391195997596,0.06279225647449493,0.0001,1.9587300830025924
7858,0.002001112559810281,0.04602910950779915,0.0001,1.989045291004004
7859,0.00174254912417382,0.09238231182098389,0.0001,1.8562013750051847
7860,0.00163334421813488,0.06046675145626068,0.0001,1.8815201250108657
7861,0.001446204842068255,0.11631666868925095,0.0001,2.095214291999582
7862,0.0015386081067845225,0.06799669563770294,0.0001,1.927563083008863
7863,0.0016670288750901818,0.07439109683036804,0.0001,1.9610192919935798
7864,0.001883075456134975,0.04210511967539787,0.0001,1.9292250419966877
7865,0.0014866801211610436,0.06876769661903381,0.0001,1.868045750001329
7866,0.0016591747989878058,0.05531216785311699,0.0001,1.9264260840136558
7867,0.00208867434412241,0.04897627606987953,0.0001,2.0007812089897925
7868,0.0019050395349040627,0.05686046555638313,0.0001,1.9432132500078296
7869,0.0017053058836609125,0.04319929704070091,0.0001,1.8657988750055665
7870,0.0016625168500468135,0.07424326986074448,0.0001,1.9484947500022827
7871,0.0017111930064857006,0.04680195823311806,0.0001,1.8914507919980679
7872,0.0020105515141040087,0.04667189344763756,0.0001,1.9207885419891682
7873,0.0018856613896787167,0.05301172658801079,0.0001,2.0331380420102505
7874,0.0017605017637833953,0.04878079146146774,0.0001,1.9531007920013508
7875,0.0015380807453766465,0.07283911854028702,0.0001,1.881120792008005
7876,0.0016116847982630134,0.08324697613716125,0.0001,1.9351164999970933
7877,0.0018147247610613704,0.041661687195301056,0.0001,1.9203329160081921
7878,0.0016508180415257812,0.06456949561834335,0.0001,1.9588179999991553
7879,0.001557373907417059,0.04214680567383766,0.0001,1.9025182089972077
7880,0.0018719395156949759,0.06861277669668198,0.0001,1.9059516660054214
7881,0.0015404506120830774,0.07711005210876465,0.0001,1.8423917920008535
7882,0.00176132470369339,0.04940749704837799,0.0001,2.0353313340019668
7883,0.0018750062445178628,0.05740007385611534,0.0001,1.9539993749931455
7884,0.001444443129003048,0.0781061202287674,0.0001,1.9033947499992792
7885,0.0016508876578882337,0.04663805663585663,0.0001,2.1584263749973616
7886,0.001806594547815621,0.08143902570009232,0.0001,1.9743282910058042
7887,0.0017191048245877028,0.04800209030508995,0.0001,1.9949252079968574
7888,0.0017978353425860405,0.07335997372865677,0.0001,1.9893847500061383
7889,0.0016723360167816281,0.07378202676773071,0.0001,1.9569185000000289
7890,0.0018372394843026996,0.04595114290714264,0.0001,2.0716768340062117
7891,0.001659570960327983,0.09179630130529404,0.0001,2.434014832993853
7892,0.0017850300064310431,0.03215247765183449,0.0001,1.9858358749916079
7893,0.0015624664956703782,0.050489023327827454,0.0001,1.8639750410075067
7894,0.002071237424388528,0.06400740891695023,0.0001,2.1846088329912163
7895,0.0018688318086788058,0.055626824498176575,0.0001,2.0233344580046833
7896,0.001755165634676814,0.06628228724002838,0.0001,2.138974749992485
7897,0.0017920195823535323,0.07908999919891357,0.0001,2.1514122920052614
7898,0.001932585029862821,0.05963503196835518,0.0001,1.9697797500120942
7899,0.001937378547154367,0.039430927485227585,0.0001,1.9184921250125626
7900,0.0016927752876654267,0.08571305125951767,0.0001,2.0181811660004314
7901,0.0018358967499807477,0.04081496596336365,0.0001,1.9124511660047574
7902,0.001692581339739263,0.09645926207304001,0.0001,2.0230559579940746
7903,0.001750829047523439,0.08403435349464417,0.0001,2.134484291993431
7904,0.0014408964198082685,0.08780737221240997,0.0001,1.8891306250006892
7905,0.0016437177546322346,0.07132750749588013,0.0001,1.901648875005776
7906,0.0018689081771299243,0.04167633876204491,0.0001,2.037501999991946
7907,0.0018436830723658204,0.0977415069937706,0.0001,1.944341209004051
7908,0.0018333167536184192,0.04102493077516556,0.0001,1.9658236249961192
7909,0.0016445465153083205,0.070656917989254,0.0001,1.9534556669968879
7910,0.0017762588104233146,0.030092498287558556,0.0001,1.8852714169915998
7911,0.0017191891092807055,0.07687873393297195,0.0001,1.8413914170087082
7912,0.001973789883777499,0.05715829133987427,0.0001,2.0317499579978175
7913,0.0016651848563924432,0.08163996785879135,0.0001,1.984703416004777
7914,0.0017687873914837837,0.06855105608701706,0.0001,1.9656891670019832
7915,0.0016664365539327264,0.0820527896285057,0.0001,1.945725167010096
7916,0.0018806593725457788,0.0765332579612732,0.0001,1.9141002079995815
7917,0.001871871529147029,0.069375179708004,0.0001,1.9064557079982478
7918,0.0017944448627531528,0.08587761223316193,0.0001,1.9476669580035377
7919,0.0018154078861698508,0.07519229501485825,0.0001,2.0944394580001244
7920,0.001757329679094255,0.0756298154592514,0.0001,1.8517432500084396
7921,0.0016987016424536705,0.0637572631239891,0.0001,1.956054750000476
7922,0.0016798850847408175,0.0733647495508194,0.0001,1.8911277500010328
7923,0.0017414141912013292,0.06372762471437454,0.0001,1.947919209007523
7924,0.0019198877271264791,0.05531194806098938,0.0001,2.090605958001106
7925,0.0018053591484203935,0.023900477215647697,0.0001,1.9041043749894015
7926,0.0018637129105627537,0.059426069259643555,0.0001,1.9080836250068387
7927,0.0018251353176310658,0.06088392436504364,0.0001,2.0332009159901645
7928,0.002111917594447732,0.04200364649295807,0.0001,1.9367910839937394
7929,0.0018803788116201758,0.045134831219911575,0.0001,1.972801875002915
7930,0.0017672269605100155,0.06470789760351181,0.0001,1.9546988340007374
7931,0.0015364504652097821,0.04283932223916054,0.0001,1.8781105000089156
7932,0.0015631126007065177,0.08468835055828094,0.0001,1.9119520410022233
7933,0.001849018968641758,0.06880166381597519,0.0001,2.0056182499974966
7934,0.001861139084212482,0.07811569422483444,0.0001,1.944469542009756
7935,0.0014435582561418414,0.03882263973355293,0.0001,1.921508791987435
7936,0.0014746778178960085,0.09067019820213318,0.0001,1.933802375002415
7937,0.0018151947297155857,0.0709877535700798,0.0001,1.8771292499877745
7938,0.0016548545099794865,0.06782584637403488,0.0001,1.9364288749929983
7939,0.001738515798933804,0.04874403774738312,0.0001,1.9177504580002278
7940,0.0017117866082116961,0.04522712901234627,0.0001,1.9926979580050102
7941,0.001808543805964291,0.07047637552022934,0.0001,1.8691096660040785
7942,0.001810320420190692,0.06043657287955284,0.0001,1.8470267499942565
7943,0.001732798176817596,0.05827992781996727,0.0001,2.0191065410035662
7944,0.0016485771629959345,0.07283717393875122,0.0001,1.964879834005842
7945,0.0019900978077203035,0.050071507692337036,0.0001,2.031832749999012
7946,0.0019272606587037444,0.04578506201505661,0.0001,1.8642772909952328
7947,0.001697529456578195,0.07925774902105331,0.0001,1.842812208997202
7948,0.001542101614177227,0.02770569548010826,0.0001,2.1006323330075247
7949,0.0016610570019111037,0.08665096014738083,0.0001,1.982502041006228
7950,0.0017874524928629398,0.033796317875385284,0.0001,2.7581552080082474
7951,0.0020222465973347425,0.07893994450569153,0.0001,1.9811037920007948
7952,0.001626070705242455,0.03238268196582794,0.0001,1.9751824580016546
7953,0.001869327505119145,0.11115536093711853,0.0001,1.9189191249897704
7954,0.00207785377278924,0.05164111778140068,0.0001,2.0900469170010183
7955,0.001706211711280048,0.03821711987257004,0.0001,1.9366315419902094
7956,0.0016894439468160272,0.0573166199028492,0.0001,1.8975608339969767
7957,0.0019335264805704355,0.06777897477149963,0.0001,1.9428961659868946
7958,0.001795647433027625,0.057915885001420975,0.0001,1.922736458000145
7959,0.0016765162581577897,0.04778650403022766,0.0001,2.0344929169950774
7960,0.0014614325482398272,0.07423347979784012,0.0001,2.059727625004598
7961,0.0017559168627485633,0.05487317219376564,0.0001,1.8623048750014277
7962,0.0018135206773877144,0.08296950161457062,0.0001,1.8933285000093747
7963,0.001813782611861825,0.04253203049302101,0.0001,1.8692359590058913
7964,0.0017026640707626939,0.06714368611574173,0.0001,2.1112315420032246
7965,0.0018720973748713732,0.025253448635339737,0.0001,1.950586042003124
7966,0.001584316254593432,0.04621535539627075,0.0001,1.9966728750005132
7967,0.0017391691217198968,0.061045706272125244,0.0001,1.887252125001396
7968,0.0015929033979773521,0.061578914523124695,0.0001,1.9116315840074094
7969,0.0018038167618215084,0.06555052846670151,0.0001,1.9498537920007948
7970,0.0019147980492562056,0.04460303857922554,0.0001,2.02251220899052
7971,0.0018740263767540455,0.08253810554742813,0.0001,1.8632426249969285
7972,0.0017471846658736467,0.040071818977594376,0.0001,1.9158335419924697
7973,0.0016003205673769116,0.07061970978975296,0.0001,1.976107584006968
7974,0.0020428344141691923,0.03979549929499626,0.0001,2.0094381669914583
7975,0.0017681220779195428,0.04315671697258949,0.0001,2.0297527090006042
7976,0.0017340881749987602,0.053910959511995316,0.0001,1.9130992079881253
7977,0.0013509475393220782,0.052613239735364914,0.0001,1.8885990839917213
7978,0.0018863430013880134,0.036945685744285583,0.0001,1.8825620830029948
7979,0.0018786429427564144,0.044119369238615036,0.0001,1.9966222499933792
7980,0.0016557492781430483,0.05101825296878815,0.0001,1.9462801670015324
7981,0.0017528404714539647,0.04803306236863136,0.0001,2.054882500000531
7982,0.0016861713957041502,0.06440041959285736,0.0001,1.9480079999921145
7983,0.0018411977216601372,0.046584971249103546,0.0001,1.877160375006497
7984,0.0015957303112372756,0.05235583707690239,0.0001,2.031839375005802
7985,0.0016530989669263363,0.05735993757843971,0.0001,1.9376882910000859
7986,0.0017228292999789119,0.0571560300886631,0.0001,1.9445829169999342
7987,0.0018345172284170985,0.05146976560354233,0.0001,1.9287292500084732
7988,0.0018065831391140819,0.031397271901369095,0.0001,1.8712984590092674
7989,0.0016926857642829418,0.05725134536623955,0.0001,1.9238228750036797
7990,0.0018176003359258175,0.0563015341758728,0.0001,1.9948618750058813
7991,0.0016449075192213058,0.04334796220064163,0.0001,1.9755219590006163
7992,0.0017599215498194098,0.06781727820634842,0.0001,1.8410239160002675
7993,0.0016581626841798425,0.04383495822548866,0.0001,1.8808908329956466
7994,0.0018716782797127962,0.06522251665592194,0.0001,1.9982778330013389
7995,0.0019136257469654083,0.05088364705443382,0.0001,1.9390419169940287
7996,0.0016079512424767017,0.04158798232674599,0.0001,2.0430544580012793
7997,0.0016765195177868009,0.07891186326742172,0.0001,1.8886823749926407
7998,0.0019280052511021495,0.03351806476712227,0.0001,1.8952553749986691
7999,0.001624557189643383,0.05475734546780586,0.0001,1.9052089169999817
8000,0.001903860131278634,0.03899660333991051,0.0001,1.9651167499978328
8001,0.0017845586407929659,0.029324475675821304,0.0001,1.9940767090010922
8002,0.001858010538853705,0.05347044765949249,0.0001,1.9976104170054896
8003,0.0017521028639748693,0.069054014980793,0.0001,2.177018540998688
8004,0.001851157401688397,0.06437009572982788,0.0001,2.0227538750041276
8005,0.001688316697254777,0.0535748265683651,0.0001,1.9334267079975689
8006,0.0014913193881511688,0.0551098994910717,0.0001,2.0625202090013772
8007,0.0017720134928822517,0.06337326765060425,0.0001,1.9456412089930382
8008,0.0017483016708865762,0.06852193921804428,0.0001,1.995166207998409
8009,0.0017197087872773409,0.07349221408367157,0.0001,1.9862513749976642
8010,0.0019146018894389272,0.04636938497424126,0.0001,1.9390567910013488
8011,0.0018230091081932187,0.07583919912576675,0.0001,1.9351327080075862
8012,0.0018719375366345048,0.06867901980876923,0.0001,1.9198518749908544
8013,0.001634505344554782,0.07352782785892487,0.0001,2.0072251669917023
8014,0.0015145196812227368,0.10482586920261383,0.0001,1.9816036660049576
8015,0.001664907787926495,0.09234346449375153,0.0001,2.0111726250033826
8016,0.0017595812678337097,0.08560389280319214,0.0001,1.938983542000642
8017,0.00170950370375067,0.05143135413527489,0.0001,2.013010958005907
8018,0.001950007164850831,0.07629754394292831,0.0001,1.9921407910005655
8019,0.0018999968888238072,0.04147224873304367,0.0001,2.009290832997067
8020,0.001715805847197771,0.05414923280477524,0.0001,1.9915650840121089
8021,0.0019198462832719088,0.054473865777254105,0.0001,1.9274069169914583
8022,0.0018157251179218292,0.07975510507822037,0.0001,1.9939137499895878
8023,0.0017787026008591056,0.06486914306879044,0.0001,1.9994995419983752
8024,0.0015578089514747262,0.033227406442165375,0.0001,1.9801294169883477
8025,0.0015999299939721823,0.07180265337228775,0.0001,1.9652942499960773
8026,0.0016759430291131139,0.08370616286993027,0.0001,1.938354124999023
8027,0.0018267486011609435,0.02537686936557293,0.0001,1.9146322080050595
8028,0.0018330874154344201,0.06087109073996544,0.0001,2.002342834006413
8029,0.0017452361062169075,0.08166515082120895,0.0001,2.0803000000014435
8030,0.0019843331538140774,0.08630628138780594,0.0001,2.023891459000879
8031,0.0016572035383433104,0.043743278831243515,0.0001,1.9521751659922302
8032,0.0017590689240023494,0.06893238425254822,0.0001,1.8647767499933252
8033,0.001779949408955872,0.0690881609916687,0.0001,1.9983985830040183
8034,0.0018179083708673716,0.05168082192540169,0.0001,2.1750041670020437
8035,0.0018483040621504188,0.0922197699546814,0.0001,1.9118166249973
8036,0.0019198635127395391,0.05276956781744957,0.0001,1.9080707090033684
8037,0.0016241776756942272,0.04420100525021553,0.0001,1.8652835829998367
8038,0.00176990928594023,0.055338773876428604,0.0001,1.9163706669933163
8039,0.0017371533904224634,0.040427837520837784,0.0001,1.9313212090055458
8040,0.0016386560164391994,0.053346168249845505,0.0001,1.9749989999982063
8041,0.0018616069573909044,0.07933338731527328,0.0001,2.049981874995865
8042,0.001945809810422361,0.03860663250088692,0.0001,1.8454823329957435
8043,0.0018507585627958179,0.03792811930179596,0.0001,1.8842616670008283
8044,0.0016494500450789928,0.051287297159433365,0.0001,1.9267005830042763
8045,0.0017313332064077258,0.02122509479522705,0.0001,2.0108333340031095
8046,0.0017415308393537998,0.059725072234869,0.0001,1.9118636670027627
8047,0.0015902111772447824,0.030147703364491463,0.0001,1.8623597909900127
8048,0.0017541986890137196,0.049062296748161316,0.0001,1.9665647079964401
8049,0.0019172773463651538,0.030458107590675354,0.0001,1.9418443750037113
8050,0.001880805240944028,0.042146556079387665,0.0001,1.9390989169914974
8051,0.001682365546002984,0.027846865355968475,0.0001,1.8933076250104932
8052,0.001568770851008594,0.046607326716184616,0.0001,1.8627224160009064
8053,0.0016569189028814435,0.057749200612306595,0.0001,1.8586953339981847
8054,0.0016276633832603693,0.04273508861660957,0.0001,1.9977209999924526
8055,0.0017313220305368304,0.03732237219810486,0.0001,2.015586125009577
8056,0.0017094745999202132,0.05267596244812012,0.0001,1.9360466670041205
8057,0.0014031855389475822,0.040022239089012146,0.0001,1.8821327920013573
8058,0.001502425060607493,0.08017881959676743,0.0001,1.909850167008699
8059,0.0020192351657897234,0.05182286351919174,0.0001,1.9299285839952063
8060,0.0015889351489022374,0.09071692079305649,0.0001,1.9313174999988405
8061,0.001797723351046443,0.058231908828020096,0.0001,1.9431889999978011
8062,0.0018450981006026268,0.08454948663711548,0.0001,1.9071525000035763
8063,0.0013532412704080343,0.04467882588505745,0.0001,1.8686104170046747
8064,0.0017241567838937044,0.06483913213014603,0.0001,1.9156757919990923
8065,0.001776888850145042,0.059880271553993225,0.0001,1.9405700829956913
8066,0.0017167737241834402,0.04797574505209923,0.0001,2.0353697079990525
8067,0.0016535790637135506,0.053499989211559296,0.0001,1.8773482080141548
8068,0.001754764118231833,0.054959073662757874,0.0001,1.8685368750011548
8069,0.0018343650735914707,0.0556730218231678,0.0001,1.9449806660122704
8070,0.001673587248660624,0.06623601913452148,0.0001,2.04144729100517
8071,0.001875349786132574,0.04878793656826019,0.0001,2.1084998329897644
8072,0.001616222900338471,0.05124932900071144,0.0001,1.909829708005418
8073,0.0016673703212291002,0.07898704707622528,0.0001,1.8768084159964928
8074,0.001576665323227644,0.09774482250213623,0.0001,1.9270310410065576
8075,0.0017418238567188382,0.039337463676929474,0.0001,1.9670192500052508
8076,0.0019181849202141166,0.07442473620176315,0.0001,1.9347760420059785
8077,0.0018678550841286778,0.07573842257261276,0.0001,1.8974924170033773
8078,0.0017063120612874627,0.08491063863039017,0.0001,1.8144559579959605
8079,0.0015352902701124549,0.11136002838611603,0.0001,1.9765688750048866
8080,0.0017352522118017077,0.06624869257211685,0.0001,2.1360782089905115
8081,0.001564687816426158,0.1108698695898056,0.0001,1.8666234169941163
8082,0.0016749524511396885,0.04707563295960426,0.0001,1.941826124995714
8083,0.001597068039700389,0.07500090450048447,0.0001,2.0575686670053983
8084,0.001704519148916006,0.07797292619943619,0.0001,2.4587360830046237
8085,0.0019020477775484324,0.03774712607264519,0.0001,2.0906136249977862
8086,0.0019242062699049711,0.046955209225416183,0.0001,2.1351399999985006
8087,0.0017756300512701273,0.043164320290088654,0.0001,1.8289741250046063
8088,0.0019386456115171313,0.04289036616683006,0.0001,1.8373755409993464
8089,0.001837387215346098,0.038220878690481186,0.0001,1.830860499991104
8090,0.0017375160241499543,0.0343531109392643,0.0001,1.8309679590020096
8091,0.0017034122720360756,0.09990356862545013,0.0001,1.8336102909961483
8092,0.0014653779799118638,0.07313840836286545,0.0001,1.8470925000001444
8093,0.001961672678589821,0.028973646461963654,0.0001,1.8653659589908784
8094,0.0017292262054979801,0.05946602299809456,0.0001,1.814773417005199
8095,0.001788379973731935,0.0565740168094635,0.0001,1.8129218749963911
8096,0.0016806625062599778,0.10648243129253387,0.0001,1.8565681670006597
8097,0.0019593089818954468,0.023632274940609932,0.0001,1.9924870410031872
8098,0.0018080791924148798,0.0696382224559784,0.0001,2.3112464159930823
8099,0.001723596709780395,0.03894970566034317,0.0001,1.960203750000801
8100,0.001574889523908496,0.0696737989783287,0.0001,1.890647957989131
8101,0.0016476744785904884,0.0663284882903099,0.0001,1.9349887920106994
8102,0.0016241881530731916,0.08307675272226334,0.0001,1.910004499994102
8103,0.0019310087664052844,0.04400993511080742,0.0001,1.9456572089984547
8104,0.0016846886137500405,0.06259992718696594,0.0001,1.9208864160027588
8105,0.0016885341610759497,0.031903114169836044,0.0001,1.9049894580093678
8106,0.0016089945565909147,0.03833827003836632,0.0001,1.8834429170092335
8107,0.0015002732397988439,0.04123071953654289,0.0001,1.878314749992569
8108,0.0017253058031201363,0.04212351143360138,0.0001,1.913256416999502
8109,0.0016487663378939033,0.05759638547897339,0.0001,1.9994472919934196
8110,0.0015464195748791099,0.04139053076505661,0.0001,1.9629872910008999
8111,0.0018472889205440879,0.05543478950858116,0.0001,1.873965542006772
8112,0.001750039285980165,0.023224368691444397,0.0001,2.052087082993239
8113,0.0017951192567124963,0.04452821612358093,0.0001,1.992700959002832
8114,0.0017626382177695632,0.07465961575508118,0.0001,1.9324042910011485
8115,0.001964153489097953,0.02488839440047741,0.0001,1.9519962499907706
8116,0.001705680857412517,0.06181168556213379,0.0001,1.868159249992459
8117,0.001621566480025649,0.07128651440143585,0.0001,1.9121073339920258
8118,0.0016535230679437518,0.039007775485515594,0.0001,2.0171575839922298
8119,0.0017784626688808203,0.055129051208496094,0.0001,1.9563923749956302
8120,0.0019064859952777624,0.05748041719198227,0.0001,1.9398615829995833
8121,0.0018960947636514902,0.041269414126873016,0.0001,1.8757392919942504
8122,0.001749446731992066,0.048757605254650116,0.0001,1.855308917001821
8123,0.0014800396747887135,0.05624072626233101,0.0001,1.8614652499963995
8124,0.0017729441169649363,0.03946273401379585,0.0001,1.9635874579980737
8125,0.0019062539795413613,0.052944716066122055,0.0001,1.9981387089937925
8126,0.0018654587911441922,0.04928162693977356,0.0001,1.9152260839910014
8127,0.0017683360492810607,0.046010080724954605,0.0001,1.890983083008905
8128,0.0016741653671488166,0.06243397668004036,0.0001,1.884618791998946
8129,0.0018836628878489137,0.029374435544013977,0.0001,2.000776999993832
8130,0.001787052839063108,0.04359515756368637,0.0001,2.028933625013451
8131,0.001713386969640851,0.09121325612068176,0.0001,1.9761717079964
8132,0.0018543784972280264,0.08016552031040192,0.0001,1.9304479169950355
8133,0.0015641172649338841,0.06814255565404892,0.0001,1.9391277079994325
8134,0.0020649286452680826,0.04591580107808113,0.0001,2.226063249996514
8135,0.0019510609563440084,0.07759599387645721,0.0001,1.9366815829998814
8136,0.0016525742830708623,0.07920470833778381,0.0001,1.9116606250026962
8137,0.0017901802202686667,0.09699933230876923,0.0001,1.9738739159947727
8138,0.0016651236219331622,0.05119599401950836,0.0001,1.9089381670055445
8139,0.0016546361148357391,0.10073550045490265,0.0001,2.0270873330009636
8140,0.0016745073953643441,0.057136330753564835,0.0001,1.997097165993182
8141,0.001844383659772575,0.044282395392656326,0.0001,2.0797153750027064
8142,0.001788211171515286,0.06341671198606491,0.0001,1.8614497909875354
8143,0.0019226729637011886,0.03789851814508438,0.0001,1.9859663340030238
8144,0.0017228564247488976,0.04024401679635048,0.0001,2.0067787500011036
8145,0.0015315479831770062,0.05527929216623306,0.0001,2.0711717079975642
8146,0.0017723843920975924,0.05988750234246254,0.0001,1.9778475829953095
8147,0.0014158774865791202,0.038831926882267,0.0001,2.067043124989141
8148,0.0019800891168415546,0.04353708028793335,0.0001,1.8766191250033444
8149,0.0017310607945546508,0.01903664506971836,0.0001,2.023943790991325
8150,0.0017393346643075347,0.05647943913936615,0.0001,1.952600957985851
8151,0.001484498381614685,0.028394639492034912,0.0001,2.06730704200163
8152,0.0019412424881011248,0.02540324069559574,0.0001,1.8651272499992047
8153,0.0017953482456505299,0.014278163202106953,0.0001,1.9877752090105787
8154,0.0017234937986359,0.038701482117176056,0.0001,1.9138378750067204
8155,0.0017057060031220317,0.030061941593885422,0.0001,1.9987667919922387
8156,0.0019106477266177535,0.0312710702419281,0.0001,2.0357701250031823
8157,0.0014736506855115294,0.051760733127593994,0.0001,1.9524687089869985
8158,0.0017768447287380695,0.054738543927669525,0.0001,1.9094770000083372
8159,0.0017540098633617163,0.05857072025537491,0.0001,2.0030326249980135
8160,0.0017646870110183954,0.037000223994255066,0.0001,2.011679874995025
8161,0.0017701677279546857,0.04121783375740051,0.0001,1.942141833002097
8162,0.0016929561970755458,0.04302544519305229,0.0001,1.9759725000039907
8163,0.0015397175448015332,0.04713989049196243,0.0001,1.879495457993471
8164,0.001554561429657042,0.05487880855798721,0.0001,2.055387000000337
8165,0.0017733694985508919,0.06053261086344719,0.0001,2.1681749999988824
8166,0.0015967775834724307,0.04680316895246506,0.0001,1.9584752920054598
8167,0.00206603086553514,0.038560833781957626,0.0001,2.00956279199454
8168,0.0017633154056966305,0.0351380817592144,0.0001,2.115278833996854
8169,0.0018530781380832195,0.04932538419961929,0.0001,1.900315374994534
8170,0.0018801906844601035,0.051791656762361526,0.0001,1.951533291998203
8171,0.0019779426511377096,0.040151447057724,0.0001,2.1255617499991786
8172,0.0018804320134222507,0.0456433929502964,0.0001,1.8566264169930946
8173,0.0018504465697333217,0.050218671560287476,0.0001,1.9019776250061113
8174,0.0017417584313079715,0.03645120933651924,0.0001,1.9715920829912648
8175,0.0018664119997993112,0.032266221940517426,0.0001,1.9839952089969302
8176,0.001798774115741253,0.03396078571677208,0.0001,1.9742282920051366
8177,0.001659326022490859,0.0723700001835823,0.0001,2.101486625004327
8178,0.0015991026302799582,0.03610824793577194,0.0001,1.8995442499872297
8179,0.0018195138545706868,0.049886249005794525,0.0001,2.0373561660089763
8180,0.0015460646245628595,0.066322922706604,0.0001,2.138016874989262
8181,0.0016314125386998057,0.042540889233350754,0.0001,1.9682479999901261
8182,0.0017181565053761005,0.070353202521801,0.0001,2.072483249998186
8183,0.0018276335904374719,0.04478176310658455,0.0001,1.98803179099923
8184,0.001708164345473051,0.06059039756655693,0.0001,2.01880625000922
8185,0.0016449757385998964,0.06660692393779755,0.0001,1.9724608749966137
8186,0.0019374270923435688,0.07207123935222626,0.0001,2.071197792000021
8187,0.001517623895779252,0.07715772837400436,0.0001,1.9020154159952654
8188,0.0016009534010663629,0.08723558485507965,0.0001,1.8884290830028476
8189,0.001745333313010633,0.0676812082529068,0.0001,2.070867458009161
8190,0.0015485583571717143,0.05657350271940231,0.0001,2.021977958007483
8191,0.0017714822897687554,0.061843257397413254,0.0001,1.9550027910008794
8192,0.0017577512189745903,0.040679577738046646,0.0001,1.9881944580120035
8193,0.0019113661255687475,0.05041090026497841,0.0001,1.866936499995063
8194,0.0018451266223564744,0.0687386617064476,0.0001,1.9510916250001173
8195,0.001655335770919919,0.04816300421953201,0.0001,2.0165403749997495
8196,0.0012981088366359472,0.05618630722165108,0.0001,1.9388200829998823
8197,0.0018716106424108148,0.023274127393960953,0.0001,1.9463657919986872
8198,0.0017986426828429103,0.07046978175640106,0.0001,1.9543361660034861
8199,0.0018215016461908817,0.035278696566820145,0.0001,2.035711167001864
8200,0.0016854623099789023,0.052952006459236145,0.0001,1.971807041001739
8201,0.0016195280477404594,0.045963071286678314,0.0001,2.049910749992705
8202,0.0020588042680174112,0.05743767321109772,0.0001,1.9252965419873362
8203,0.0015184464864432812,0.0913921445608139,0.0001,1.909369582994259
8204,0.0017262734472751617,0.0617937333881855,0.0001,2.036345832995721
8205,0.002021849388256669,0.07926944643259048,0.0001,1.9355827499966836
8206,0.0019105816027149558,0.031043117865920067,0.0001,1.9751649999961955
8207,0.0019080003257840872,0.08819927275180817,0.0001,1.9938966669869842
8208,0.0016066647367551923,0.07469700276851654,0.0001,1.8726384999899892
8209,0.0016270549967885017,0.04054717347025871,0.0001,1.9161420830059797
8210,0.0018158010207116604,0.0806088075041771,0.0001,2.1893054579995805
8211,0.0015730460872873664,0.06114622950553894,0.0001,1.9948608330014395
8212,0.0015261827502399683,0.09262588620185852,0.0001,2.028912833004142
8213,0.0016315309330821037,0.11488881707191467,0.0001,1.959528124993085
8214,0.0017651115776970983,0.05593385174870491,0.0001,1.8688204999925802
8215,0.0017617795383557677,0.07961039990186691,0.0001,1.9343907089933055
8216,0.0017243654001504183,0.06110789626836777,0.0001,1.9854939170036232
8217,0.0017983176512643695,0.06980856508016586,0.0001,2.1462019159953343
8218,0.0019064095104113221,0.05028551444411278,0.0001,1.898638790997211
8219,0.0015552412951365113,0.07839085906744003,0.0001,1.9438167920015985
8220,0.0016736104153096676,0.05059128627181053,0.0001,1.9290334999968763
8221,0.0019709793850779533,0.05892059952020645,0.0001,2.1144548329903046
8222,0.0020156714599579573,0.05087365210056305,0.0001,2.0422854169883067
8223,0.0020125682931393385,0.07874201983213425,0.0001,1.9307485840108711
8224,0.0019311646465212107,0.03570135682821274,0.0001,1.9211801670026034
8225,0.0015014063101261854,0.05514828488230705,0.0001,1.9969821669947123
8226,0.0015713623724877834,0.10175585001707077,0.0001,1.9626272919995245
8227,0.0017167547484859824,0.07040204107761383,0.0001,1.9715459159924649
8228,0.001603524899110198,0.10527221858501434,0.0001,1.9487562089925632
8229,0.0018133849371224642,0.04740758240222931,0.0001,1.8832573749969015
8230,0.0016489794943481684,0.08025215566158295,0.0001,1.8782133749919012
8231,0.0018022785661742091,0.05242941528558731,0.0001,2.1519667910033604
8232,0.001425967551767826,0.06805889308452606,0.0001,2.0692682080116356
8233,0.0017706373473629355,0.08295152336359024,0.0001,1.9937826249952195
8234,0.0016689052572473884,0.05609297752380371,0.0001,1.9553596250043483
8235,0.0018343225819990039,0.06179884076118469,0.0001,1.8980535409937147
8236,0.0016752681694924831,0.03588925674557686,0.0001,1.9487453750043642
8237,0.0019142169039696455,0.05956314504146576,0.0001,2.0467323750053765
8238,0.0016561199445277452,0.038099631667137146,0.0001,1.8933958749985322
8239,0.001804125146009028,0.09051124006509781,0.0001,1.893372916005319
8240,0.0017645307816565037,0.05174417048692703,0.0001,1.9647426250012359
8241,0.0017387281404808164,0.0919116958975792,0.0001,2.0348197919956874
8242,0.0019226981094107032,0.04136138781905174,0.0001,2.022205750006833
8243,0.0019576011691242456,0.042893506586551666,0.0001,1.9978911250072997
8244,0.001702842186205089,0.06065167114138603,0.0001,1.8813338329928229
8245,0.0015908449422568083,0.07608015835285187,0.0001,1.9170805419998942
8246,0.001893790322355926,0.049914129078388214,0.0001,2.0089687920117285
8247,0.001480701146647334,0.04314098507165909,0.0001,2.0924968750041444
8248,0.001797618344426155,0.05511144548654556,0.0001,1.9517982499965
8249,0.0018155871657654643,0.028834251686930656,0.0001,1.9403019169985782
8250,0.0017724570352584124,0.03190971910953522,0.0001,1.8781683339911979
8251,0.001434359117411077,0.03537355735898018,0.0001,1.9146757499984233
8252,0.0017255765851587057,0.04545082896947861,0.0001,2.208483750000596
8253,0.0017723276978358626,0.054731618613004684,0.0001,2.11590345800505
8254,0.0017682001926004887,0.03033297136425972,0.0001,1.9161420419986825
8255,0.0017306164372712374,0.020209122449159622,0.0001,2.0564554169977782
8256,0.001593076973222196,0.0514482818543911,0.0001,1.939532832999248
8257,0.0016172034665942192,0.022176967933773994,0.0001,2.0461754580028355
8258,0.0016975902253761888,0.035011015832424164,0.0001,2.058837833988946
8259,0.0016181649407371879,0.05517599731683731,0.0001,1.8820364999992307
8260,0.0016809073276817799,0.03435925394296646,0.0001,1.90212441701442
8261,0.001553936512209475,0.0298630204051733,0.0001,1.9974008330027573
8262,0.0016690654447302222,0.08302580565214157,0.0001,2.160063374991296
8263,0.0017873621545732021,0.04836311563849449,0.0001,2.022395542007871
8264,0.001630857470445335,0.04199426621198654,0.0001,1.9430112080008257
8265,0.0017167336773127317,0.05928295478224754,0.0001,1.871385125006782
8266,0.0017204550094902515,0.03412143513560295,0.0001,1.9458817499980796
8267,0.0017365828389301896,0.06764917820692062,0.0001,2.0655009170004632
8268,0.0016972396988421679,0.06248018890619278,0.0001,1.9418704169947887
8269,0.001654178136959672,0.0784539133310318,0.0001,1.9042177080118563
8270,0.0014942432753741741,0.06008641794323921,0.0001,1.9426744590018643
8271,0.0013653362402692437,0.07793797552585602,0.0001,1.9285820420045638
8272,0.001810602843761444,0.03740008547902107,0.0001,1.9748335000040242
8273,0.0016550036380067468,0.09167688339948654,0.0001,2.108239458000753
8274,0.0020812074653804302,0.03296995162963867,0.0001,1.9348649590101559
8275,0.001712120370939374,0.047725774347782135,0.0001,1.9036304579931311
8276,0.001574331079609692,0.04390762001276016,0.0001,1.9264417919912376
8277,0.0017072237096726894,0.04651825875043869,0.0001,1.9668682499905117
8278,0.0017821218352764845,0.050050634890794754,0.0001,2.0887640419969102
8279,0.0021508659701794386,0.0330781489610672,0.0001,1.9637362920038868
8280,0.0015627574175596237,0.04874729737639427,0.0001,1.887704249995295
8281,0.00199748738668859,0.05216645076870918,0.0001,1.894546542011085
8282,0.0019929122645407915,0.04379281774163246,0.0001,2.2605251249915455
8283,0.0018109208904206753,0.049312956631183624,0.0001,2.054149667004822
8284,0.0018424061127007008,0.04408597573637962,0.0001,2.072074750001775
8285,0.0016900419723242521,0.059919968247413635,0.0001,2.1097727500018664
8286,0.0018650662386789918,0.07402410358190536,0.0001,1.974810499988962
8287,0.0017233530525118113,0.03583807498216629,0.0001,1.961406457994599
8288,0.0017570049967616796,0.03687046840786934,0.0001,2.0272447500028647
8289,0.0019315858371555805,0.04314102232456207,0.0001,1.900233250009478
8290,0.0018413637299090624,0.025486432015895844,0.0001,1.8942654169950401
8291,0.0018099886365234852,0.058456551283597946,0.0001,1.996211999998195
8292,0.0018830772023648024,0.019690169021487236,0.0001,1.9871374999929685
8293,0.0017492584884166718,0.058065854012966156,0.0001,1.9659652090049349
8294,0.0018815816147252917,0.04225756600499153,0.0001,2.1944211670052027
8295,0.0017562545835971832,0.06811830401420593,0.0001,1.8815394580014981
8296,0.00178508588578552,0.043487586081027985,0.0001,1.9413490829902003
8297,0.0018109705997630954,0.06211984157562256,0.0001,2.0475716250075493
8298,0.0016460214974358678,0.0724027156829834,0.0001,1.9424050420057029
8299,0.001885268255136907,0.07439668476581573,0.0001,1.9261504169990076
8300,0.001753552001900971,0.042912401258945465,0.0001,2.0395450420037378
8301,0.0018849666230380535,0.03865475207567215,0.0001,1.906684084009612
8302,0.001903739059343934,0.057316798716783524,0.0001,1.9461207919957815
8303,0.001835714909248054,0.059301361441612244,0.0001,2.0488058329938212
8304,0.0018148140516132116,0.03647521510720253,0.0001,1.9660497500008205
8305,0.0015491950325667858,0.04183746129274368,0.0001,1.99727720800729
8306,0.001956571824848652,0.09338221698999405,0.0001,1.9221331250009825
8307,0.0016749331261962652,0.09020522981882095,0.0001,1.97970195900416
8308,0.0017140103736892343,0.09250879287719727,0.0001,1.9839698750001844
8309,0.001955631887540221,0.036747753620147705,0.0001,1.993099749990506
8310,0.0017216589767485857,0.0674351379275322,0.0001,1.884093374988879
8311,0.0016747860936447978,0.08325324952602386,0.0001,1.8896634580014506
8312,0.001922341645695269,0.041596848517656326,0.0001,1.9472522910073167
8313,0.0017970323096960783,0.05374659225344658,0.0001,2.0934296250052284
8314,0.001896124565973878,0.07925932109355927,0.0001,1.9717517500102986
8315,0.0016563201788812876,0.06962162256240845,0.0001,2.0478726669971365
8316,0.0016785187181085348,0.09299822896718979,0.0001,1.8813912920013536
8317,0.0017152834916487336,0.05395552143454552,0.0001,1.9421194590104278
8318,0.0018678292399272323,0.05550924688577652,0.0001,2.019758833004744
8319,0.0018687836127355695,0.06092093884944916,0.0001,1.9100526249967515
8320,0.0017744646174833179,0.08288576453924179,0.0001,1.8852418750029756
8321,0.0017085011349990964,0.03200512006878853,0.0001,1.9728632499900414
8322,0.0017075263895094395,0.04711414873600006,0.0001,1.9563654999947175
8323,0.0017385472310706973,0.06028565391898155,0.0001,1.961400665997644
8324,0.0016083675436675549,0.04080204665660858,0.0001,2.0644968330016127
8325,0.0017457637004554272,0.062116630375385284,0.0001,1.8857085000054212
8326,0.0016500545898452401,0.07324159890413284,0.0001,1.8838476659875596
8327,0.0015971671091392636,0.08813152462244034,0.0001,1.9568662500096252
8328,0.00170454615727067,0.06802839040756226,0.0001,1.9417134999966947
8329,0.0019289306364953518,0.089467354118824,0.0001,1.9508864170056768
8330,0.001702573848888278,0.03678956255316734,0.0001,1.9615477079933044
8331,0.001767006702721119,0.06528102606534958,0.0001,1.8871927080035675
8332,0.0016811946406960487,0.07212790101766586,0.0001,1.8930744999961462
8333,0.0019396470161154866,0.04294911026954651,0.0001,2.0348119999980554
8334,0.0014715257566422224,0.0363336056470871,0.0001,2.064525040987064
8335,0.0015612983843311667,0.08005990087985992,0.0001,2.018048500001896
8336,0.0019425142090767622,0.03890424221754074,0.0001,1.9484652090031886
8337,0.001936698448844254,0.057513706386089325,0.0001,1.9516421659936896
8338,0.0018166352529078722,0.04796624928712845,0.0001,1.9693792090110946
8339,0.0017913875635713339,0.049196455627679825,0.0001,2.026565666994429
8340,0.0017033870099112391,0.037018295377492905,0.0001,1.962920000005397
8341,0.0018708587158471346,0.052755873650312424,0.0001,1.8921479589916999
8342,0.0017658371943980455,0.07079678028821945,0.0001,1.9581299589917762
8343,0.0016757558332756162,0.05080947279930115,0.0001,2.02577270900656
8344,0.0017455259803682566,0.07394871860742569,0.0001,2.240737000000081
8345,0.0017630731454119086,0.015978317707777023,0.0001,1.9606992499902844
8346,0.0017934496281668544,0.06742007285356522,0.0001,1.9162079579982674
8347,0.001767998212017119,0.047480881214141846,0.0001,2.027907916010008
8348,0.0016062828944996,0.06879397481679916,0.0001,2.0987761249998584
8349,0.001995392143726349,0.041314225643873215,0.0001,1.9623580829938874
8350,0.0016523500671610236,0.07494016736745834,0.0001,1.9430195419990923
8351,0.0017305894289165735,0.06808580458164215,0.0001,2.0168496249971213
8352,0.001479735947214067,0.033392034471035004,0.0001,1.897593458998017
8353,0.0017166375182569027,0.02798464708030224,0.0001,1.961404957997729
8354,0.0018837888492271304,0.053965769708156586,0.0001,2.0246897079923656
8355,0.0018455174285918474,0.0489795096218586,0.0001,1.9076577499945415
8356,0.00192755158059299,0.04787297174334526,0.0001,1.8765558330051135
8357,0.0015331481117755175,0.05720267817378044,0.0001,2.0611552500049584
8358,0.0018182166386395693,0.0828409194946289,0.0001,1.9077478749968577
8359,0.0017599003622308373,0.062022868543863297,0.0001,1.9592468329938129
8360,0.0015881985891610384,0.07165881991386414,0.0001,2.07983004199923
8361,0.0018183067440986633,0.10141307860612869,0.0001,1.871034541996778
8362,0.0018603720236569643,0.08413567394018173,0.0001,1.8968831659876741
8363,0.001706605078652501,0.11799260973930359,0.0001,2.025673916999949
8364,0.0018437390681356192,0.04810439795255661,0.0001,2.121198250009911
8365,0.0019453063141554594,0.05114206299185753,0.0001,1.9847741249977844
8366,0.0016881941119208932,0.06946572661399841,0.0001,1.9458872079994762
8367,0.0015274775214493275,0.11212629824876785,0.0001,1.8771621249907184
8368,0.0019886197987943888,0.06415143609046936,0.0001,2.019647791996249
8369,0.0015597608871757984,0.053882498294115067,0.0001,2.0206385840137955
8370,0.0019437752198427916,0.09581780433654785,0.0001,2.0267802080052206
8371,0.0017405548132956028,0.06433194130659103,0.0001,1.9088008329999866
8372,0.001727279624901712,0.08949451148509979,0.0001,1.9484834159957245
8373,0.001774047501385212,0.04386485368013382,0.0001,1.9260196669929428
8374,0.001399691915139556,0.08221592754125595,0.0001,1.9760286249947967
8375,0.0017107517924159765,0.04018506035208702,0.0001,2.0450082080060383
8376,0.0017407928826287389,0.07687045633792877,0.0001,1.8841251670091879
8377,0.0018810996552929282,0.06185651943087578,0.0001,1.9058843340026215
8378,0.0015875785611569881,0.06443201750516891,0.0001,1.982190750000882
8379,0.0018064472824335098,0.07000580430030823,0.0001,2.0965984579961514
8380,0.001752444775775075,0.10133370012044907,0.0001,2.0215528330008965
8381,0.0017141428543254733,0.060628492385149,0.0001,1.9568346660089446
8382,0.0017216646810993552,0.10266276448965073,0.0001,1.8780489169876091
8383,0.0015736330533400178,0.060579121112823486,0.0001,2.1125389999942854
8384,0.001785274245776236,0.05539599061012268,0.0001,2.163050707997172
8385,0.001750802155584097,0.06478419154882431,0.0001,1.9667365000059363
8386,0.0014401732478290796,0.07327215373516083,0.0001,1.9115033749985741
8387,0.0018292587483301759,0.046510808169841766,0.0001,1.916147790994728
8388,0.0018376590451225638,0.040241140872240067,0.0001,1.9632362499978626
8389,0.001898546819575131,0.04645881429314613,0.0001,2.0351462910039118
8390,0.0016905090305954218,0.05764124169945717,0.0001,2.0963272500084713
8391,0.0018917889101430774,0.025271635502576828,0.0001,1.8949989160028053
8392,0.001731119118630886,0.057569295167922974,0.0001,1.9080067920003785
8393,0.0017007151618599892,0.07121214270591736,0.0001,1.886376875001588
8394,0.0016167573630809784,0.0473114512860775,0.0001,2.006259166999371
8395,0.0018082819879055023,0.06956266611814499,0.0001,1.9675870409992058
8396,0.0014505216386169195,0.05974774435162544,0.0001,1.9947171670064563
8397,0.001880181604065001,0.029129836708307266,0.0001,1.8782476670021424
8398,0.0016210033791139722,0.043985240161418915,0.0001,1.9363613329915097
8399,0.0018057000124827027,0.06522729247808456,0.0001,1.9257827500114217
8400,0.0017405885737389326,0.061369217932224274,0.0001,2.2754650830029277
8401,0.0018704019021242857,0.05662922561168671,0.0001,1.920858124998631
8402,0.0021657305769622326,0.07810166478157043,0.0001,1.9679177079960937
8403,0.0016307263867929578,0.047151755541563034,0.0001,1.8631061249907361
8404,0.001652910141274333,0.08166108280420303,0.0001,2.014732541007106
8405,0.002060604514554143,0.04021730273962021,0.0001,2.092403792004916
8406,0.0017908248119056225,0.07714665681123734,0.0001,1.9272219999984372
8407,0.0018540361197665334,0.049666035920381546,0.0001,1.9063924590009265
8408,0.0019111755536869168,0.047149572521448135,0.0001,1.9723812079901109
8409,0.0017857750644907355,0.07658566534519196,0.0001,1.9400414590054424
8410,0.00199500797316432,0.07240284234285355,0.0001,2.068841166998027
8411,0.0019521021749824286,0.04487794265151024,0.0001,2.000813124992419
8412,0.0017882578540593386,0.07430996745824814,0.0001,1.9329397920082556
8413,0.0018436794634908438,0.08658648282289505,0.0001,1.9183775830024388
8414,0.0017562927678227425,0.08952128142118454,0.0001,1.9873307079978986
8415,0.0014862382085993886,0.07143879681825638,0.0001,1.9490784580120817
8416,0.0017890097806230187,0.11102160066366196,0.0001,2.108705041988287
8417,0.0016488995170220733,0.061583664268255234,0.0001,1.9671723329956876
8418,0.0015736595960333943,0.07393717765808105,0.0001,1.8827062499913154
8419,0.0019323233282193542,0.05529801920056343,0.0001,1.9794702079962008
8420,0.0019221793627366424,0.05149155110120773,0.0001,2.1049712499952875
8421,0.001723276567645371,0.07509961724281311,0.0001,2.160822667006869
8422,0.0014175053220242262,0.04851162061095238,0.0001,1.9054606249992503
8423,0.0018561596516519785,0.08605489134788513,0.0001,1.9397433340054704
8424,0.0017972233472391963,0.07108807563781738,0.0001,1.9041955420107115
8425,0.0018751440802589059,0.03130573406815529,0.0001,2.0897169589879923
8426,0.0017076598014682531,0.056659672409296036,0.0001,1.9770752080075908
8427,0.0016831726534292102,0.07644009590148926,0.0001,1.9391013339918572
8428,0.0017022693064063787,0.051853589713573456,0.0001,1.8891372920043068
8429,0.001890394720248878,0.05332954600453377,0.0001,2.007470791009837
8430,0.0016467218520119786,0.054360274225473404,0.0001,1.9576447089930298
8431,0.001958315260708332,0.054073721170425415,0.0001,2.6950906249985565
8432,0.0017282891785725951,0.06918488442897797,0.0001,1.9013597500015749
8433,0.0016384586924687028,0.06294373422861099,0.0001,2.0486850409943145
8434,0.0017304691718891263,0.03246554359793663,0.0001,2.096915040994645
8435,0.001707737217657268,0.08838632702827454,0.0001,2.4232122079993133
8436,0.001810423331335187,0.04238268733024597,0.0001,1.9769414580077864
8437,0.0018897873815149069,0.05746274068951607,0.0001,1.8983684169943444
8438,0.0016265896847471595,0.03959169611334801,0.0001,1.8977177500055404
8439,0.0016385240014642477,0.06638283282518387,0.0001,1.9797246670059394
8440,0.0015891012735664845,0.05463533475995064,0.0001,1.9633544999960577
8441,0.0016099624335765839,0.04822639375925064,0.0001,2.1624449999944773
8442,0.0014797346666455269,0.07952065765857697,0.0001,1.8716431249922607
8443,0.0016206506406888366,0.06131938472390175,0.0001,2.0349094580014935
8444,0.001736720441840589,0.05588619410991669,0.0001,1.9999785420077387
8445,0.0019156670896336436,0.049725037068128586,0.0001,1.9597571659978712
8446,0.0015618896577507257,0.07105589658021927,0.0001,1.9685641249961918
8447,0.0016473677242174745,0.06997764855623245,0.0001,1.957668333008769
8448,0.001672891085036099,0.08870803564786911,0.0001,1.8891167090041563
8449,0.002150285989046097,0.04270786792039871,0.0001,1.9312822089996189
8450,0.0018681188812479377,0.06733633577823639,0.0001,1.9209469170018565
8451,0.0015393669018521905,0.07152463495731354,0.0001,2.1037302920012735
8452,0.0015965108759701252,0.07325772196054459,0.0001,2.0133823749929434
8453,0.0016462228959426284,0.05337882041931152,0.0001,2.0144526249932824
8454,0.0015921973390504718,0.11875732243061066,0.0001,1.9266504579863977
8455,0.0016601852839812636,0.04653346166014671,0.0001,1.9838214170013089
8456,0.0017195595428347588,0.08969665318727493,0.0001,1.9453748340019956
8457,0.00161795096937567,0.07895870506763458,0.0001,2.0030101660086075
8458,0.001669016433879733,0.06887387484312057,0.0001,1.9052199160068994
8459,0.00149695691652596,0.06998735666275024,0.0001,1.9883326249982929
8460,0.0018006315222010016,0.05659639462828636,0.0001,2.03455587499775
8461,0.001561945304274559,0.08456558734178543,0.0001,1.9737252080085455
8462,0.0014374731108546257,0.055707480758428574,0.0001,2.1036328749905806
8463,0.0016509958077222109,0.0419943742454052,0.0001,1.9436871249927208
8464,0.0015897880075499415,0.0553918220102787,0.0001,1.954484500005492
8465,0.0017825079848989844,0.021051907911896706,0.0001,2.0381722079910105
8466,0.0019109256099909544,0.04812841862440109,0.0001,1.9360145420068875
8467,0.0016561902593821287,0.07704655826091766,0.0001,1.8717459170002257
8468,0.001827508327551186,0.046053364872932434,0.0001,1.8946212919981917
8469,0.0017768271500244737,0.060758382081985474,0.0001,1.863541166007053
8470,0.0015286434208974242,0.07232484966516495,0.0001,1.919158584001707
8471,0.0018057427369058132,0.04696115106344223,0.0001,1.9743960829946445
8472,0.0017540166154503822,0.08229505270719528,0.0001,1.9240270829905057
8473,0.001713117933832109,0.060903288424015045,0.0001,1.9276218339946354
8474,0.0016894317232072353,0.06577490270137787,0.0001,2.007767415998387
8475,0.0015052356757223606,0.05635911598801613,0.0001,1.9806473749922588
8476,0.0016575284535065293,0.05465492978692055,0.0001,1.9566356669965899
8477,0.0017409850843250751,0.08206003159284592,0.0001,1.9144154169916874
8478,0.001637678244151175,0.06892330199480057,0.0001,1.8678970409964677
8479,0.001852934481576085,0.07805006206035614,0.0001,1.9036417919996893
8480,0.001995436381548643,0.07237116247415543,0.0001,1.8998316670040367
8481,0.0017531337216496468,0.06988343596458435,0.0001,2.0697652919916436
8482,0.001777143101207912,0.08800676465034485,0.0001,1.961387041999842
8483,0.0015786379808560014,0.08775599300861359,0.0001,1.874042625000584
8484,0.00192346703261137,0.07082720845937729,0.0001,1.9481946250016335
8485,0.0016672241035848856,0.04723551496863365,0.0001,2.002905291999923
8486,0.0015573257114738226,0.0736129954457283,0.0001,2.0071396669954993
8487,0.0016898775938898325,0.10576634854078293,0.0001,1.9984025419980753
8488,0.0016726218163967133,0.05683028697967529,0.0001,1.8866048750060145
8489,0.0017533573554828763,0.052535444498062134,0.0001,1.9755814590025693
8490,0.0016120695509016514,0.04436236619949341,0.0001,2.0273515000008047
8491,0.0017563144210726023,0.054542943835258484,0.0001,1.947949042005348
8492,0.0016286886529996991,0.06363329291343689,0.0001,1.917770208005095
8493,0.0014969613403081894,0.07137764245271683,0.0001,2.023577749991091
8494,0.0016069887205958366,0.03255193307995796,0.0001,1.9145358329988085
8495,0.0016180388629436493,0.034127384424209595,0.0001,1.8672316659940407
8496,0.0018437723629176617,0.04517659917473793,0.0001,1.9206016669922974
8497,0.001602614764124155,0.03477993234992027,0.0001,1.9661772919935174
8498,0.0015781846595928073,0.05187484622001648,0.0001,1.969218209007522
8499,0.0017817819025367498,0.039102621376514435,0.0001,1.9227394579938846
8500,0.0017316967714577913,0.07326872646808624,0.0001,1.9277709579910152
8501,0.0020545569714158773,0.04336755350232124,0.0001,1.983061374994577
8502,0.0016530518187209964,0.05659717693924904,0.0001,1.909298291997402
8503,0.0015077247517183423,0.06111739203333855,0.0001,1.9798167090048082
8504,0.0019620684906840324,0.049453213810920715,0.0001,1.9459812499990221
8505,0.001814614050090313,0.08166658133268356,0.0001,1.9558055829984369
8506,0.00160092709120363,0.07544265687465668,0.0001,1.8870181249949383
8507,0.0018798279343172908,0.047858115285634995,0.0001,1.8431014999951003
8508,0.0018753489712253213,0.07117956131696701,0.0001,1.991639291998581
8509,0.0017471816390752792,0.05956270545721054,0.0001,1.98819225000625
8510,0.0019663129933178425,0.03987467288970947,0.0001,1.9727307079883758
8511,0.001632759696803987,0.0844249501824379,0.0001,1.9873530000040773
8512,0.0021095904521644115,0.05468082055449486,0.0001,1.9705934999947203
8513,0.0020209879148751497,0.04150388389825821,0.0001,1.9622906250006054
8514,0.001686027622781694,0.037905003875494,0.0001,1.956427666998934
8515,0.0017037703655660152,0.05343121662735939,0.0001,1.9594023340032436
8516,0.0017039228696376085,0.06091504916548729,0.0001,1.952175458005513
8517,0.0019250778714194894,0.05587238445878029,0.0001,1.999061291993712
8518,0.0017707613296806812,0.07821021229028702,0.0001,1.9622571669897297
8519,0.0017554238438606262,0.07141592353582382,0.0001,2.0167948750022333
8520,0.0018230342539027333,0.08697451651096344,0.0001,2.0112660409940872
8521,0.0014602213632315397,0.08058597147464752,0.0001,1.9718388749897713
8522,0.0016588162397965789,0.050155311822891235,0.0001,1.91777450000518
8523,0.0017744092037901282,0.11484581232070923,0.0001,1.8813861669914331
8524,0.0016089963028207421,0.06446781754493713,0.0001,1.8631379580037901
8525,0.0018467014888301492,0.07941500842571259,0.0001,1.9218305420072284
8526,0.00186752004083246,0.06687624007463455,0.0001,1.9636472080019303
8527,0.0016528128180652857,0.05523063614964485,0.0001,1.9330550830054563
8528,0.0018043244490399957,0.09169035404920578,0.0001,1.9391979159991024
8529,0.0015612348215654492,0.07881441712379456,0.0001,1.8644367090018932
8530,0.001788474852219224,0.03986083343625069,0.0001,1.792483541998081
8531,0.0018085462506860495,0.07522321492433548,0.0001,1.9094789999944624
8532,0.0018722874810919166,0.0847332701086998,0.0001,2.078822208000929
8533,0.0018393505597487092,0.07091444730758667,0.0001,2.033840792006231
8534,0.0017599760321900249,0.07620032876729965,0.0001,2.0559367499954533
8535,0.0015793058555573225,0.07534416764974594,0.0001,1.9756172919878736
8536,0.0019046278903260827,0.04318118840456009,0.0001,2.0452792500000214
8537,0.0015454954700544477,0.07624325901269913,0.0001,1.8641997079976136
8538,0.001636568340472877,0.06087493896484375,0.0001,1.8790609999996377
8539,0.0015801461413502693,0.06727749109268188,0.0001,1.9408332919992972
8540,0.0017174819950014353,0.07341676205396652,0.0001,1.9338017080008285
8541,0.0019252008059993386,0.049593884497880936,0.0001,1.9456704589974834
8542,0.0016489253612235188,0.07730408012866974,0.0001,1.9628679170127725
8543,0.0021206482779234648,0.04255492985248566,0.0001,1.8743675000005169
8544,0.0015788129530847073,0.07538501173257828,0.0001,1.9092741670028772
8545,0.0019177594222128391,0.09893740713596344,0.0001,1.9370062910020351
8546,0.0019118511117994785,0.09618887305259705,0.0001,2.0073021670104936
8547,0.0016924816882237792,0.06819378584623337,0.0001,1.952649917002418
8548,0.0017961664125323296,0.07814665883779526,0.0001,1.8777294999890728
8549,0.0018669390119612217,0.09243372082710266,0.0001,1.9768703750014538
8550,0.0018177879974246025,0.07449322193861008,0.0001,2.224988834001124
8551,0.0019046275410801172,0.06910046935081482,0.0001,2.0113299590011593
8552,0.0017173803644254804,0.07177174836397171,0.0001,1.9111876670067431
8553,0.0015750097809359431,0.06833666563034058,0.0001,1.913184499993804
8554,0.0016844449564814568,0.06423906981945038,0.0001,1.8643001669988735
8555,0.001408498384989798,0.09485356509685516,0.0001,1.9078241670067655
8556,0.0016843386692926288,0.07286790758371353,0.0001,2.034540583001217
8557,0.0014928834279999137,0.09700462967157364,0.0001,1.9191684580000583
8558,0.0017083109123632312,0.05864090099930763,0.0001,1.8785167500027455
8559,0.0018198771867901087,0.05151906982064247,0.0001,1.9422101249947445
8560,0.0017732565756887197,0.04305892810225487,0.0001,1.8947440829942934
8561,0.0016116929473355412,0.07419765740633011,0.0001,1.9581725000025472
8562,0.001842361525632441,0.015928760170936584,0.0001,2.0098715830099536
8563,0.001990084070712328,0.10599976778030396,0.0001,1.886419417001889
8564,0.001568928943015635,0.04337972030043602,0.0001,1.8570057080069091
8565,0.0018345705466344953,0.05423615500330925,0.0001,1.8778308749897406
8566,0.0016481158090755343,0.039730820804834366,0.0001,2.0500457499874756
8567,0.0016430465038865805,0.09549710154533386,0.0001,1.9232684159942437
8568,0.0018828182946890593,0.046909403055906296,0.0001,1.8939620830060448
8569,0.0017753347055986524,0.058386631309986115,0.0001,1.874516040988965
8570,0.0017848860006779432,0.05741873383522034,0.0001,1.9223431249993155
8571,0.0016486329259350896,0.05090131610631943,0.0001,2.0705904999922495
8572,0.0015980807365849614,0.0932583436369896,0.0001,2.0048867919977056
8573,0.0016913431463763118,0.037059489637613297,0.0001,1.9356027500034543
8574,0.0016963385278359056,0.059066712856292725,0.0001,1.8642410000029486
8575,0.0017874016193673015,0.07212980091571808,0.0001,1.8591336670069722
8576,0.0018341870745643973,0.06771354377269745,0.0001,1.9204940409981646
8577,0.0017038255464285612,0.062121741473674774,0.0001,1.918215624988079
8578,0.0017789724515751004,0.0438353456556797,0.0001,1.9668229579983745
8579,0.0015452103689312935,0.07748467475175858,0.0001,1.8694195419957396
8580,0.0017464293632656336,0.0638372004032135,0.0001,1.928636209006072
8581,0.00187153450679034,0.06679174304008484,0.0001,1.9714169999933802
8582,0.0016365720657631755,0.08292800188064575,0.0001,1.9649777919985354
8583,0.0017990036867558956,0.0362815298140049,0.0001,1.9909195000072941
8584,0.0017003483371809125,0.08414801955223083,0.0001,1.9986977920052595
8585,0.001769416150636971,0.06932038813829422,0.0001,1.8843504170072265
8586,0.002057942096143961,0.08618481457233429,0.0001,1.9121198329958133
8587,0.0015713523607701063,0.05807342007756233,0.0001,1.9350009159970796
8588,0.0016093736048787832,0.04944135248661041,0.0001,1.927947917007259
8589,0.00166000344324857,0.09123045206069946,0.0001,1.8901487499970244
8590,0.0019448200473561883,0.09468527883291245,0.0001,1.8788404170045396
8591,0.0018431199714541435,0.09516464173793793,0.0001,1.9447119999967981
8592,0.0018536174902692437,0.06359750032424927,0.0001,2.0436973749892786
8593,0.0017404751852154732,0.06880126148462296,0.0001,1.9290504579985281
8594,0.001653223647736013,0.08811713755130768,0.0001,1.9077942500007339
8595,0.0018381481058895588,0.07940646260976791,0.0001,1.8871569170005387
8596,0.002078005112707615,0.08516020327806473,0.0001,1.8617657080030767
8597,0.0016911824932321906,0.07217679917812347,0.0001,1.9346982089919038
8598,0.0018797508673742414,0.05155298113822937,0.0001,1.9324239999987185
8599,0.0017250344390049577,0.0989454984664917,0.0001,1.9746899999881862
8600,0.0018539235461503267,0.07964146137237549,0.0001,1.9309653339878423
8601,0.0015693726018071175,0.12251945585012436,0.0001,1.8736933339969255
8602,0.0015060397563502192,0.06914014369249344,0.0001,1.9830423329985933
8603,0.0018110850360244513,0.07624047249555588,0.0001,2.043797916994663
8604,0.002094148425385356,0.06834079325199127,0.0001,1.9393159159953939
8605,0.00179297907743603,0.055955372750759125,0.0001,1.893048958008876
8606,0.001529453438706696,0.07059086859226227,0.0001,1.8618020830035675
8607,0.0018506182823330164,0.08649653941392899,0.0001,1.939241290994687
8608,0.0019302486907690763,0.06456475704908371,0.0001,2.1085621249949327
8609,0.0019422925543040037,0.04278002679347992,0.0001,1.9568935420102207
8610,0.0018936429405584931,0.03669537976384163,0.0001,1.8672078329982469
8611,0.001573893241584301,0.09430322796106339,0.0001,1.8565676250000251
8612,0.0016362207243219018,0.08375895023345947,0.0001,1.8830555839958834
8613,0.0016009184764698148,0.0678909569978714,0.0001,2.0209680830012076
8614,0.0014616064727306366,0.0681903138756752,0.0001,2.0112007909920067
8615,0.0016901340568438172,0.10317745804786682,0.0001,1.890582916996209
8616,0.0020187858026474714,0.059955719858407974,0.0001,1.8563977500016335
8617,0.0017147812759503722,0.09601902961730957,0.0001,1.879292749988963
8618,0.00161214719992131,0.08673162758350372,0.0001,1.9505385419906816
8619,0.001973708625882864,0.06309843063354492,0.0001,2.061649416005821
8620,0.0017891208408400416,0.11147569864988327,0.0001,1.89837599999737
8621,0.0018263532547280192,0.07072737067937851,0.0001,1.9539787499961676
8622,0.0016518848715350032,0.06499652564525604,0.0001,2.1050972910015844
8623,0.0019232751801609993,0.09124255925416946,0.0001,1.9512733750016196
8624,0.0018064212054014206,0.08331727981567383,0.0001,1.9846802079991903
8625,0.0018903203308582306,0.0822853371500969,0.0001,1.933889583000564
8626,0.0016791721573099494,0.08885020017623901,0.0001,1.9350156250002328
8627,0.001604591147042811,0.047893375158309937,0.0001,1.8689650419983082
8628,0.0016097549814730883,0.08980153501033783,0.0001,1.9338660829962464
8629,0.0016007545636966825,0.07618344575166702,0.0001,1.922401040996192
8630,0.0018367223674431443,0.05421459302306175,0.0001,1.9222762499994133
8631,0.0018790909089148045,0.08594918251037598,0.0001,1.859249290995649
8632,0.0017267202492803335,0.040847454220056534,0.0001,1.8962804999900982
8633,0.001694803941063583,0.10097374022006989,0.0001,1.8888350839988561
8634,0.0015621292404830456,0.060249295085668564,0.0001,2.0136732919927454
8635,0.0018070080550387502,0.06166898459196091,0.0001,1.940104416993563
8636,0.0015640869969502091,0.09966932982206345,0.0001,1.9463087920012185
8637,0.0015471596270799637,0.03185684233903885,0.0001,1.8578248330013594
8638,0.0016185027780011296,0.08860360085964203,0.0001,1.8786056249955436
8639,0.001333158928900957,0.0548015758395195,0.0001,1.9913267910014838
8640,0.0017538419924676418,0.07618328928947449,0.0001,1.9574597920000087
8641,0.001731771044433117,0.09037052094936371,0.0001,1.8803135839989409
8642,0.0017275084974244237,0.06758859008550644,0.0001,1.8739518330112332
8643,0.0015906757907941937,0.06783650070428848,0.0001,1.8557591250137193
8644,0.0018804518040269613,0.08290709555149078,0.0001,2.0001224159932462
8645,0.0015289569273591042,0.06663504987955093,0.0001,1.9401118750101887
8646,0.001653225626796484,0.10409513115882874,0.0001,2.036639333004132
8647,0.0017709324602037668,0.05594949051737785,0.0001,1.9472527920006542
8648,0.0015771806938573718,0.07883259654045105,0.0001,1.8557572919962695
8649,0.001702725887298584,0.08500399440526962,0.0001,1.9382524169923272
8650,0.0017154893139377236,0.033665452152490616,0.0001,1.9226471669971943
8651,0.0016815346898511052,0.07627175003290176,0.0001,1.9319634580024285
8652,0.001978828338906169,0.08530201762914658,0.0001,1.8574129579938017
8653,0.0017187761841341853,0.0783991888165474,0.0001,1.920627332990989
8654,0.0017467645229771733,0.07932501286268234,0.0001,1.9207878330053063
8655,0.0018441181164234877,0.0797789916396141,0.0001,1.9454644590005046
8656,0.0015289569273591042,0.08870169520378113,0.0001,1.9416830420086626
8657,0.0017825460527092218,0.08881562948226929,0.0001,1.8637760840065312
8658,0.0016904455842450261,0.10148074477910995,0.0001,1.8725854170043021
8659,0.0018246204126626253,0.0438750721514225,0.0001,1.876056041000993
8660,0.001736305421218276,0.08741490542888641,0.0001,1.9191207910043886
8661,0.001577678369358182,0.08194214850664139,0.0001,1.9281960409862222
8662,0.0015311995521187782,0.06384328752756119,0.0001,1.8963120420085033
8663,0.0016458308091387153,0.08518554270267487,0.0001,1.8770239590085112
8664,0.0017969001783058047,0.06969631463289261,0.0001,1.9253575000038836
8665,0.0017797098262235522,0.07163051515817642,0.0001,1.9340123329893686
8666,0.001711333286948502,0.08148624747991562,0.0001,1.9200338750088122
8667,0.0018099017906934023,0.06075005605816841,0.0001,1.9029972499993164
8668,0.0020534570794552565,0.07268009334802628,0.0001,1.876321249990724
8669,0.0016125589609146118,0.10696353763341904,0.0001,1.8521096670010593
8670,0.001633594511076808,0.06144927814602852,0.0001,1.9024807499954477
8671,0.0019343685125932097,0.09238193184137344,0.0001,1.9561971660004929
8672,0.0017181482398882508,0.08238986879587173,0.0001,2.0114456669980427
8673,0.0018134660786017776,0.05826620012521744,0.0001,1.8484728339972207
8674,0.0022100640926510096,0.06631495803594589,0.0001,1.8536906249937601
8675,0.0019214421045035124,0.06376565247774124,0.0001,1.8951292080018902
8676,0.001638171961531043,0.05908331647515297,0.0001,1.923617334003211
8677,0.0017204098403453827,0.08588885515928268,0.0001,1.927895291999448
8678,0.0016464140499010682,0.08849058300256729,0.0001,1.8698663329996634
8679,0.0019470375264063478,0.06170929595828056,0.0001,1.85598266699526
8680,0.0016476619057357311,0.06912931054830551,0.0001,1.850419166003121
8681,0.0016045162919908762,0.03570191562175751,0.0001,1.9355246670020279
8682,0.0016711457865312696,0.10249760001897812,0.0001,1.9150693330011563
8683,0.0018458133563399315,0.0347420796751976,0.0001,1.9080454590002773
8684,0.0016228952445089817,0.061988718807697296,0.0001,1.8646723330020905
8685,0.0015821775887161493,0.054889123886823654,0.0001,1.8496232089964906
8686,0.0016525943065062165,0.05383801832795143,0.0001,2.0541929580067517
8687,0.0018685893155634403,0.06273594498634338,0.0001,1.9227532090008026
8688,0.0015239749336615205,0.05650644749403,0.0001,1.9305662090046098
8689,0.0018161915941163898,0.054470136761665344,0.0001,1.8691807499999413
8690,0.0015509054064750671,0.07183665782213211,0.0001,1.8497719580045668
8691,0.001956978114321828,0.05492235720157623,0.0001,1.8916955000022426
8692,0.0015177245950326324,0.07253707200288773,0.0001,1.911032999996678
8693,0.0019101292127743363,0.03362954780459404,0.0001,1.9267196250002598
8694,0.0016855596331879497,0.06825456768274307,0.0001,1.8672407499980181
8695,0.0017321854829788208,0.06145022436976433,0.0001,1.8608202909963438
8696,0.001357898348942399,0.07606568932533264,0.0001,1.8643189580034232
8697,0.0016611661994829774,0.058269623667001724,0.0001,1.927572250002413
8698,0.0018571227556094527,0.07808137685060501,0.0001,1.9228608340054052
8699,0.0016556951450183988,0.10052371025085449,0.0001,1.9702012500056298
8700,0.0020879278890788555,0.04145088046789169,0.0001,1.8603115420119138
8701,0.0018359856912866235,0.06938664615154266,0.0001,1.8633146249921992
8702,0.0017954178620129824,0.05522823706269264,0.0001,1.9006387080007698
8703,0.0018916615517809987,0.05389123409986496,0.0001,2.0305856250051875
8704,0.0019981993827968836,0.06718253344297409,0.0001,1.8944740000006277
8705,0.0017285010544583201,0.06642315536737442,0.0001,1.8531785419909284
8706,0.0018383839633315802,0.04118150472640991,0.0001,1.8601348329975735
8707,0.0018777312943711877,0.0690426379442215,0.0001,1.905503582995152
8708,0.001721363514661789,0.08686088770627975,0.0001,1.9107619999995222
8709,0.0017864432884380221,0.08255911618471146,0.0001,1.916918666989659
8710,0.0017573385266587138,0.0806734710931778,0.0001,1.8669183330057422
8711,0.0017579583218321204,0.03821456804871559,0.0001,1.856068833003519
8712,0.001563350553624332,0.06274555623531342,0.0001,1.8714513749873731
8713,0.001918286201544106,0.07225772738456726,0.0001,1.936375292003504
8714,0.0017479510279372334,0.08737622946500778,0.0001,1.9223440000059782
8715,0.0017702875193208456,0.05902853608131409,0.0001,1.8792098330013687
8716,0.002008417621254921,0.04915776476264,0.0001,1.8360719170013908
8717,0.0016230382025241852,0.06333766877651215,0.0001,1.8746460830006981
8718,0.0017221377929672599,0.04942593723535538,0.0001,1.9046105830057058
8719,0.0018745535053312778,0.10396725684404373,0.0001,1.9139451249939157
8720,0.001630628015846014,0.07285121828317642,0.0001,1.9029050829994958
8721,0.0018267219420522451,0.037594929337501526,0.0001,1.8601037499902304
8722,0.001575191505253315,0.06932689994573593,0.0001,1.8920184590097051
8723,0.0013653321657329798,0.087127186357975,0.0001,1.8906582089985022
8724,0.0014515704242512584,0.07437510788440704,0.0001,1.9253837909927825
8725,0.0018250024877488613,0.08096358925104141,0.0001,1.9082748749933671
8726,0.0016785949701443315,0.0695195272564888,0.0001,1.8700531250069616
8727,0.0016479343175888062,0.03666794300079346,0.0001,1.8755796670011478
8728,0.0018464347813278437,0.08599144965410233,0.0001,1.887082458997611
8729,0.0014144571032375097,0.10348343104124069,0.0001,1.916986750002252
8730,0.001784375635907054,0.07492201775312424,0.0001,1.9274274589988636
8731,0.0017799253109842539,0.08464375883340836,0.0001,1.8863799160026247
8732,0.0017353357980027795,0.06977521628141403,0.0001,1.835365125007229
8733,0.0018155673751607537,0.06362974643707275,0.0001,1.865993792001973
8734,0.001608105842024088,0.10297355055809021,0.0001,1.9174190829944564
8735,0.0018311779713258147,0.06797520071268082,0.0001,2.004372166993562
8736,0.0018828428583219647,0.07130074501037598,0.0001,1.9189536670019152
8737,0.0017610040958970785,0.07162077724933624,0.0001,1.8478346659976523
8738,0.001769981812685728,0.049369849264621735,0.0001,1.9116256250126753
8739,0.0016559141222387552,0.06605879962444305,0.0001,1.8844019579992164
8740,0.0017963721184059978,0.07915420085191727,0.0001,1.907556083999225
8741,0.001491368981078267,0.06652963161468506,0.0001,1.9224188750085887
8742,0.0016522352816537023,0.11219184845685959,0.0001,1.8597632499877363
8743,0.0016808273503556848,0.042123451828956604,0.0001,1.846706666998216
8744,0.001705551752820611,0.08668097108602524,0.0001,1.8659024579974357
8745,0.0017348560504615307,0.05807270109653473,0.0001,1.923254833003739
8746,0.001723068067803979,0.05989118292927742,0.0001,1.918381124996813
8747,0.0017632897943258286,0.08558869361877441,0.0001,1.8716812089987798
8748,0.0017181509174406528,0.06056588143110275,0.0001,1.8642731250001816
8749,0.0018618147587403655,0.0746488943696022,0.0001,1.8648037079983624
8750,0.0017756664892658591,0.03886174410581589,0.0001,1.9121998329937924
8751,0.00176934280898422,0.09914807975292206,0.0001,1.9168365000077756
8752,0.001747630420140922,0.04396829754114151,0.0001,1.9140272920049028
8753,0.0017804167000576854,0.09388169646263123,0.0001,1.8435677500092424
8754,0.0015281625092029572,0.043413590639829636,0.0001,1.8457935000042198
8755,0.0015312312170863152,0.07531219720840454,0.0001,1.9038589169940678
8756,0.001779245212674141,0.07474865764379501,0.0001,1.927396208004211
8757,0.0014673348050564528,0.07304494082927704,0.0001,1.9919305000075838
8758,0.0020575153175741434,0.08789172768592834,0.0001,1.8579235840006731
8759,0.001691784244030714,0.05135297402739525,0.0001,1.8455450420005945
8760,0.0018699683714658022,0.0913345143198967,0.0001,1.886264749991824
8761,0.001823359401896596,0.05429612845182419,0.0001,1.9154235000023618
8762,0.0016057997709140182,0.08954887092113495,0.0001,1.9260208750056336
8763,0.0018271513981744647,0.07831093668937683,0.0001,1.8938176670053508
8764,0.0016286909813061357,0.05664053559303284,0.0001,1.8420057500043185
8765,0.0016920770285651088,0.06742501258850098,0.0001,1.8595099590020254
8766,0.001845873543061316,0.054120875895023346,0.0001,2.0102427910023835
8767,0.0018865863094106317,0.05964662507176399,0.0001,2.352961333002895
8768,0.002057071775197983,0.04549716040492058,0.0001,1.93291170799057
8769,0.0017256876453757286,0.04120811074972153,0.0001,1.9037900419934886
8770,0.0018624530639499426,0.025756753981113434,0.0001,1.8622197910008254
8771,0.001318817725405097,0.06227816641330719,0.0001,1.9385046670067823
8772,0.0018243100494146347,0.03999007120728493,0.0001,1.9351702080020914
8773,0.0017841369844973087,0.04824069142341614,0.0001,1.9048996250057826
8774,0.0020529702305793762,0.04230283200740814,0.0001,1.8408041250077076
8775,0.0016696830280125141,0.03426271677017212,0.0001,1.857157249993179
8776,0.001629710546694696,0.04558044299483299,0.0001,1.9651894999988144
8777,0.0016775894910097122,0.051171544939279556,0.0001,1.9176110830012476
8778,0.0018276739865541458,0.034052927047014236,0.0001,1.9969671669969102
8779,0.0015463106101378798,0.031903717666864395,0.0001,1.9035572910070186
8780,0.001755456323735416,0.05725487694144249,0.0001,1.9103082079964224
8781,0.0017508117016404867,0.03583960980176926,0.0001,1.8994391249871114
8782,0.0018623818177729845,0.035206787288188934,0.0001,1.9214191249920987
8783,0.0018568345112726092,0.03135859966278076,0.0001,1.9361497499921825
8784,0.0018176180310547352,0.045769691467285156,0.0001,1.8824006669892697
8785,0.0018300736555829644,0.03355896845459938,0.0001,1.851825582998572
8786,0.0018027137266471982,0.047807566821575165,0.0001,1.8572544999915408
8787,0.0016160053201019764,0.04734594002366066,0.0001,2.0118379589985125
8788,0.0016332552768290043,0.029839854687452316,0.0001,2.109525542007759
8789,0.0013105947291478515,0.030715525150299072,0.0001,1.9076012910081772
8790,0.0016772865783423185,0.027139345183968544,0.0001,1.7755297920084558
8791,0.0016283008735626936,0.04098612070083618,0.0001,1.7779747909953585
8792,0.0017329576658084989,0.0280879195779562,0.0001,1.7784988750063349
8793,0.0018090717494487762,0.03610276058316231,0.0001,1.7617899580072844
8794,0.0016754040261730552,0.03783014044165611,0.0001,1.8413127079984406
8795,0.0017586182802915573,0.034046124666929245,0.0001,1.9489512080035638
8796,0.001663286006078124,0.038494739681482315,0.0001,1.7482384169998113
8797,0.0018050562357529998,0.004237741697579622,0.0001,2.0594757919898257
8798,0.001931761740706861,0.044717878103256226,0.0001,1.9718299160012975
8799,0.0017470379825681448,0.029135387390851974,0.0001,1.9331087080063298
8800,0.0018742631655186415,0.023220887407660484,0.0001,1.7973875000025146
8801,0.0015883279265835881,0.05276767164468765,0.0001,1.7982250420027412
8802,0.0017884836997836828,0.0385296531021595,0.0001,1.856298208993394
8803,0.0017847110284492373,0.04433831200003624,0.0001,1.8446863749995828
8804,0.0018340138485655189,0.06364648044109344,0.0001,1.84062154199637
8805,0.0016822908073663712,0.0438375286757946,0.0001,1.8190687080059433
8806,0.0017288372619077563,0.046299077570438385,0.0001,1.8110006670030998
8807,0.001536371186375618,0.059292033314704895,0.0001,1.7894791669968981
8808,0.0017610207432880998,0.05309303104877472,0.0001,1.824649625006714
8809,0.001799663295969367,0.07941272854804993,0.0001,2.1588151659962023
8810,0.0016517776530236006,0.05612466111779213,0.0001,1.9416746249917196
8811,0.001510153291746974,0.08152521401643753,0.0001,2.1232097079919185
8812,0.0015888635534793139,0.07453743368387222,0.0001,2.2726071670040255
8813,0.0020293116103857756,0.053955353796482086,0.0001,2.2207551669998793
8814,0.0016451666597276926,0.10175684094429016,0.0001,2.3426122500095516
8815,0.0019065304659307003,0.05645294487476349,0.0001,2.1251287079940084
8816,0.0017674576956778765,0.06642206758260727,0.0001,1.9860557500069262
8817,0.001784867374226451,0.0816575363278389,0.0001,2.2726958340062993
8818,0.0016119579086080194,0.0647573471069336,0.0001,2.4645861250028247
8819,0.0020072583574801683,0.044026438146829605,0.0001,1.8269092090049526
8820,0.0016809871885925531,0.05727538838982582,0.0001,1.8047872500028461
8821,0.0016661067493259907,0.07708969712257385,0.0001,1.8947221670096042
8822,0.0017573644872754812,0.04692455381155014,0.0001,1.8610362920007901
8823,0.0017728786915540695,0.06239386647939682,0.0001,1.8959236670052633
8824,0.001590769155882299,0.06477558612823486,0.0001,1.9124588330014376
8825,0.0018778768135234714,0.02257116697728634,0.0001,2.083340541998041
8826,0.001818058779463172,0.06028258427977562,0.0001,1.8298923330003163
8827,0.0018117702566087246,0.04988124966621399,0.0001,1.8332716250006342
8828,0.0017905676504597068,0.0342656672000885,0.0001,1.9236422090034466
8829,0.0016275683883577585,0.09575621038675308,0.0001,1.8796454590046778
8830,0.0017313065472990274,0.06056452542543411,0.0001,1.838043125011609
8831,0.0015391077613458037,0.05002283677458763,0.0001,1.8262109589995816
8832,0.0018555810675024986,0.06733271479606628,0.0001,1.8010223329911241
8833,0.0020253448747098446,0.06249552592635155,0.0001,1.9050514999980805
8834,0.001808898407034576,0.06667208671569824,0.0001,1.9066607079876121
8835,0.002000602427870035,0.07060066610574722,0.0001,1.9571710409945808
8836,0.0018669241108000278,0.06949438154697418,0.0001,1.801783124989015
8837,0.0018923961324617267,0.0473012700676918,0.0001,1.8218556670035468
8838,0.001904609496705234,0.06802482903003693,0.0001,1.8635162089922233
8839,0.0016236043302342296,0.06082054227590561,0.0001,1.9074830419995124
8840,0.0017006699927151203,0.04684498533606529,0.0001,1.902727833003155
8841,0.0014474004274234176,0.07181298732757568,0.0001,1.8126513330062153
8842,0.0014635809930041432,0.11622299998998642,0.0001,1.802707000009832
8843,0.0017402756493538618,0.049678727984428406,0.0001,2.2690782499994384
8844,0.0015463447198271751,0.12206746637821198,0.0001,2.550100749998819
8845,0.0018057585693895817,0.09280510246753693,0.0001,1.9056961669994052
8846,0.0017642872408032417,0.07132873684167862,0.0001,1.8370999170001596
8847,0.0019941339269280434,0.08047672361135483,0.0001,1.8272146669914946
8848,0.0014820139622315764,0.09506402164697647,0.0001,1.8300621249945834
8849,0.0019546442199498415,0.037028729915618896,0.0001,1.8914998750115046
8850,0.0014889606973156333,0.062259115278720856,0.0001,1.8708007500099484
8851,0.0017002698732540011,0.10133171081542969,0.0001,1.8686489579995396
8852,0.0018955282866954803,0.05474989861249924,0.0001,1.8789404589915648
8853,0.0015608415706083179,0.04165666177868843,0.0001,1.8309647499991115
8854,0.0018845729064196348,0.05784127861261368,0.0001,1.8478955409955233
8855,0.0016730171628296375,0.07527783513069153,0.0001,1.8931018750008661
8856,0.0016913943691179156,0.05599208176136017,0.0001,1.8768208749970654
8857,0.0017011158633977175,0.08887538313865662,0.0001,1.82482154200261
8858,0.001681207912042737,0.07397385686635971,0.0001,1.8069960830034688
8859,0.0016545417020097375,0.06405110657215118,0.0001,2.008948499991675
8860,0.0017265921924263239,0.07345433533191681,0.0001,1.919697666002321
8861,0.0019064911175519228,0.06798675656318665,0.0001,1.8701247080025496
8862,0.0019366815686225891,0.06256742030382156,0.0001,1.8581389169994509
8863,0.0014379082713276148,0.10833007842302322,0.0001,1.825278916003299
8864,0.0018497246783226728,0.0434781052172184,0.0001,1.8131877089908812
8865,0.0016964629758149385,0.07654031366109848,0.0001,1.9721321670076577
8866,0.0019016820006072521,0.04618857800960541,0.0001,1.8924786249990575
8867,0.0017826982075348496,0.04561474919319153,0.0001,1.9179558330069995
8868,0.0019368932116776705,0.08776118606328964,0.0001,1.8589119590033079
8869,0.0014825563412159681,0.04087889939546585,0.0001,1.808100292008021
8870,0.0017839554930105805,0.060836270451545715,0.0001,1.841803750008694
8871,0.0017915831413120031,0.0717824324965477,0.0001,1.8621727080026176
8872,0.0016733992379158735,0.05228457972407341,0.0001,1.8512851249979576
8873,0.0019025972578674555,0.08068686723709106,0.0001,1.8344410419958876
8874,0.0015387746971100569,0.03311990946531296,0.0001,1.8121819160005543
8875,0.0016997444909065962,0.07536926120519638,0.0001,1.827361582996673
8876,0.0016673830104991794,0.07708955556154251,0.0001,1.8775295000086771
8877,0.0015883761225268245,0.09615662693977356,0.0001,1.8762195830058772
8878,0.0016866088844835758,0.052250321954488754,0.0001,1.8795043329882901
8879,0.0017172475345432758,0.04008813574910164,0.0001,1.8159465000062482
8880,0.0017731337575241923,0.04151064530014992,0.0001,1.7989058750099503
8881,0.0015391247579827905,0.05075211450457573,0.0001,1.8509634589863708
8882,0.0016042189672589302,0.08635634183883667,0.0001,1.8585832079988904
8883,0.0018211480928584933,0.08923862874507904,0.0001,1.8748970000015106
8884,0.0017567676259204745,0.08081505447626114,0.0001,1.8230867090023821
8885,0.0017112601781263947,0.06530269980430603,0.0001,1.8123002499924041
8886,0.0017404912505298853,0.04825703427195549,0.0001,1.8170572920062114
8887,0.0017376968171447515,0.06306800991296768,0.0001,1.861464415997034
8888,0.001562570920214057,0.06750637292861938,0.0001,1.9582800420030253
8889,0.0017985268495976925,0.06690456718206406,0.0001,1.8241839580005035
8890,0.0014384553069248796,0.0666615292429924,0.0001,2.0077107079996495
8891,0.001624635304324329,0.06159771978855133,0.0001,1.8489220839983318
8892,0.0018084837356582284,0.05495429039001465,0.0001,1.8767560410051374
8893,0.0017436007037758827,0.07753853499889374,0.0001,1.8661444169993047
8894,0.0016766139306128025,0.04917794466018677,0.0001,1.8644796250009676
8895,0.001737550599500537,0.07562333345413208,0.0001,1.816381625001668
8896,0.002044074470177293,0.03665372356772423,0.0001,1.8030288750014734
8897,0.00185866910032928,0.036508575081825256,0.0001,1.844299874996068
8898,0.0017896632198244333,0.05667993798851967,0.0001,1.9113042920071166
8899,0.0017660282319411635,0.03672520071268082,0.0001,1.9180430839915061
8900,0.0016864052740857005,0.06491111218929291,0.0001,1.8387356250023004
8901,0.0019547478295862675,0.03737955540418625,0.0001,1.901501415995881
8902,0.0020484263077378273,0.0420953705906868,0.0001,1.8382488749921322
8903,0.001781642553396523,0.03979985788464546,0.0001,1.87830587499775
8904,0.001741791726090014,0.04875023663043976,0.0001,1.8582823750039097
8905,0.0018653522711247206,0.055139001458883286,0.0001,1.8544253330037463
8906,0.0016435851575806737,0.059364259243011475,0.0001,1.814427874996909
8907,0.0017638144781813025,0.06003100797533989,0.0001,1.8228713749995222
8908,0.0016427362570539117,0.0864063948392868,0.0001,1.8675794169976143
8909,0.001775986747816205,0.030201682820916176,0.0001,1.8623396250040969
8910,0.0017130307387560606,0.12790559232234955,0.0001,1.8624465839966433
8911,0.001949522877112031,0.04021022841334343,0.0001,1.8211125829984667
8912,0.0017922675469890237,0.0709819346666336,0.0001,1.796625041999505
8913,0.0016499417833983898,0.0792088732123375,0.0001,1.8445127089944435
8914,0.0016221015248447657,0.04772074148058891,0.0001,1.8606034999975236
8915,0.0016891647828742862,0.07509174942970276,0.0001,1.8735235829954036
8916,0.0018097828142344952,0.04775971174240112,0.0001,1.8716778749949299
8917,0.0017102549318224192,0.04313330724835396,0.0001,1.8120612079947023
8918,0.0017240665620192885,0.10199694335460663,0.0001,1.8038444999983767
8919,0.0015943014295771718,0.07439912855625153,0.0001,1.8359325419878587
8920,0.0018295198678970337,0.06463971734046936,0.0001,1.8745699999999488
8921,0.0020063796546310186,0.08616631478071213,0.0001,1.8665424169885227
8922,0.0016158795915544033,0.0701071172952652,0.0001,1.8413232500024606
8923,0.001645630574785173,0.08182498812675476,0.0001,1.827909500003443
8924,0.0018379793036729097,0.036338500678539276,0.0001,1.8385664170054952
8925,0.0019170857267454267,0.03605291247367859,0.0001,2.2340402499976335
8926,0.0018408786272630095,0.06784529238939285,0.0001,1.9009401670045918
8927,0.0015189052792266011,0.064023457467556,0.0001,1.8335999590053689
8928,0.0016987165436148643,0.05712701752781868,0.0001,1.8053690830129199
8929,0.001688572927378118,0.07973138988018036,0.0001,1.7965733329911018
8930,0.001746727037243545,0.03012583777308464,0.0001,1.8880665000033332
8931,0.0014832523884251714,0.08178452402353287,0.0001,1.8589192919898778
8932,0.0016157189384102821,0.071835957467556,0.0001,1.8603416249970905
8933,0.0017525830771774054,0.04309440776705742,0.0001,1.8170891670015408
8934,0.0016614898340776563,0.07601797580718994,0.0001,1.852519125008257
8935,0.0016928347758948803,0.03503156453371048,0.0001,1.8421152500086464
8936,0.001560665899887681,0.10096927732229233,0.0001,2.0132569999987027
8937,0.001675571664236486,0.06210261583328247,0.0001,1.9349024160037516
8938,0.00175993493758142,0.0536302849650383,0.0001,1.9166487500042422
8939,0.0017850679578259587,0.0651782676577568,0.0001,1.8093438329960918
8940,0.0017155400710180402,0.049550365656614304,0.0001,1.8015416249982081
8941,0.002058501821011305,0.05336098372936249,0.0001,1.884778459003428
8942,0.0016815729904919863,0.1179337203502655,0.0001,2.0118034170009196
8943,0.0017455099150538445,0.057638172060251236,0.0001,1.8544555840053363
8944,0.0018143667839467525,0.09621623903512955,0.0001,1.795937832997879
8945,0.001985612791031599,0.06936126947402954,0.0001,1.8056922079995275
8946,0.0017793264705687761,0.055591411888599396,0.0001,1.8405276670091553
8947,0.0018007351318374276,0.09134230017662048,0.0001,1.8602451250044396
8948,0.0015576418954879045,0.12172631919384003,0.0001,1.8595759159943555
8949,0.0016778974095359445,0.0780673697590828,0.0001,1.8188489169988316
8950,0.0018962258473038673,0.07565247267484665,0.0001,1.807229375001043
8951,0.0017769632395356894,0.06442127376794815,0.0001,1.8122273330081953
8952,0.0016098559135571122,0.08696078509092331,0.0001,1.9348809169896413
8953,0.0017209482612088323,0.11633197963237762,0.0001,1.8630929170030868
8954,0.0019200313836336136,0.06888102740049362,0.0001,1.8562570000067353
8955,0.001675448496825993,0.0849689170718193,0.0001,1.7951674999931129
8956,0.0015647003892809153,0.06241937726736069,0.0001,1.8162579579948215
8957,0.001791532849892974,0.07244608551263809,0.0001,1.86140737500682
8958,0.0015555268619209528,0.10658133029937744,0.0001,1.845219167007599
8959,0.0017168966587632895,0.04454737529158592,0.0001,1.9111847909953212
8960,0.0017658146098256111,0.055317945778369904,0.0001,1.805741708012647
8961,0.001669730874709785,0.07432691752910614,0.0001,1.8867800420121057
8962,0.0017716798465698957,0.05928327143192291,0.0001,1.829594790993724
8963,0.0017326896777376533,0.05348524451255798,0.0001,1.8833085829974152
8964,0.0016742399893701077,0.03855814412236214,0.0001,1.8636496669932967
8965,0.0020731501281261444,0.043481841683387756,0.0001,1.8564109159924556
8966,0.001600618939846754,0.06673251837491989,0.0001,1.817364834001637
8967,0.0016093228477984667,0.0677831768989563,0.0001,1.8015454999986105
8968,0.0017411779845133424,0.04244304075837135,0.0001,1.8749122910085134
8969,0.0017394413007423282,0.04782343655824661,0.0001,1.8788528330042027
8970,0.0018990343669429421,0.04996391013264656,0.0001,1.8620782920042984
8971,0.0017203669995069504,0.06508232653141022,0.0001,1.802905832999386
8972,0.0016311685321852565,0.04956250637769699,0.0001,1.82061154099938
8973,0.0015929056098684669,0.06106733903288841,0.0001,1.8286968339962186
8974,0.0019216059008613229,0.03838242590427399,0.0001,1.9099889169883681
8975,0.0019295252859592438,0.054895997047424316,0.0001,1.8869675829919288
8976,0.0016516769537702203,0.0510396808385849,0.0001,1.8220395839889534
8977,0.0019022785127162933,0.07410942763090134,0.0001,1.7992196669947589
8978,0.0015705260448157787,0.040098484605550766,0.0001,1.8179163750028238
8979,0.0015939670847728848,0.07161781191825867,0.0001,1.8625208750017919
8980,0.0018731647869572043,0.05727696418762207,0.0001,1.8846655000088504
8981,0.0018746207933872938,0.03995155170559883,0.0001,1.8528057910007192
8982,0.0015900522703304887,0.057959698140621185,0.0001,1.819482708000578
8983,0.001763143460266292,0.050721459090709686,0.0001,1.8069728330010548
8984,0.0020108565222471952,0.04875045642256737,0.0001,1.8285251670022262
8985,0.0018216564785689116,0.03202767297625542,0.0001,1.866784291996737
8986,0.0018677555490285158,0.0547807477414608,0.0001,1.8594485840003472
8987,0.0017678029835224152,0.04123978316783905,0.0001,1.9336892919964157
8988,0.0018100835150107741,0.05753079056739807,0.0001,1.7939210420008749
8989,0.0018028044141829014,0.055434953421354294,0.0001,1.8075055000081193
8990,0.0015980845782905817,0.06316592544317245,0.0001,1.8762038750137435
8991,0.0017253319965675473,0.08230516314506531,0.0001,1.8839801660069497
8992,0.0018546102801337838,0.04318288713693619,0.0001,1.861076667002635
8993,0.0017369656125083566,0.06844315677881241,0.0001,1.802572250002413
8994,0.0018712847959250212,0.060088641941547394,0.0001,1.793902541990974
8995,0.0018459466518834233,0.06809059530496597,0.0001,1.8468214579916093
8996,0.001633873675018549,0.05820358172059059,0.0001,1.8621115419955458
8997,0.001717184204608202,0.05917340889573097,0.0001,1.8647824999934528
8998,0.0017586128087714314,0.06146182864904404,0.0001,1.8138389170053415
8999,0.0016392907127738,0.0667547732591629,0.0001,1.8084123330045259
9000,0.001628134516067803,0.06333528459072113,0.0001,1.8673764580016723
9001,0.0019680713303387165,0.08511628955602646,0.0001,2.246632499998668
9002,0.0017013616161420941,0.06949148327112198,0.0001,1.8256967500055907
9003,0.0017370841233059764,0.046009186655282974,0.0001,1.8772903750068508
9004,0.0015764872077852488,0.03532303869724274,0.0001,1.9367197079991456
9005,0.0017150334315374494,0.0601627454161644,0.0001,1.8820973749971017
9006,0.0016541610239073634,0.04061548039317131,0.0001,1.8954114579973975
9007,0.0017341022612527013,0.025267889723181725,0.0001,1.8207428329915274
9008,0.0017446482088416815,0.06978409737348557,0.0001,1.8079697919893079
9009,0.0017594975652173162,0.04046434536576271,0.0001,1.83408962500107
9010,0.0016879121540114284,0.06229952722787857,0.0001,1.8735997080075322
9011,0.002012902405112982,0.07003393024206161,0.0001,1.8749572499946225
9012,0.0016186069697141647,0.05951472371816635,0.0001,1.8609166250098497
9013,0.0016369707882404327,0.06298819929361343,0.0001,1.857200208993163
9014,0.0018398816464468837,0.039487697184085846,0.0001,1.836507875006646
9015,0.001628233352676034,0.07333211600780487,0.0001,1.9740254169882974
9016,0.0017180697759613395,0.035691920667886734,0.0001,1.8858942499937257
9017,0.0018374464707449079,0.04808943718671799,0.0001,1.8716873340017628
9018,0.0019043188076466322,0.038398079574108124,0.0001,1.8910510829882696
9019,0.001484954496845603,0.04113685339689255,0.0001,1.8084407499991357
9020,0.0015009022317826748,0.08584179729223251,0.0001,1.867213334000553
9021,0.001636127126403153,0.024440424516797066,0.0001,1.8827463330089813
9022,0.0018214171286672354,0.04075673595070839,0.0001,1.8755065000004834
9023,0.0016669778851792216,0.05391858518123627,0.0001,1.8588120830099797
9024,0.0017966313753277063,0.08230523765087128,0.0001,1.819351917001768
9025,0.0016721135471016169,0.0846046730875969,0.0001,1.8267953749891603
9026,0.0018052246887236834,0.045942265540361404,0.0001,1.8870177500066347
9027,0.0017546688904985785,0.05388941988348961,0.0001,1.8866336249921005
9028,0.0015764400595799088,0.0839482992887497,0.0001,1.875951875001192
9029,0.0015472552040591836,0.05724414065480232,0.0001,1.8278238339989912
9030,0.0017924641724675894,0.07339881360530853,0.0001,1.8288165000121808
9031,0.0018011737847700715,0.0411074236035347,0.0001,1.8570799589942908
9032,0.001917220070026815,0.07705355435609818,0.0001,1.8716262499947334
9033,0.0015559126622974873,0.0739223062992096,0.0001,1.9268201250088168
9034,0.0015345955034717917,0.08017632365226746,0.0001,1.8150229589955416
9035,0.0016035882290452719,0.07957746833562851,0.0001,1.844433125006617
9036,0.002078342018648982,0.043046873062849045,0.0001,1.8258548339945264
9037,0.0014955287333577871,0.09098926931619644,0.0001,1.8905303749925224
9038,0.0017187142511829734,0.02915458381175995,0.0001,1.8951785420067608
9039,0.0016142951790243387,0.08285998553037643,0.0001,1.889171125003486
9040,0.0020013146568089724,0.016210371628403664,0.0001,1.8064091249980265
9041,0.0016167362919077277,0.05623789131641388,0.0001,1.8165078329911921
9042,0.0015156446024775505,0.07079383730888367,0.0001,1.8604775420099031
9043,0.0018073997925966978,0.06650371849536896,0.0001,1.8747859580034856
9044,0.001499293721280992,0.06439544260501862,0.0001,1.896837250009412
9045,0.0017940332181751728,0.04012635350227356,0.0001,1.8195214580046013
9046,0.0015851358184590936,0.08761825412511826,0.0001,1.8193004170025233
9047,0.001713898149318993,0.09366786479949951,0.0001,1.8237588750052964
9048,0.0016119942301884294,0.0430174246430397,0.0001,1.8798274169967044
9049,0.002103794366121292,0.04460926726460457,0.0001,1.8914841660007369
9050,0.0016011522384360433,0.07833042740821838,0.0001,1.8517018749989802
9051,0.0016597412759438157,0.0744907557964325,0.0001,1.8197013750032056
9052,0.001776021090336144,0.05681172013282776,0.0001,1.811205041987705
9053,0.0016823321348056197,0.029161984100937843,0.0001,1.875337124991347
9054,0.0015896406257525086,0.052424296736717224,0.0001,1.8510719159967266
9055,0.00154782272875309,0.0432274267077446,0.0001,1.8863837920071092
9056,0.0014184921747073531,0.09374374151229858,0.0001,1.8209992500051158
9057,0.002216919558122754,0.03503169119358063,0.0001,1.8140059159923112
9058,0.0015535276615992188,0.06271558254957199,0.0001,1.8390527080046013
9059,0.001869669882580638,0.0492631159722805,0.0001,1.8652086249931017
9060,0.001772228511981666,0.033952146768569946,0.0001,1.8813632919918746
9061,0.0015758700901642442,0.039720065891742706,0.0001,1.831196875005844
9062,0.0018051730003207922,0.04182153567671776,0.0001,1.810968417004915
9063,0.0017034222837537527,0.0654606893658638,0.0001,1.886844958004076
9064,0.0014431951567530632,0.05899219959974289,0.0001,1.889268416998675
9065,0.002026815665885806,0.04140370711684227,0.0001,1.8813649579969933
9066,0.0016921514179557562,0.06422324478626251,0.0001,1.8557864160102326
9067,0.0018229640554636717,0.05381809547543526,0.0001,2.0152757500036387
9068,0.0018414306687191129,0.04612516984343529,0.0001,2.3121156669949414
9069,0.0017832136945798993,0.08166284114122391,0.0001,1.7887209159962367
9070,0.001559278229251504,0.08034691214561462,0.0001,1.7592043750046287
9071,0.0016391851240769029,0.04244598373770714,0.0001,1.9087657499912893
9072,0.0016013109125196934,0.05348317697644234,0.0001,1.8554407080082456
9073,0.0016554453177377582,0.04553286358714104,0.0001,1.9500585409987252
9074,0.001611814834177494,0.06072584539651871,0.0001,2.07674970899825
9075,0.0019443839555606246,0.04280620813369751,0.0001,2.38166695900145
9076,0.0016968806739896536,0.047930385917425156,0.0001,2.123127917002421
9077,0.0016443337081000209,0.06714659929275513,0.0001,1.930635374999838
9078,0.0018553133122622967,0.023209920153021812,0.0001,1.8958881250000559
9079,0.0017090373439714313,0.038578227162361145,0.0001,1.9201074589946074
9080,0.0017418618081137538,0.04489482566714287,0.0001,1.8595827499957522
9081,0.0014136192621663213,0.07359691709280014,0.0001,1.8534232920064824
9082,0.0016349577344954014,0.04280117526650429,0.0001,1.8659097909985576
9083,0.0017474276246502995,0.03676027059555054,0.0001,1.881666542001767
9084,0.0017077011289075017,0.04077644646167755,0.0001,1.812040832999628
9085,0.001959799788892269,0.035322073847055435,0.0001,1.8222902080015047
9086,0.0018812521593645215,0.025796862319111824,0.0001,1.8067464169871528
9087,0.0018466152250766754,0.06157470494508743,0.0001,1.888991707994137
9088,0.001764732412993908,0.029107337817549706,0.0001,1.8798847919970285
9089,0.0015834298683330417,0.04375748336315155,0.0001,1.9345773329987423
9090,0.0017153405351564288,0.053320515900850296,0.0001,1.8046263329888461
9091,0.0017898179357871413,0.02979283779859543,0.0001,1.8032311670103809
9092,0.0016733526717871428,0.04428039491176605,0.0001,1.8464693330024602
9093,0.0019978114869445562,0.04569947347044945,0.0001,1.8699481249932433
9094,0.0017493956256657839,0.030093038454651833,0.0001,1.8761374169989722
9095,0.0014896559296175838,0.025094663724303246,0.0001,1.8132682080031373
9096,0.001614862703718245,0.028751865029335022,0.0001,1.8222011670004576
9097,0.0016080823261290789,0.029345296323299408,0.0001,1.8158038330002455
9098,0.0017755595035851002,0.02889413572847843,0.0001,1.8694647079973947
9099,0.0016981984954327345,0.05090798810124397,0.0001,1.8817369169992162
9100,0.0018425221787765622,0.041576262563467026,0.0001,1.841210124999634
9101,0.0016896924935281277,0.03223791718482971,0.0001,1.8161105420003878
9102,0.0020192021038383245,0.029017938300967216,0.0001,1.8012278340029297
9103,0.001790762646123767,0.032025888562202454,0.0001,1.8572378329990897
9104,0.0018643870716914535,0.05151866748929024,0.0001,1.8710060000012163
9105,0.0014901490649208426,0.019311461597681046,0.0001,1.8718171250075102
9106,0.0019254263024777174,0.021883277222514153,0.0001,1.8280291249975562
9107,0.0015457600820809603,0.031346920877695084,0.0001,1.8183981250040233
9108,0.0017070003086701035,0.05051717534661293,0.0001,1.8161652920098277
9109,0.0015968739753589034,0.05385305732488632,0.0001,1.8821623749972787
9110,0.0014995521632954478,0.042736079543828964,0.0001,1.886388375001843
9111,0.0017817580373957753,0.06489940732717514,0.0001,1.8318949580134358
9112,0.0014310379046946764,0.0694311186671257,0.0001,1.8041025419952348
9113,0.0017592889489606023,0.04600270092487335,0.0001,1.8030575000011595
9114,0.001700523542240262,0.08264294266700745,0.0001,1.8734757089987397
9115,0.0018581043696030974,0.04576819762587547,0.0001,1.846845125008258
9116,0.0017497916705906391,0.06963630020618439,0.0001,1.8767397089977749
9117,0.0016798817086964846,0.09385579824447632,0.0001,1.7959984170011012
9118,0.0019343884196132421,0.045613404363393784,0.0001,1.9398827500117477
9119,0.0017893270123749971,0.06200605630874634,0.0001,1.8578916669939645
9120,0.001489742542617023,0.08480999618768692,0.0001,1.8690112080075778
9121,0.001488461741246283,0.041885826736688614,0.0001,1.871496042003855
9122,0.001504326704889536,0.07829338312149048,0.0001,1.8524364170007175
9123,0.0015969806117936969,0.044840842485427856,0.0001,1.797711708000861
9124,0.0016711506759747863,0.044057443737983704,0.0001,1.8252232079976238
9125,0.0014897044748067856,0.020935848355293274,0.0001,1.862160374992527
9126,0.001651422237046063,0.06090762838721275,0.0001,1.8656444999942323
9127,0.0015286743873730302,0.05331183969974518,0.0001,1.8549334590061335
9128,0.001544288475997746,0.05924515053629875,0.0001,1.8052592080057366
9129,0.0017016874626278877,0.04092445597052574,0.0001,1.8066461659909692
9130,0.0018166957888752222,0.021587589755654335,0.0001,1.7874503339990042
9131,0.0018722566310316324,0.06119508668780327,0.0001,2.0037359580019256
9132,0.001802993007004261,0.05530078336596489,0.0001,2.134434499996132
9133,0.0017330171540379524,0.050128739327192307,0.0001,2.0575081670103827
9134,0.0012939022853970528,0.048686206340789795,0.0001,1.963209249995998
9135,0.0016824783524498343,0.039482176303863525,0.0001,1.9701882500085048
9136,0.0016440730541944504,0.03079373762011528,0.0001,1.9553925829968648
9137,0.0016998238861560822,0.028981370851397514,0.0001,1.9535374590050196
9138,0.0018702568486332893,0.03173138573765755,0.0001,1.9504444999911357
9139,0.0016439671162515879,0.04262414947152138,0.0001,1.9524175410042517
9140,0.0016554753528907895,0.023538045585155487,0.0001,1.96758095799305
9141,0.0016251298366114497,0.04579313471913338,0.0001,1.9557112500042422
9142,0.0015307583380490541,0.05161942541599274,0.0001,1.9673525839898502
9143,0.0017215865664184093,0.051746539771556854,0.0001,1.9508717499993509
9144,0.0017013619653880596,0.03206576034426689,0.0001,1.9613202499895124
9145,0.0017008762806653976,0.03596910089254379,0.0001,1.951322541994159
9146,0.0017710595857352018,0.057835597544908524,0.0001,1.9712794170045527
9147,0.0016705640591681004,0.04599642753601074,0.0001,1.9538337500125635
9148,0.0014961397973820567,0.024683207273483276,0.0001,1.8164543750026496
9149,0.0018231539288535714,0.02503156289458275,0.0001,1.841378375000204
9150,0.0016540592769160867,0.04670703783631325,0.0001,1.8224619589891518
9151,0.0017654182156547904,0.04373377934098244,0.0001,1.8482350840058643
9152,0.0017327654641121626,0.03492353856563568,0.0001,1.8522387920093024
9153,0.0014398792991414666,0.0637349933385849,0.0001,1.8667035830003442
9154,0.0017975419759750366,0.02946421504020691,0.0001,1.832542124990141
9155,0.0017436579801142216,0.0454380065202713,0.0001,1.8195768330042483
9156,0.0018811799818649888,0.038554396480321884,0.0001,1.8025136250071228
9157,0.0017436423804610968,0.06411152333021164,0.0001,1.9504145420069108
9158,0.0014016276691108942,0.03416268900036812,0.0001,1.844530542002758
9159,0.002088096458464861,0.031974948942661285,0.0001,1.9939923330093734
9160,0.0016460292972624302,0.03560130298137665,0.0001,1.980126583002857
9161,0.0016753843519836664,0.05960328131914139,0.0001,1.9642491250124294
9162,0.0018291313899680972,0.05213937535881996,0.0001,1.9884019579913002
9163,0.0016684905858710408,0.05274620279669762,0.0001,1.960741250004503
9164,0.0016455021686851978,0.06402461230754852,0.0001,2.031299124995712
9165,0.0018405296141281724,0.05418404936790466,0.0001,2.005421458001365
9166,0.001774074975401163,0.0475674644112587,0.0001,1.90064866701141
9167,0.0015697246417403221,0.07887014746665955,0.0001,1.9450018749921583
9168,0.0019409226952120662,0.04622812941670418,0.0001,1.8335953329951735
9169,0.0014334527077153325,0.08306434005498886,0.0001,1.8692522499914048
9170,0.001624920405447483,0.09912899881601334,0.0001,1.8786669580003945
9171,0.0016812511021271348,0.06844160705804825,0.0001,1.9057994580070954
9172,0.0016513062873855233,0.08686910569667816,0.0001,1.7993865409953287
9173,0.0014886424178257585,0.07305897772312164,0.0001,1.8052522919897456
9174,0.0017936789663508534,0.06916952133178711,0.0001,1.9536687920044642
9175,0.0019303779117763042,0.04889918491244316,0.0001,2.0714027500071097
9176,0.0015334513736888766,0.09264490008354187,0.0001,1.8753674589970615
9177,0.0017310669645667076,0.10746785998344421,0.0001,1.8959230000036769
9178,0.0017137463437393308,0.08820199966430664,0.0001,1.8220540409965906
9179,0.0018374964129179716,0.06368821859359741,0.0001,1.9067245000042021
9180,0.0017049753805622458,0.0538967102766037,0.0001,2.08490979099588
9181,0.0016706227324903011,0.08082576841115952,0.0001,1.907499499997357
9182,0.0015380631666630507,0.034105002880096436,0.0001,1.8471584170038113
9183,0.00185113784391433,0.10659022629261017,0.0001,1.8606982079945737
9184,0.0017180428840219975,0.06763589382171631,0.0001,1.871124208002584
9185,0.0017951838672161102,0.06368367373943329,0.0001,1.863799166996614
9186,0.0016820015152916312,0.08417252451181412,0.0001,2.011944832993322
9187,0.0017002138774842024,0.05141934007406235,0.0001,1.8958472079975763
9188,0.001765723223797977,0.07605458796024323,0.0001,1.8536426250066143
9189,0.0016793161630630493,0.11614672094583511,0.0001,1.8979232919955393
9190,0.0016077442560344934,0.04868239909410477,0.0001,1.892081459009205
9191,0.0016094337916001678,0.13589616119861603,0.0001,1.8890209579985822
9192,0.0015991260297596455,0.052032921463251114,0.0001,1.9881641249958193
9193,0.0017370752757415175,0.0865321084856987,0.0001,1.8241017079999438
9194,0.0015698999632149935,0.0598202608525753,0.0001,1.901682042007451
9195,0.0017329556867480278,0.05288064479827881,0.0001,1.9788657919998514
9196,0.0017528632888570428,0.04441066086292267,0.0001,1.90009845799068
9197,0.0015458805719390512,0.03987889736890793,0.0001,1.8932473749882774
9198,0.0018839992117136717,0.07023871690034866,0.0001,1.953342791995965
9199,0.0015594155993312597,0.040276773273944855,0.0001,1.839163999989978
9200,0.0019857974257320166,0.047453831881284714,0.0001,1.882896625000285
9201,0.001450711628422141,0.04929670691490173,0.0001,1.993176667005173
9202,0.0017008248250931501,0.056068651378154755,0.0001,1.8945894170028623
9203,0.0016906502423807979,0.05437216907739639,0.0001,1.812314000009792
9204,0.0017109046457335353,0.05871988832950592,0.0001,1.9034972499939613
9205,0.0019002675544470549,0.05972391366958618,0.0001,1.8404236669884995
9206,0.0017102324636653066,0.06444589793682098,0.0001,1.8810573749942705
9207,0.0018311141757294536,0.030189333483576775,0.0001,1.906804625003133
9208,0.001876710681244731,0.04582541063427925,0.0001,1.9456465840048622
9209,0.0016659405082464218,0.06538001447916031,0.0001,1.8307942499959609
9210,0.0019092451548203826,0.06704305857419968,0.0001,1.9296115830074996
9211,0.0017083517741411924,0.07138480246067047,0.0001,1.9243814170040423
9212,0.0015875203534960747,0.10251490771770477,0.0001,1.9181676250009332
9213,0.001997076440602541,0.03680853545665741,0.0001,1.8709284170035971
9214,0.001923830364830792,0.07903047651052475,0.0001,1.892529500008095
9215,0.00176391308195889,0.05533427745103836,0.0001,1.8094117500004359
9216,0.00184163311496377,0.03213243559002876,0.0001,1.9892495420062914
9217,0.00165006541647017,0.05275820568203926,0.0001,1.929524749997654
9218,0.0017157222609966993,0.06860824674367905,0.0001,1.8896216669963906
9219,0.001914731808938086,0.0462636724114418,0.0001,1.918654291992425
9220,0.001651421538554132,0.09442193061113358,0.0001,1.8119962089986075
9221,0.0017930021276697516,0.0648244321346283,0.0001,1.820653000002494
9222,0.0016707528848201036,0.04145973548293114,0.0001,2.004971000002115
9223,0.0016248419415205717,0.06149408221244812,0.0001,1.9015953749913024
9224,0.001724159112200141,0.03323841840028763,0.0001,1.866817166999681
9225,0.0018249587155878544,0.04743494838476181,0.0001,1.9700046250072774
9226,0.0018342648399993777,0.07181321084499359,0.0001,1.8752491250052117
9227,0.0017966136801987886,0.035369377583265305,0.0001,1.8938970419985708
9228,0.001728435163386166,0.05971479415893555,0.0001,2.0426174579915823
9229,0.0015341436956077814,0.03135807439684868,0.0001,1.8499822500016307
9230,0.001911827945150435,0.04166804254055023,0.0001,1.82756012500613
9231,0.001514611765742302,0.06115097925066948,0.0001,1.8538385829888284
9232,0.0017843586392700672,0.037716224789619446,0.0001,1.9255153749982128
9233,0.0015803846763446927,0.06686529517173767,0.0001,1.8978152500058059
9234,0.001751225208863616,0.04439974203705788,0.0001,1.8915262920054374
9235,0.0017419034847989678,0.055357541888952255,0.0001,1.9273835829953896
9236,0.0014327006647363305,0.05841728672385216,0.0001,1.8278783330024453
9237,0.0015900501748546958,0.025823287665843964,0.0001,1.9349496670038207
9238,0.0016236052615568042,0.05133334919810295,0.0001,2.068829124997137
9239,0.0016387782525271177,0.028178663924336433,0.0001,2.069332375001977
9240,0.0015879920683801174,0.05993913486599922,0.0001,1.85934808300226
9241,0.0015730960294604301,0.05304266884922981,0.0001,1.911481167000602
9242,0.0016583584947511554,0.04144715145230293,0.0001,1.829233791999286
9243,0.0017375898314639926,0.051055099815130234,0.0001,1.892697709001368
9244,0.0015018176054582,0.06449541449546814,0.0001,1.9765789579978446
9245,0.0018055334221571684,0.04562678188085556,0.0001,1.8462397089897422
9246,0.0015800672117620707,0.06516561657190323,0.0001,1.8376086249918444
9247,0.001822884427383542,0.04195399954915047,0.0001,1.8185800000064773
9248,0.0015964771155267954,0.046815868467092514,0.0001,1.9990165000053821
9249,0.0017974235815927386,0.04988369718194008,0.0001,1.9676164999982575
9250,0.0018170003313571215,0.05549465864896774,0.0001,1.9724549160018796
9251,0.0016259392723441124,0.05330577492713928,0.0001,1.84019754199835
9252,0.001477835001423955,0.045001331716775894,0.0001,1.8446045409946237
9253,0.0016263582510873675,0.03268633037805557,0.0001,1.876833041998907
9254,0.0016670494806021452,0.04171209782361984,0.0001,1.9445546249917243
9255,0.0014885273994877934,0.062036775052547455,0.0001,1.8666681670001708
9256,0.001631336286664009,0.03902675583958626,0.0001,1.9639347080083098
9257,0.0016171140596270561,0.04330029711127281,0.0001,1.8340609160077292
9258,0.0016365087358281016,0.05928683653473854,0.0001,1.8418923749995884
9259,0.0015377409290522337,0.02940446324646473,0.0001,1.9729587080073543
9260,0.0017655598931014538,0.05747121945023537,0.0001,1.8975987499870826
9261,0.001647074124775827,0.056402310729026794,0.0001,1.9623025830078404
9262,0.0018337828805670142,0.07667788118124008,0.0001,1.8995188749977387
9263,0.0016554394969716668,0.06703012436628342,0.0001,1.8210749580030097
9264,0.0017693213885650039,0.09467209875583649,0.0001,1.9053358329983894
9265,0.001676738727837801,0.0663628950715065,0.0001,1.9307792089966824
9266,0.001826619845815003,0.0908387303352356,0.0001,1.934006125011365
9267,0.0019195956410840154,0.037974704056978226,0.0001,1.8182612919918029
9268,0.0017103435238823295,0.07527894526720047,0.0001,1.9054347920027794
9269,0.0018899812130257487,0.05043590068817139,0.0001,1.8763715000095544
9270,0.0018149709794670343,0.060096029192209244,0.0001,1.9231810829951428
9271,0.0015106938080862164,0.05765456333756447,0.0001,1.9878800830047112
9272,0.0015954971313476562,0.023233193904161453,0.0001,1.81706000000122
9273,0.0019100833451375365,0.050975698977708817,0.0001,1.8361281249963213
9274,0.001622597686946392,0.037682920694351196,0.0001,1.9606307079957332
9275,0.001751847448758781,0.04711974039673805,0.0001,1.8708816250000382
9276,0.0017814825987443328,0.04445977136492729,0.0001,1.8892273749952437
9277,0.0017504800343886018,0.05072115734219551,0.0001,2.010057500010589
9278,0.0016649793833494186,0.07509925216436386,0.0001,1.8158801250101533
9279,0.0017042411491274834,0.0746956542134285,0.0001,1.8422287919966038
9280,0.0018062744056805968,0.05144083872437477,0.0001,1.9366767500032438
9281,0.0014526651939377189,0.09277874231338501,0.0001,1.937049707994447
9282,0.0017027542926371098,0.03497147187590599,0.0001,1.88284708300489
9283,0.0017601455328986049,0.042549945414066315,0.0001,1.868807500010007
9284,0.0016036444576457143,0.07608440518379211,0.0001,1.8769398750009714
9285,0.0018975946586579084,0.06020810827612877,0.0001,1.8568417089991271
9286,0.0015429502818733454,0.0589432492852211,0.0001,1.9415087919915095
9287,0.0016796835698187351,0.06458283960819244,0.0001,1.9635207920073299
9288,0.0016395841958001256,0.09484782814979553,0.0001,1.8809883339999942
9289,0.0017632332164794207,0.0941375270485878,0.0001,1.90207024999836
9290,0.0018966635689139366,0.09724589437246323,0.0001,1.8954967500030762
9291,0.0016761134611442685,0.08322902768850327,0.0001,1.8903638329938985
9292,0.0015596263110637665,0.08401384949684143,0.0001,1.9992072500026552
9293,0.0017575431847944856,0.08230476081371307,0.0001,1.8339176250010496
9294,0.0018507561180740595,0.059404872357845306,0.0001,1.834081166991382
9295,0.0019383627222850919,0.08906484395265579,0.0001,1.8868201250006678
9296,0.0017022282117977738,0.05960278585553169,0.0001,1.8729882500047097
9297,0.0016077723121270537,0.09392539411783218,0.0001,1.9054334170068614
9298,0.001538323238492012,0.04768797755241394,0.0001,1.972565875010332
9299,0.001666795345954597,0.11591629683971405,0.0001,1.8250457499962067
9300,0.0017602824373170733,0.06911223381757736,0.0001,1.8481002499902388
9301,0.0017468640580773354,0.06844355911016464,0.0001,1.9300390419957694
9302,0.0017734348075464368,0.05667104572057724,0.0001,1.875295375008136
9303,0.0017787892138585448,0.042237844318151474,0.0001,1.903008791996399
9304,0.0016244335565716028,0.059237197041511536,0.0001,1.9921597909997217
9305,0.0016970497090369463,0.059916235506534576,0.0001,1.8322053750016494
9306,0.001795791438780725,0.08533154428005219,0.0001,1.843938416990568
9307,0.0017480383394286036,0.043282657861709595,0.0001,2.009712958999444
9308,0.001533416099846363,0.05562971159815788,0.0001,1.916123917006189
9309,0.0018316629575565457,0.07717286050319672,0.0001,1.8271992079971824
9310,0.0018809086177498102,0.07574354857206345,0.0001,1.8338644589966862
9311,0.00165493693202734,0.04034586623311043,0.0001,1.8890551660006167
9312,0.0017618084093555808,0.05795218423008919,0.0001,1.8756454579997808
9313,0.0017940726829692721,0.035827070474624634,0.0001,1.962008083006367
9314,0.0018310268642380834,0.055396389216184616,0.0001,1.9034485839947592
9315,0.001602422446012497,0.08173628151416779,0.0001,1.8079591660061851
9316,0.0017034623306244612,0.05839969590306282,0.0001,1.8927930829959223
9317,0.0014014672487974167,0.07641308009624481,0.0001,1.8809969170106342
9318,0.0017929222667589784,0.051874954253435135,0.0001,1.9196410000004107
9319,0.0016332701779901981,0.053027521818876266,0.0001,1.8767499580135336
9320,0.0019310906063765287,0.06400639563798904,0.0001,1.9337627500062808
9321,0.001601210329681635,0.05039039999246597,0.0001,1.8040567910065874
9322,0.0018156396690756083,0.06829284131526947,0.0001,2.2004912499978673
9323,0.0018468992784619331,0.07685422897338867,0.0001,2.1741677499958314
9324,0.0017506011063233018,0.03875233605504036,0.0001,1.9552613330015447
9325,0.0020301269832998514,0.06395416706800461,0.0001,1.9378369170008227
9326,0.001999485306441784,0.06634990125894547,0.0001,1.8746272080024937
9327,0.0017709799576550722,0.07759912312030792,0.0001,2.2276847920002183
9328,0.0017253486439585686,0.06794480979442596,0.0001,2.519343916006619
9329,0.001970043871551752,0.04209531098604202,0.0001,2.078434249997372
9330,0.0017044574487954378,0.07115449011325836,0.0001,2.4767476670094766
9331,0.001776262535713613,0.054415278136730194,0.0001,2.315398374994402
9332,0.001725554931908846,0.07879679650068283,0.0001,1.7697546660056105
9333,0.0015655260067433119,0.06864294409751892,0.0001,1.7847866660013096
9334,0.001728456118144095,0.06700988858938217,0.0001,1.951373625008273
9335,0.0018384904833510518,0.03690893575549126,0.0001,1.8043349159997888
9336,0.0019406317733228207,0.03911567106842995,0.0001,1.84259104100056
9337,0.0016664155991747975,0.06577997654676437,0.0001,1.8144201250106562
9338,0.0016464423388242722,0.05923367664217949,0.0001,1.8361589580017608
9339,0.001640947419218719,0.0908799096941948,0.0001,1.8007753330020932
9340,0.001617577625438571,0.08218590170145035,0.0001,2.1215185420005582
9341,0.0018715509213507175,0.047560401260852814,0.0001,2.130775249999715
9342,0.001932042301632464,0.08468245714902878,0.0001,1.9656984999892302
9343,0.0019577480852603912,0.06253360956907272,0.0001,1.8792483750003157
9344,0.001814690069295466,0.05212850868701935,0.0001,1.9815128750051372
9345,0.0016207732260227203,0.06573852896690369,0.0001,2.001402042005793
9346,0.0017760887276381254,0.04715383052825928,0.0001,2.057533125000191
9347,0.0016724556917324662,0.05075401812791824,0.0001,2.088772709001205
9348,0.001558092888444662,0.05290178954601288,0.0001,1.988955332999467
9349,0.001769568887539208,0.09857820719480515,0.0001,3.145252624992281
9350,0.001852156245149672,0.05543007701635361,0.0001,2.436465833001421
9351,0.0017145879101008177,0.05326540023088455,0.0001,2.088118208004744
9352,0.0016675968654453754,0.09077934920787811,0.0001,2.2639246249891585
9353,0.0016449389513581991,0.05694051459431648,0.0001,2.103539042000193
9354,0.0016223774291574955,0.054904256016016006,0.0001,2.1122982920060167
9355,0.0017701369943097234,0.0622192919254303,0.0001,2.1442419579980196
9356,0.0016740401042625308,0.06464391201734543,0.0001,1.9882354169967584
9357,0.0018916763365268707,0.07494812458753586,0.0001,2.01507170900004
9358,0.0016296779504045844,0.06611965596675873,0.0001,2.036683417012682
9359,0.0017362056532874703,0.04065302014350891,0.0001,1.9612627919996157
9360,0.001944989082403481,0.08196019381284714,0.0001,2.134776499995496
9361,0.0015534881968051195,0.0611703135073185,0.0001,2.101838583010249
9362,0.001631801831535995,0.07361441850662231,0.0001,2.0566930420027347
9363,0.001805697102099657,0.05332505702972412,0.0001,2.027305083000101
9364,0.0017730228137224913,0.03260820358991623,0.0001,2.2674123750039143
9365,0.0016470036935061216,0.035450179129838943,0.0001,2.611396041989792
9366,0.001717261620797217,0.04058710113167763,0.0001,2.5385617909923894
9367,0.00166785204783082,0.08086056262254715,0.0001,2.091794125008164
9368,0.0017651434754952788,0.03944968059659004,0.0001,1.9710114170011366
9369,0.001823249738663435,0.06604491174221039,0.0001,1.9459937499923399
9370,0.0017028962029144168,0.053663723170757294,0.0001,2.0438400829880266
9371,0.001721481792628765,0.08100032061338425,0.0001,1.9466756250039907
9372,0.0017170340288430452,0.06580141186714172,0.0001,1.9225257500074804
9373,0.001684032496996224,0.057052597403526306,0.0001,2.0196065420022933
9374,0.0015521412715315819,0.09091731905937195,0.0001,2.030094250003458
9375,0.001508180401287973,0.07221703231334686,0.0001,1.9909200410038466
9376,0.001737455022521317,0.07433322817087173,0.0001,2.1351930420059944
9377,0.0020162665750831366,0.038543470203876495,0.0001,2.166545166997821
9378,0.0016392540419474244,0.06687910854816437,0.0001,1.9682245000003604
9379,0.001674737548455596,0.04077490046620369,0.0001,2.0461662919988157
9380,0.00182078976649791,0.05540577694773674,0.0001,2.0160113329911837
9381,0.0015942725585773587,0.05713052675127983,0.0001,1.9072580420033773
9382,0.0016787629574537277,0.030418049544095993,0.0001,2.155416707988479
9383,0.0017967872554436326,0.033412784337997437,0.0001,2.0435885839979164
9384,0.0016773258103057742,0.05582168698310852,0.0001,2.0229910829948494
9385,0.0018236052710562944,0.056838564574718475,0.0001,2.0369383329962147
9386,0.0019610500894486904,0.07060583680868149,0.0001,2.1273240839946084
9387,0.0014302078634500504,0.030067039653658867,0.0001,1.948003957993933
9388,0.0018568402156233788,0.06863038241863251,0.0001,2.091148916995735
9389,0.0015812682686373591,0.035126958042383194,0.0001,2.0702048750099493
9390,0.0017241290770471096,0.055317141115665436,0.0001,1.9528956659924006
9391,0.0018185002263635397,0.06519553065299988,0.0001,2.066345540995826
9392,0.0018886835314333439,0.04277423769235611,0.0001,2.030256833008025
9393,0.0017045211279764771,0.057851485908031464,0.0001,1.9517892909934744
9394,0.0017160994466394186,0.05521205812692642,0.0001,2.0092465829948196
9395,0.0014764710795134306,0.043324604630470276,0.0001,1.9764628749981057
9396,0.00162133586127311,0.07896210253238678,0.0001,2.0686017499974696
9397,0.0017722586635500193,0.04069027304649353,0.0001,2.670678249996854
9398,0.0019321349682286382,0.04697876423597336,0.0001,1.994489374992554
9399,0.0016243546269834042,0.03658590838313103,0.0001,2.0331663749966538
9400,0.0015312478644773364,0.08089958876371384,0.0001,2.1936739590018988
9401,0.0018365890718996525,0.08662331104278564,0.0001,2.075805375003256
9402,0.0016261916607618332,0.06760986894369125,0.0001,2.10521449999942
9403,0.0014862752286717296,0.12359976768493652,0.0001,2.0907288330054143
9404,0.0018371727783232927,0.022780733183026314,0.0001,1.9850743749993853
9405,0.0015516802668571472,0.07870501279830933,0.0001,1.9875399580050725
9406,0.001590558560565114,0.0751059427857399,0.0001,2.189697916008299
9407,0.0017101812409237027,0.07671856880187988,0.0001,2.043513249998796
9408,0.001951793092302978,0.0860789343714714,0.0001,1.9831737089989474
9409,0.001676836283877492,0.04709191620349884,0.0001,2.1372427090100246
9410,0.0017655487172305584,0.0998796820640564,0.0001,1.9864412090100814
9411,0.0014318713219836354,0.09948840737342834,0.0001,2.048331917001633
9412,0.0018083815230056643,0.07883986085653305,0.0001,2.1303481250070035
9413,0.0019236369989812374,0.08132147789001465,0.0001,2.0677144159999443
9414,0.0017201097216457129,0.07460864633321762,0.0001,2.0491576670028735
9415,0.001424670103006065,0.10866957902908325,0.0001,2.14448991700192
9416,0.001621790463104844,0.10268551111221313,0.0001,2.2337114999972982
9417,0.0017007034039124846,0.05171588063240051,0.0001,2.0061881670117145
9418,0.0017015653429552913,0.05934347212314606,0.0001,2.0506838750006864
9419,0.001964038470759988,0.05622049421072006,0.0001,2.1358475840097526
9420,0.0017387619009241462,0.05063556879758835,0.0001,2.004371083006845
9421,0.0016479117330163717,0.08311650902032852,0.0001,2.112006333001773
9422,0.0018400076078251004,0.03932667896151543,0.0001,2.004823209004826
9423,0.001556039322167635,0.10472187399864197,0.0001,2.0724327080097282
9424,0.0014837572816759348,0.07338393479585648,0.0001,2.07019670799491
9425,0.0016292438376694918,0.06361300498247147,0.0001,2.1052927919954527
9426,0.0015813808422535658,0.05305337905883789,0.0001,1.9746299580001505
9427,0.0018972535617649555,0.042173419147729874,0.0001,1.9824947910092305
9428,0.0016566331032663584,0.05211307853460312,0.0001,2.064105708996067
9429,0.0017174197128042579,0.0953022763133049,0.0001,2.004065166998771
9430,0.001683841459453106,0.07316918671131134,0.0001,2.013665459002368
9431,0.0016252092318609357,0.06776077300310135,0.0001,1.9615301659941906
9432,0.0014275031862780452,0.07686261087656021,0.0001,2.0666010830027517
9433,0.0018111603567376733,0.08650629967451096,0.0001,2.106513749997248
9434,0.0014232314424589276,0.08814511448144913,0.0001,2.019101291996776
9435,0.001861884375102818,0.058745402842760086,0.0001,2.0985776250017807
9436,0.0018717864295467734,0.07493790984153748,0.0001,2.228554790999624
9437,0.0016366170020774007,0.04737650975584984,0.0001,2.027134042000398
9438,0.0019283528672531247,0.041108231991529465,0.0001,2.218981541998801
9439,0.0016779169673100114,0.06889292597770691,0.0001,1.988557167002
9440,0.0016445451183244586,0.05797036737203598,0.0001,2.0369933750043856
9441,0.0017876506317406893,0.08444909751415253,0.0001,2.068393207999179
9442,0.0015727835707366467,0.048159439116716385,0.0001,2.058988667005906
9443,0.0019560528453439474,0.07493211328983307,0.0001,2.044071750002331
9444,0.001642919727601111,0.06853767484426498,0.0001,2.097284999996191
9445,0.0013992632739245892,0.08686661720275879,0.0001,1.9864716660085833
9446,0.0015502197202295065,0.08888459205627441,0.0001,2.0093605409929296
9447,0.0016694283112883568,0.05665869638323784,0.0001,2.0835944580030628
9448,0.0016373683465644717,0.07445856183767319,0.0001,1.9850217089988291
9449,0.0019465110963210464,0.05722244083881378,0.0001,2.0369219580024946
9450,0.001866004429757595,0.07382698357105255,0.0001,2.1025923330016667
9451,0.0018387625459581614,0.07978740334510803,0.0001,1.9817957079940243
9452,0.0016701590502634645,0.07734024524688721,0.0001,2.0156147079978837
9453,0.0016580905066803098,0.06596875935792923,0.0001,2.0572828330041375
9454,0.0016234443755820394,0.0428975410759449,0.0001,1.967905959012569
9455,0.0016722205327823758,0.08068559318780899,0.0001,2.0316610840091016
9456,0.0019226932199671865,0.06275931000709534,0.0001,2.1853960000007646
9457,0.0018741184612736106,0.044058285653591156,0.0001,1.9886644579964923
9458,0.0015815102960914373,0.07916513830423355,0.0001,2.035804500002996
9459,0.0018413796788081527,0.0521463081240654,0.0001,2.122000167000806
9460,0.001988049829378724,0.020568717271089554,0.0001,1.977968958002748
9461,0.0017533398931846023,0.03459983691573143,0.0001,2.017203666997375
9462,0.002073504962027073,0.04435082897543907,0.0001,2.0723082090116804
9463,0.001878110459074378,0.02172444760799408,0.0001,1.9860971250018338
9464,0.0020872559398412704,0.047165412455797195,0.0001,2.0112636249978095
9465,0.0019990787841379642,0.05570491775870323,0.0001,2.0816045839892467
9466,0.0014365819515660405,0.03454960137605667,0.0001,1.9869179999950575
9467,0.001680963789112866,0.049204349517822266,0.0001,2.0350184999988414
9468,0.0019160695374011993,0.04301321133971214,0.0001,2.059127707994776
9469,0.0015652308939024806,0.03421993926167488,0.0001,2.0628672909952
9470,0.0017280818428844213,0.056400857865810394,0.0001,2.002692041991395
9471,0.0016620263922959566,0.011074036359786987,0.0001,2.1117772500001593
9472,0.002082099672406912,0.042192455381155014,0.0001,1.9791911659995094
9473,0.0017627610359340906,0.031086858361959457,0.0001,2.0282958750030957
9474,0.00185841612983495,0.06308285146951675,0.0001,2.0267844170011813
9475,0.00184630008880049,0.03779665008187294,0.0001,2.077006250008708
9476,0.0015693454770371318,0.04972321167588234,0.0001,1.9566859170008684
9477,0.0019577769562602043,0.037407759577035904,0.0001,2.0628171249991283
9478,0.0019053445430472493,0.041351351886987686,0.0001,2.1110925839893753
9479,0.0015586140798404813,0.07121270149946213,0.0001,1.992821499996353
9480,0.0017556865932419896,0.04052497446537018,0.0001,2.0864882500027306
9481,0.001985030947253108,0.056154754012823105,0.0001,2.033206916996278
9482,0.002119247103109956,0.040561024099588394,0.0001,2.2069528749998426
9483,0.0018444628221914172,0.06644387543201447,0.0001,2.0376514999952633
9484,0.0015971818938851357,0.05478415638208389,0.0001,1.8441426670033252
9485,0.0016428683884441853,0.07686866074800491,0.0001,1.793312291993061
9486,0.0018323507392778993,0.057821884751319885,0.0001,1.8837115420028567
9487,0.001966386567801237,0.0685252696275711,0.0001,1.7815161250036908
9488,0.001652530743740499,0.05789683759212494,0.0001,1.7815971660020296
9489,0.001632124651223421,0.04091526195406914,0.0001,1.8596534579992294
9490,0.0016341564478352666,0.06606507301330566,0.0001,1.7773901670007035
9491,0.0016707107424736023,0.062317002564668655,0.0001,1.7676547909941291
9492,0.001546327257528901,0.05748850852251053,0.0001,1.7754924579930957
9493,0.0018288790015503764,0.043890584260225296,0.0001,1.8495196659932844
9494,0.001571512664668262,0.039707913994789124,0.0001,1.7613841249985853
9495,0.0017887805588543415,0.0890052542090416,0.0001,1.7890726670011645
9496,0.0018601923948153853,0.06427968293428421,0.0001,1.8461185839987593
9497,0.001712412922643125,0.04808992147445679,0.0001,1.7701992919901386
9498,0.0017987551400437951,0.027982762083411217,0.0001,1.7736383750016103
9499,0.0017453408800065517,0.0808052346110344,0.0001,1.8006937909958651
9500,0.0018954338738694787,0.05208806321024895,0.0001,1.8118974170065485
9501,0.0017533909995108843,0.05517150089144707,0.0001,1.8889208750042599
9502,0.0017418331699445844,0.056746818125247955,0.0001,1.8595179160038242
9503,0.0016243687132373452,0.06476771086454391,0.0001,2.0378768750088057
9504,0.0016118213534355164,0.06679988652467728,0.0001,2.09415624999383
9505,0.0017966422019526362,0.05338842794299126,0.0001,1.9196231670066481
9506,0.0015698793577030301,0.04688158258795738,0.0001,1.8174964999925578
9507,0.0017985178856179118,0.039119359105825424,0.0001,1.8101975419995142
9508,0.00179070676676929,0.04652645066380501,0.0001,1.8258965840068413
9509,0.001589545514434576,0.025468330830335617,0.0001,1.8206538340018597
9510,0.0017308186506852508,0.03178296983242035,0.0001,1.8515789579978446
9511,0.0017299122409895062,0.0487808957695961,0.0001,1.8365642080025282
9512,0.0017206757329404354,0.04198000952601433,0.0001,1.803895792007097
9513,0.001816646778024733,0.06094105914235115,0.0001,1.8246802500070771
9514,0.0016145824920386076,0.05105441063642502,0.0001,1.8023168329964392
9515,0.0020152758806943893,0.06414545327425003,0.0001,1.7698579169955337
9516,0.0016322346637025476,0.05082227662205696,0.0001,1.8324387499887962
9517,0.0018828302854672074,0.04582095518708229,0.0001,1.765281915999367
9518,0.0018060848815366626,0.05031004548072815,0.0001,1.7755792079988169
9519,0.0016226446023210883,0.08435016870498657,0.0001,1.756848875011201
9520,0.0015034860698506236,0.05241150036454201,0.0001,1.790632917007315
9521,0.0017534024082124233,0.07051800191402435,0.0001,1.7705337079969468
9522,0.0018401818815618753,0.060719083994627,0.0001,1.762999458995182
9523,0.0018174463184550405,0.059691157191991806,0.0001,1.8100426249875454
9524,0.0015581186162307858,0.07929886132478714,0.0001,1.789407874995959
9525,0.0017190373037010431,0.03935885801911354,0.0001,1.8333241250074934
9526,0.0015035555697977543,0.0841875895857811,0.0001,1.7721217500075
9527,0.0016233997885137796,0.05544570833444595,0.0001,1.8244719580106903
9528,0.001739512663334608,0.03294254466891289,0.0001,1.8015955419978127
9529,0.0018461310537531972,0.04922899231314659,0.0001,1.78170629098895
9530,0.0016455956501886249,0.03523256257176399,0.0001,1.8139659170119558
9531,0.0017381362849846482,0.07282854616641998,0.0001,1.775502124990453
9532,0.0020023658871650696,0.05524371936917305,0.0001,1.8047744579962455
9533,0.0017196170520037413,0.05376453325152397,0.0001,1.7636627499887254
9534,0.0017545318696647882,0.03859814256429672,0.0001,1.828496375004761
9535,0.001582133467309177,0.06446321308612823,0.0001,1.7829159999964759
9536,0.0018705909606069326,0.03635717183351517,0.0001,1.7975509160023648
9537,0.0017314385622739792,0.05778671056032181,0.0001,1.835047750006197
9538,0.0017063505947589874,0.04701925814151764,0.0001,1.7729685000085738
9539,0.001999553758651018,0.05171649158000946,0.0001,1.7674070829962147
9540,0.0019079301273450255,0.05258021131157875,0.0001,1.8386366670019925
9541,0.0018295117188245058,0.043910156935453415,0.0001,1.7778820829989854
9542,0.0018577476730570197,0.07045747339725494,0.0001,1.760906708004768
9543,0.0018114283448085189,0.05813928321003914,0.0001,1.7539301670040004
9544,0.001871663611382246,0.05062339827418327,0.0001,1.781046874995809
9545,0.0015170886181294918,0.05883120372891426,0.0001,1.7745532919943798
9546,0.0016313598025590181,0.07022186368703842,0.0001,1.7931347499979893
9547,0.0017909571761265397,0.05010809749364853,0.0001,1.7679437920014607
9548,0.0018660954665392637,0.04120974242687225,0.0001,1.7543378749978729
9549,0.001632275409065187,0.06371281296014786,0.0001,1.8356314579868922
9550,0.0018088773358613253,0.05318458005785942,0.0001,1.7771425000100862
9551,0.0017409599386155605,0.05126091465353966,0.0001,1.7672315420059022
9552,0.0018268796848133206,0.024319147691130638,0.0001,1.8498332500021206
9553,0.0016913359286263585,0.037602853029966354,0.0001,1.8056607920007082
9554,0.0019786159973591566,0.02195074036717415,0.0001,1.764820124997641
9555,0.0016782279126346111,0.06946604698896408,0.0001,1.7686702909995802
9556,0.0018835049122571945,0.03749959543347359,0.0001,1.7693815829989035
9557,0.0017894275952130556,0.06794534623622894,0.0001,1.7572541249974165
9558,0.0015079037984833121,0.05925007909536362,0.0001,1.759782000008272
9559,0.00174068589694798,0.07291125506162643,0.0001,1.7477156660024775
9560,0.0019803245086222887,0.045822761952877045,0.0001,1.7570297909987858
9561,0.0017175418324768543,0.03900931030511856,0.0001,1.8174783750000643
9562,0.0020278519950807095,0.05015430971980095,0.0001,1.7574013749981532
9563,0.0019631178583949804,0.05727158486843109,0.0001,1.7836449169990374
9564,0.001756391255185008,0.05204842984676361,0.0001,1.7688817080052104
9565,0.001719506923109293,0.05840112641453743,0.0001,1.7867908339976566
9566,0.0018990254029631615,0.02442408911883831,0.0001,1.7609785419917898
9567,0.0018172538839280605,0.08272180706262589,0.0001,1.7540230419981526
9568,0.0018622735515236855,0.028584297746419907,0.0001,1.7631654159922618
9569,0.0016978520434349775,0.08906754106283188,0.0001,1.7511000420054188
9570,0.0018753166077658534,0.06797164678573608,0.0001,1.8498462909919908
9571,0.001688353018835187,0.05924936756491661,0.0001,1.7630288750078762
9572,0.0017577871913090348,0.08834321796894073,0.0001,1.7548361250082962
9573,0.0015513045946136117,0.03285945951938629,0.0001,1.8535279579955386
9574,0.00180811807513237,0.08724193274974823,0.0001,1.7759817500045756
9575,0.0016239017713814974,0.10676024109125137,0.0001,1.772071915998822
9576,0.0018848706968128681,0.06595461070537567,0.0001,1.761148042001878
9577,0.0019333825912326574,0.10600608587265015,0.0001,1.86563237500377
9578,0.0017363866791129112,0.06393351405858994,0.0001,1.8130007500003558
9579,0.0017976420931518078,0.08744336664676666,0.0001,1.7701191660016775
9580,0.0014508122112601995,0.12466630339622498,0.0001,1.7841016250022221
9581,0.0015589394606649876,0.04691611975431442,0.0001,1.787272249988746
9582,0.001791271730326116,0.10120036453008652,0.0001,1.8979500419955002
9583,0.001714124926365912,0.08416006714105606,0.0001,2.725740916997893
9584,0.0014480286044999957,0.08709235489368439,0.0001,2.3198857079987647
9585,0.0014014516491442919,0.14835071563720703,0.0001,2.4995870830025524
9586,0.0019689155742526054,0.05201103165745735,0.0001,1.910078542001429
9587,0.0016605090349912643,0.09114185720682144,0.0001,2.02500074999989
9588,0.0017323401989415288,0.1015554741024971,0.0001,2.123348041990539
9589,0.0017610880313441157,0.049770426005125046,0.0001,2.1323755409976
9590,0.0018817607779055834,0.09525162726640701,0.0001,2.09089308300463
9591,0.0016878469614312053,0.09100861102342606,0.0001,1.8661754999920959
9592,0.0017807380063459277,0.071894571185112,0.0001,1.9798592919978546
9593,0.0017290025716647506,0.08918856829404831,0.0001,2.116660709012649
9594,0.0018323353724554181,0.06526832282543182,0.0001,2.0549812499957625
9595,0.0016444145003333688,0.09289004653692245,0.0001,2.142690416003461
9596,0.001613689586520195,0.11505571752786636,0.0001,2.042036041006213
9597,0.0016256077215075493,0.06353896111249924,0.0001,1.9180889999988722
9598,0.0018088141223415732,0.0639907494187355,0.0001,1.9269332499970915
9599,0.0019447572994977236,0.05729948729276657,0.0001,1.9860779159935191
9600,0.0017105166334658861,0.04871306195855141,0.0001,1.9088448330003303
9601,0.0014635762199759483,0.09537138044834137,0.0001,1.9146592500037514
9602,0.0018346408614888787,0.057464394718408585,0.0001,1.9715011670050444
9603,0.0019212112529203296,0.06184089183807373,0.0001,1.897250374997384
9604,0.0018440515268594027,0.08095332235097885,0.0001,1.893430708994856
9605,0.0017891954630613327,0.0834125503897667,0.0001,2.0108668749890057
9606,0.001685615163296461,0.07521794736385345,0.0001,1.9140899580088444
9607,0.001664049574173987,0.0630117803812027,0.0001,1.9982245419960236
9608,0.0016695325030013919,0.09953482449054718,0.0001,2.0273063329950674
9609,0.0017510363832116127,0.05204498767852783,0.0001,1.8966664579929784
9610,0.0017473979387432337,0.10409727692604065,0.0001,1.9384395840024808
9611,0.0018288068240508437,0.08263880759477615,0.0001,2.0136586669977987
9612,0.0016297119436785579,0.08213169127702713,0.0001,1.912512416995014
9613,0.0018257958581671119,0.10351160913705826,0.0001,2.050427124995622
9614,0.0016003650380298495,0.09817323833703995,0.0001,2.0236924580094637
9615,0.0017788817640393972,0.09984106570482254,0.0001,1.8965400000015507
9616,0.0017800545319914818,0.08444599062204361,0.0001,1.9210095839953283
9617,0.0018736915662884712,0.05749860405921936,0.0001,1.9002984999970067
9618,0.0016489994013682008,0.07944048941135406,0.0001,2.0216318749880884
9619,0.0016990095609799027,0.07214446365833282,0.0001,1.9199817079934292
9620,0.0019123598467558622,0.0837043970823288,0.0001,2.0056459160114173
9621,0.0016099817585200071,0.06289847195148468,0.0001,1.9001158339960966
9622,0.001832424895837903,0.07536215335130692,0.0001,1.9114029170013964
9623,0.0017355140298604965,0.06367187201976776,0.0001,2.1989805420016637
9624,0.0016428905073553324,0.043487321585416794,0.0001,2.218047583999578
9625,0.0017107829917222261,0.0599328987300396,0.0001,2.255703374990844
9626,0.0017093186033889651,0.07446546107530594,0.0001,2.326475333989947
9627,0.0018982812762260437,0.08282801508903503,0.0001,1.9125306670030113
9628,0.0017604546155780554,0.06251413375139236,0.0001,1.9277611249999609
9629,0.0016572686145082116,0.0866619423031807,0.0001,1.9596354169916594
9630,0.0017399281496182084,0.057255979627370834,0.0001,2.029116958990926
9631,0.0016907871467992663,0.044597920030355453,0.0001,1.9110780829942087
9632,0.0016922218492254615,0.0735693871974945,0.0001,1.963550500004203
9633,0.0018269625725224614,0.03928167372941971,0.0001,1.88924395799404
9634,0.0017720186151564121,0.07014576345682144,0.0001,1.894094250004855
9635,0.0016936355968937278,0.05504360795021057,0.0001,2.019532500009518
9636,0.0017465194687247276,0.08839204162359238,0.0001,1.9046493329951772
9637,0.001749670715071261,0.04783571884036064,0.0001,2.0659659590019146
9638,0.002013534540310502,0.032769568264484406,0.0001,2.0875424580008257
9639,0.0018647279357537627,0.030195843428373337,0.0001,1.8775144999963231
9640,0.0020188309717923403,0.039670366793870926,0.0001,1.9330712079972727
9641,0.0017900669481605291,0.06485902518033981,0.0001,1.9993111249932554
9642,0.001568333711475134,0.051882028579711914,0.0001,1.916059958995902
9643,0.0017820190405473113,0.053980764001607895,0.0001,1.9113499999948544
9644,0.0016410700045526028,0.03796296939253807,0.0001,1.937172042002203
9645,0.0018646465614438057,0.06753160804510117,0.0001,1.9021146669983864
9646,0.001679492648690939,0.04665183648467064,0.0001,1.8970727499981876
9647,0.0018373853527009487,0.05235821008682251,0.0001,1.8968957079923712
9648,0.0018249776912853122,0.047990404069423676,0.0001,2.0991732500115177
9649,0.0016282660653814673,0.04528156667947769,0.0001,1.892407874998753
9650,0.0017617533449083567,0.05922182649374008,0.0001,1.9623399999982212
9651,0.0017078131204470992,0.04383470118045807,0.0001,2.011148042001878
9652,0.0016070666024461389,0.06477024406194687,0.0001,1.9207493339927169
9653,0.0016835164278745651,0.041486483067274094,0.0001,2.024511750001693
9654,0.0016515047755092382,0.05501141399145126,0.0001,2.5549518749903655
9655,0.0016376958228647709,0.052898045629262924,0.0001,2.050921332993312
9656,0.0016042174538597465,0.07161842286586761,0.0001,2.1465007079968927
9657,0.0015453541418537498,0.05722898989915848,0.0001,1.9780597080098232
9658,0.0017768440302461386,0.052817560732364655,0.0001,2.135402375002741
9659,0.0015791835030540824,0.057471081614494324,0.0001,2.177762666004128
9660,0.001634086947888136,0.04998644441366196,0.0001,1.9965863329998683
9661,0.0017291922122240067,0.06430670619010925,0.0001,2.2337826669972856
9662,0.0016198998782783747,0.03273172676563263,0.0001,2.3010215000103926
9663,0.0017049370799213648,0.0798610970377922,0.0001,1.9665164170000935
9664,0.001677261432632804,0.04818981513381004,0.0001,2.1783657500054687
9665,0.0017769462428987026,0.05929102376103401,0.0001,2.0978963329980616
9666,0.0015782820992171764,0.09177648276090622,0.0001,1.9773293330072192
9667,0.001989654963836074,0.05855744332075119,0.0001,2.075391165999463
9668,0.0017117614625021815,0.07895563542842865,0.0001,2.0996089999971446
9669,0.0018406757153570652,0.05054892227053642,0.0001,2.1093039590050466
9670,0.0015549620147794485,0.10435627400875092,0.0001,1.9982675420033047
9671,0.0017748172394931316,0.08756227046251297,0.0001,2.153509875002783
9672,0.0017439426155760884,0.08601852506399155,0.0001,2.0168522919993848
9673,0.0018232843140140176,0.07362205535173416,0.0001,2.029044792012428
9674,0.0015905569307506084,0.0475773923099041,0.0001,2.070337583005312
9675,0.0015870274510234594,0.04852825030684471,0.0001,2.0825009160034824
9676,0.0017597820842638612,0.06721143424510956,0.0001,2.0605512500042096
9677,0.0019059585174545646,0.09807305037975311,0.0001,2.0725575419928646
9678,0.0017598485574126244,0.03607187792658806,0.0001,2.0571562079858268
9679,0.0017276518046855927,0.08067897707223892,0.0001,2.0656639160006307
9680,0.0017540217377245426,0.06763270497322083,0.0001,2.0687011249974603
9681,0.0015726310666650534,0.060979899019002914,0.0001,2.015430790997925
9682,0.0016971989534795284,0.09474851191043854,0.0001,2.0702853330003563
9683,0.0015607484383508563,0.04996200650930405,0.0001,2.109366541990312
9684,0.001671242294833064,0.10962200909852982,0.0001,1.98531004099641
9685,0.0016834946582093835,0.09491365402936935,0.0001,1.9863660410046577
9686,0.001973361475393176,0.048888035118579865,0.0001,2.1768295419897186
9687,0.0019105280516669154,0.07422845810651779,0.0001,1.9924649159947876
9688,0.0015720409573987126,0.10612767934799194,0.0001,2.008674999990035
9689,0.0016581931849941611,0.07688339799642563,0.0001,2.146445667007356
9690,0.0019714352674782276,0.07941105961799622,0.0001,1.971815708995564
9691,0.0019577895291149616,0.0683448389172554,0.0001,2.037375207990408
9692,0.0017451776657253504,0.038833215832710266,0.0001,2.075706874995376
9693,0.0016011061379685998,0.08011109381914139,0.0001,1.9791336659982335
9694,0.0018645059317350388,0.07068121433258057,0.0001,2.0273088329995517
9695,0.0014784757513552904,0.09227964282035828,0.0001,2.1775209579936927
9696,0.0018825690494850278,0.06572982668876648,0.0001,2.0762899999972433
9697,0.0017268990632146597,0.05752720311284065,0.0001,2.009581624995917
9698,0.0018495890544727445,0.06883423775434494,0.0001,2.0737137499963865
9699,0.0016471422277390957,0.06968050450086594,0.0001,1.9960237089981092
9700,0.0015137195587158203,0.06258121132850647,0.0001,1.9680944580031792
9701,0.0015165943186730146,0.06000622734427452,0.0001,2.1590248749998864
9702,0.0018722352106124163,0.05333581939339638,0.0001,2.0113099169975612
9703,0.0016080180648714304,0.04985867068171501,0.0001,1.9752889579976909
9704,0.001755042583681643,0.08715782314538956,0.0001,2.0711199159995886
9705,0.0015308057190850377,0.05659739300608635,0.0001,1.9811190409964183
9706,0.002121170051395893,0.07412368804216385,0.0001,2.019595666002715
9707,0.0018399610416963696,0.040019698441028595,0.0001,2.0894479580019834
9708,0.0015218425542116165,0.0701446682214737,0.0001,1.9857972500030883
9709,0.0016656283987686038,0.04219621419906616,0.0001,2.1022684590134304
9710,0.002000909997150302,0.04533145949244499,0.0001,2.1057338750106283
9711,0.0018858372932299972,0.08693091571331024,0.0001,2.0290685840009246
9712,0.0018858436960726976,0.03669033199548721,0.0001,2.032009125003242
9713,0.0015415116213262081,0.09842142462730408,0.0001,2.037272000001394
9714,0.0017455638153478503,0.06438013911247253,0.0001,1.9899584590020822
9715,0.0015457853442057967,0.057426415383815765,0.0001,2.011096959002316
9716,0.001950732315890491,0.04267656058073044,0.0001,2.055536291009048
9717,0.0014491647016257048,0.07807888090610504,0.0001,1.9807155000016792
9718,0.001614673063158989,0.05789827182888985,0.0001,1.9971052920009242
9719,0.0018464289605617523,0.08418251574039459,0.0001,2.111058624999714
9720,0.001860618474893272,0.08976791799068451,0.0001,1.997122082990245
9721,0.0015565549256280065,0.10908742249011993,0.0001,1.9873571670032106
9722,0.0019251148914918303,0.08257805556058884,0.0001,2.1178719159943284
9723,0.0018244544044137,0.07307201623916626,0.0001,2.0942231660010293
9724,0.0016856659203767776,0.09172460436820984,0.0001,2.01788874999329
9725,0.0016983846435323358,0.06175446882843971,0.0001,2.107597499998519
9726,0.0018445150926709175,0.09410414099693298,0.0001,2.039217583995196
9727,0.0018694078316912055,0.07481604069471359,0.0001,2.019105708008283
9728,0.0015270303701981902,0.05816313624382019,0.0001,2.0586502910009585
9729,0.001832939451560378,0.0387793593108654,0.0001,1.9909787079959642
9730,0.0015742714749649167,0.07254844903945923,0.0001,2.0302260419994127
9731,0.0017941341502591968,0.035140808671712875,0.0001,2.0547800000058487
9732,0.0017309582326561213,0.05655537545681,0.0001,1.9984347499994328
9733,0.0015007362235337496,0.06613493710756302,0.0001,1.981635666990769
9734,0.0017877460923045874,0.07863364368677139,0.0001,2.1208571669994853
9735,0.0018332289764657617,0.06710521131753922,0.0001,1.9761481669993373
9736,0.0017905302811414003,0.08871954679489136,0.0001,2.000192124993191
9737,0.0019042406929656863,0.041267115622758865,0.0001,2.5371411249943776
9738,0.001871626591309905,0.04680001363158226,0.0001,2.5257781249965774
9739,0.001632511499337852,0.03838776424527168,0.0001,1.951868124990142
9740,0.0017247381620109081,0.048398036509752274,0.0001,1.989229124999838
9741,0.0016660864930599928,0.0721866711974144,0.0001,1.9049437499925261
9742,0.0016401773318648338,0.08561772853136063,0.0001,1.962837541999761
9743,0.0018187195528298616,0.037067726254463196,0.0001,1.9555589170049643
9744,0.0016628728481009603,0.0648244172334671,0.0001,1.8997399999934714
9745,0.001696189632639289,0.03952674940228462,0.0001,1.9388407500082394
9746,0.0015866068424656987,0.07299303263425827,0.0001,1.9967408340016846
9747,0.001762871746905148,0.040741171687841415,0.0001,2.1313615830003982
9748,0.001686819945462048,0.04564853757619858,0.0001,1.9268825839972124
9749,0.001803202903829515,0.03838377818465233,0.0001,2.007048625004245
9750,0.0019095077877864242,0.06327249854803085,0.0001,1.9067600830021547
9751,0.0015370349865406752,0.05500254034996033,0.0001,1.9394129169959342
9752,0.0017678975127637386,0.07742026448249817,0.0001,1.9986885830003303
9753,0.0018320016097277403,0.06640338152647018,0.0001,1.8790909579984145
9754,0.0015532495453953743,0.11343187093734741,0.0001,1.917526834004093
9755,0.0015726718120276928,0.0374215692281723,0.0001,1.9973176250059623
9756,0.002011103555560112,0.038961052894592285,0.0001,1.9212398749950808
9757,0.0015207718824967742,0.05958770215511322,0.0001,1.9281442079955013
9758,0.0018156111473217607,0.061211664229631424,0.0001,1.9964115420007147
9759,0.0017306555528193712,0.048802994191646576,0.0001,1.881396416996722
9760,0.001718639163300395,0.047239430248737335,0.0001,2.0422853750060312
9761,0.001822819234803319,0.05931209772825241,0.0001,2.062535459001083
9762,0.0017948102904483676,0.05017901211977005,0.0001,1.9175455420045182
9763,0.0017817849293351173,0.08828680962324142,0.0001,1.9406570840073982
9764,0.0018928011413663626,0.08045841008424759,0.0001,1.9859817079995992
9765,0.0016751278890296817,0.07381854206323624,0.0001,1.9295604580111103
9766,0.0016500406200066209,0.030955765396356583,0.0001,1.9532284169981722
9767,0.0015217680484056473,0.10132381319999695,0.0001,1.9910248329979368
9768,0.0019226539880037308,0.055866457521915436,0.0001,1.9315585840085987
9769,0.0017888760194182396,0.07160794734954834,0.0001,1.9246546249923995
9770,0.0015628812834620476,0.06923148781061172,0.0001,1.9628443749970756
9771,0.0015611118869856,0.03433063626289368,0.0001,1.961235917013255
9772,0.001686927629634738,0.08642048388719559,0.0001,1.9203589579992695
9773,0.001846706960350275,0.05825728178024292,0.0001,2.0082756250048988
9774,0.0016355558764189482,0.07008510082960129,0.0001,2.1721444169961615
9775,0.0019042559433728456,0.034706149250268936,0.0001,2.184404707993963
9776,0.0017317438032478094,0.0976991057395935,0.0001,2.2085338330070954
9777,0.0016118549974635243,0.05504637584090233,0.0001,1.9143834169954062
9778,0.0018737370846793056,0.07017014920711517,0.0001,1.9030167919991072
9779,0.00161104800645262,0.05037315562367439,0.0001,1.9893111669953214
9780,0.001736868522129953,0.06284667551517487,0.0001,1.934835916996235
9781,0.0016148864524438977,0.09133858978748322,0.0001,1.8840672910009744
9782,0.0015429899794980884,0.04816924408078194,0.0001,2.117378417009604
9783,0.0016189484158530831,0.08016383647918701,0.0001,1.9407347090018447
9784,0.0016108358977362514,0.0683547630906105,0.0001,1.880548707995331
9785,0.0016499414341524243,0.08512010425329208,0.0001,2.0383058750012424
9786,0.0015533554833382368,0.04597998782992363,0.0001,1.9074457910028286
9787,0.0021633682772517204,0.05266113206744194,0.0001,1.8560162500070874
9788,0.001559075783006847,0.0703701302409172,0.0001,1.880253957991954
9789,0.0017510023899376392,0.05042657628655434,0.0001,1.8873894169955747
9790,0.0014239174779504538,0.09523889422416687,0.0001,1.915376083998126
9791,0.0019225144060328603,0.02486727572977543,0.0001,1.8650537920038914
9792,0.0016667552990838885,0.0756310448050499,0.0001,1.8965296250098618
9793,0.0018062370363622904,0.048302218317985535,0.0001,1.9530102080025245
9794,0.0017033952753990889,0.04963328689336777,0.0001,2.034827125011361
9795,0.001545577310025692,0.06764853745698929,0.0001,1.8763725419994444
9796,0.0016410414827987552,0.09648288786411285,0.0001,1.999678916996345
9797,0.0015904458705335855,0.030689580366015434,0.0001,1.9009964160068193
9798,0.001918627880513668,0.05696031078696251,0.0001,1.9056032080115983
9799,0.0017430934822186828,0.043077245354652405,0.0001,1.9936772500077495
9800,0.0017119550611823797,0.03594061732292175,0.0001,1.9075699999957578
9801,0.0016075210878625512,0.043859049677848816,0.0001,1.9337051250040531
9802,0.001691200421191752,0.03865598514676094,0.0001,1.9031129169889027
9803,0.001537360018119216,0.038565926253795624,0.0001,1.9416001670033438
9804,0.0018118579173460603,0.04341087117791176,0.0001,2.0016486670065206
9805,0.00163227878510952,0.0917137935757637,0.0001,2.208574417003547
9806,0.001600581337697804,0.05738226696848869,0.0001,2.4791151250101393
9807,0.0016099691856652498,0.08974254876375198,0.0001,2.307855292005115
9808,0.0015441887080669403,0.045927662402391434,0.0001,2.101902833994245
9809,0.0015414324589073658,0.07777651399374008,0.0001,2.0280148750025546
9810,0.0016826392384245992,0.07208628952503204,0.0001,2.133999916986795
9811,0.0017584394663572311,0.036165982484817505,0.0001,2.0739365000044927
9812,0.0014718900201842189,0.08470909297466278,0.0001,2.068601624996518
9813,0.001866486039943993,0.0609811469912529,0.0001,2.0454217080114176
9814,0.0016411967808380723,0.06540568917989731,0.0001,1.9838449170056265
9815,0.0019997344352304935,0.09852290153503418,0.0001,2.0715835000009974
9816,0.0018891337094828486,0.04081786423921585,0.0001,2.129591208999045
9817,0.0016850440297275782,0.1025179997086525,0.0001,2.1270192920055706
9818,0.0015623036306351423,0.037953440099954605,0.0001,2.051188707991969
9819,0.001651802915148437,0.08664711564779282,0.0001,2.1430426250008168
9820,0.0019304708112031221,0.08387123048305511,0.0001,1.993804874990019
9821,0.0016542664961889386,0.06567081809043884,0.0001,2.036628166999435
9822,0.0015898128040134907,0.05855024978518486,0.0001,2.145432499994058
9823,0.001605639816261828,0.07507315278053284,0.0001,2.0428180419985438
9824,0.0018730740994215012,0.06281371414661407,0.0001,2.0616952080017654
9825,0.0017898575169965625,0.0816330760717392,0.0001,2.1512131670024246
9826,0.0018222684739157557,0.0686400979757309,0.0001,2.0964248329983093
9827,0.0018969255033880472,0.06299474090337753,0.0001,2.1212718749884516
9828,0.0020874477922916412,0.045434024184942245,0.0001,2.123869791001198
9829,0.0017727335216477513,0.0632445365190506,0.0001,1.9915955000033136
9830,0.0016352692618966103,0.06690054386854172,0.0001,2.0098244580003666
9831,0.0019451556727290154,0.07209862023591995,0.0001,2.1813117080018856
9832,0.0016927856486290693,0.07743243873119354,0.0001,2.046061082990491
9833,0.0015650762943550944,0.054320480674505234,0.0001,1.9954443330061622
9834,0.0020289865788072348,0.05155624449253082,0.0001,1.9627883339999244
9835,0.0017771953716874123,0.06954899430274963,0.0001,1.9987243750074413
9836,0.0019405122147873044,0.048807088285684586,0.0001,1.9856100829929346
9837,0.0019934456795454025,0.06106584891676903,0.0001,2.1491129999922123
9838,0.0015540530439466238,0.07749996334314346,0.0001,1.9749370420031482
9839,0.0017267713556066155,0.06911426037549973,0.0001,2.097091374991578
9840,0.0016579288057982922,0.09614502638578415,0.0001,1.9762984159897314
9841,0.0015335828065872192,0.09696917980909348,0.0001,1.9964399169984972
9842,0.0016886800294741988,0.08927735686302185,0.0001,2.237353542004712
9843,0.001970242476090789,0.05111240595579147,0.0001,1.9789914580032928
9844,0.0015453107189387083,0.045632969588041306,0.0001,2.022589667001739
9845,0.0019183163531124592,0.054395996034145355,0.0001,2.145814707997488
9846,0.0015758975641801953,0.04824909567832947,0.0001,2.002166833000956
9847,0.0016654967330396175,0.0632181391119957,0.0001,2.0068761250004172
9848,0.0020521238911896944,0.03522660583257675,0.0001,2.081559792000917
9849,0.0017428187420591712,0.1070651039481163,0.0001,1.9542224580072798
9850,0.0016438335878774524,0.058472245931625366,0.0001,2.0211288340069586
9851,0.0017213044920936227,0.06316328048706055,0.0001,2.007607499996084
9852,0.0017405730905011296,0.06282084435224533,0.0001,2.216142707999097
9853,0.0016033664578571916,0.0595644935965538,0.0001,2.0979576669924427
9854,0.0018492970848456025,0.08026420325040817,0.0001,2.146250791993225
9855,0.0016664854483678937,0.053163137286901474,0.0001,1.9735774169967044
9856,0.0018374386709183455,0.07922884076833725,0.0001,1.9962423339893576
9857,0.0016563308890908957,0.06524171680212021,0.0001,2.187624792000861
9858,0.0020607730839401484,0.05495079606771469,0.0001,2.0030078330019023
9859,0.0017227542120963335,0.07642802596092224,0.0001,2.023810416998458
9860,0.001773144816979766,0.032744020223617554,0.0001,2.118767874999321
9861,0.0017136638052761555,0.06054344028234482,0.0001,1.9811988750007004
9862,0.0016383483307436109,0.08067907392978668,0.0001,1.9999445830035256
9863,0.0018167487578466535,0.05163877457380295,0.0001,2.1065386250120355
9864,0.001621055998839438,0.10355234146118164,0.0001,2.0291747080045752
9865,0.0017250154633074999,0.07946750521659851,0.0001,1.9731442500051344
9866,0.0019144859397783875,0.03609776124358177,0.0001,2.0789054579945514
9867,0.0017213706159964204,0.10282811522483826,0.0001,2.193028959009098
9868,0.0017730534309521317,0.08624234050512314,0.0001,1.9872084999951767
9869,0.0017812484875321388,0.07873351126909256,0.0001,1.9701849999983096
9870,0.0018963858019560575,0.06598829478025436,0.0001,1.9980538340023486
9871,0.0017918251687660813,0.09280506521463394,0.0001,2.2184724170074333
9872,0.0017297797603532672,0.07629287242889404,0.0001,2.063996207987657
9873,0.001901142648421228,0.10260500013828278,0.0001,2.0566491250065155
9874,0.0019275957019999623,0.05862892419099808,0.0001,2.4255936669942457
9875,0.0016577502246946096,0.07724850624799728,0.0001,2.093585541995708
9876,0.0017099428223446012,0.058391571044921875,0.0001,2.1175858339993283
9877,0.0014832448214292526,0.029517630115151405,0.0001,2.160190666007111
9878,0.0014972250210121274,0.05999106913805008,0.0001,1.9586594160064124
9879,0.0015819203108549118,0.05360618606209755,0.0001,1.984889875006047
9880,0.0018580966861918569,0.056196775287389755,0.0001,1.9920329169981414
9881,0.0019866812508553267,0.05252586305141449,0.0001,1.9789937500027008
9882,0.0017664473270997405,0.04424923658370972,0.0001,1.9948520000034478
9883,0.0018332847394049168,0.04367852583527565,0.0001,1.9582156670076074
9884,0.0018656245665624738,0.05409202352166176,0.0001,2.0194744170003105
9885,0.0018106544157490134,0.052042264491319656,0.0001,2.750116875002277
9886,0.0016765260370448232,0.05036288872361183,0.0001,2.7113467500021216
9887,0.001591323409229517,0.044299863278865814,0.0001,2.708322333986871
9888,0.0016279482515528798,0.06373827159404755,0.0001,2.951494750013808
9889,0.0016450227703899145,0.07133801281452179,0.0001,2.1167962920007994
9890,0.0016949698328971863,0.05835755914449692,0.0001,2.0286875839956338
9891,0.0016295976238325238,0.050275981426239014,0.0001,2.113172458994086
9892,0.0016577736241742969,0.0615004263818264,0.0001,2.3560765000001993
9893,0.0017354816664010286,0.03975699096918106,0.0001,2.3914754160068696
9894,0.001691273762844503,0.06797260791063309,0.0001,2.11807204199431
9895,0.0017521296394988894,0.07613447308540344,0.0001,3.32478454199736
9896,0.0017626193584874272,0.0808265209197998,0.0001,2.588356207998004
9897,0.001734010293148458,0.08181410282850266,0.0001,2.351273417007178
9898,0.0017375724855810404,0.060734860599040985,0.0001,1.9311131249996834
9899,0.0018296425696462393,0.0692349374294281,0.0001,1.8291574169998057
9900,0.0016523993108421564,0.036588530987501144,0.0001,1.8926477920031175
9901,0.0015289841685444117,0.1147155612707138,0.0001,1.8201513329986483
9902,0.001851950422860682,0.03885844349861145,0.0001,1.9498074579896638
9903,0.0016642360715195537,0.08761122077703476,0.0001,1.8514943750051316
9904,0.0017667656065896153,0.03440021723508835,0.0001,1.9124762920109788
9905,0.0018391868798062205,0.041272811591625214,0.0001,2.2044526249956107
9906,0.0014947575982660055,0.07770219445228577,0.0001,2.1548200830002315
9907,0.0015198806067928672,0.06404384225606918,0.0001,1.9548636250110576
9908,0.0016170365270227194,0.07092288881540298,0.0001,2.27378454200516
9909,0.0016516994219273329,0.07083342224359512,0.0001,2.0629603330016835
9910,0.0016482834471389651,0.06896024197340012,0.0001,2.4195217920059804
9911,0.0018972096731886268,0.05067221447825432,0.0001,1.964968583008158
9912,0.0017831132281571627,0.08040908724069595,0.0001,2.187069124993286
9913,0.0016561627853661776,0.07436501979827881,0.0001,2.567610625002999
9914,0.0015878492267802358,0.053878966718912125,0.0001,2.3966140410047956
9915,0.0018217455362901092,0.06657998263835907,0.0001,2.5750006249872968
9916,0.00163461419288069,0.046909283846616745,0.0001,2.345774375004112
9917,0.0016888708341866732,0.06910037249326706,0.0001,2.5122455829987302
9918,0.0015218325424939394,0.05069136992096901,0.0001,2.4513259999948787
9919,0.0016461549093946815,0.039593640714883804,0.0001,2.1643825409992132
9920,0.0015154435532167554,0.07593990862369537,0.0001,2.306514875002904
9921,0.0017615535762161016,0.048046134412288666,0.0001,2.0192042919952655
9922,0.0016090680146589875,0.06071248650550842,0.0001,1.9657141659990884
9923,0.0016671066405251622,0.06535698473453522,0.0001,2.0419226250087377
9924,0.001440735999494791,0.07091409713029861,0.0001,1.9506325410038698
9925,0.0018574936548247933,0.056193757802248,0.0001,2.0911045420070877
9926,0.0015496331034228206,0.06725271791219711,0.0001,2.048461291997228
9927,0.0015933329705148935,0.07218389213085175,0.0001,1.960164416988846
9928,0.0017585995374247432,0.07781924307346344,0.0001,2.036101667006733
9929,0.0018171013798564672,0.05426131561398506,0.0001,2.0536424169986276
9930,0.0014503260608762503,0.06767375022172928,0.0001,1.9537045409961138
9931,0.0014795168535783887,0.06636897474527359,0.0001,2.012818999995943
9932,0.00147680239751935,0.049818772822618484,0.0001,2.1166877089999616
9933,0.001558990916237235,0.03240736946463585,0.0001,2.0146402079990366
9934,0.0016794116236269474,0.07256392389535904,0.0001,2.006052582990378
9935,0.0015269980067387223,0.06534108519554138,0.0001,2.0412797089957166
9936,0.0016620323294773698,0.08538338541984558,0.0001,2.0640163330099313
9937,0.0018170856637880206,0.09049499034881592,0.0001,2.261508166004205
9938,0.0017114666989073157,0.049151454120874405,0.0001,2.062434334002319
9939,0.0015910404035821557,0.08373263478279114,0.0001,2.044999083998846
9940,0.0015592423733323812,0.05969010666012764,0.0001,2.273557874999824
9941,0.001587534905411303,0.07711570709943771,0.0001,2.134638542003813
9942,0.0018904905300587416,0.060095783323049545,0.0001,1.9753464159875875
9943,0.0017498090164735913,0.04513196274638176,0.0001,1.9978876670065802
9944,0.0017834416357800364,0.07816004008054733,0.0001,2.054278916999465
9945,0.0015821898123249412,0.08356236666440964,0.0001,1.9890622920065653
9946,0.0017419650685042143,0.08748085051774979,0.0001,1.9663260839879513
9947,0.0015688531566411257,0.07302102446556091,0.0001,2.049123791002785
9948,0.0015772347105666995,0.04986611381173134,0.0001,1.9449341250001453
9949,0.0017610774375498295,0.05841844528913498,0.0001,1.9875951669964707
9950,0.001958489650860429,0.05980996787548065,0.0001,2.0394948329922045
9951,0.0016982610104605556,0.04094193875789642,0.0001,1.962701249998645
9952,0.0015179937472566962,0.05060963332653046,0.0001,1.9769790839927737
9953,0.0016426258953288198,0.09274362027645111,0.0001,2.046897332998924
9954,0.001886949292384088,0.040314290672540665,0.0001,2.031410916009918
9955,0.0019348362693563104,0.0844033882021904,0.0001,1.9805897920014104
9956,0.0016760712023824453,0.09558995813131332,0.0001,2.058230750000803
9957,0.0015556688886135817,0.07929538935422897,0.0001,2.0235527499899035
9958,0.0016261913115158677,0.06950360536575317,0.0001,2.0014525419974234
9959,0.0018502951133996248,0.08307651430368423,0.0001,2.0630267500091577
9960,0.0018611961277201772,0.06323505938053131,0.0001,1.9487807499972405
9961,0.0014980839332565665,0.051372088491916656,0.0001,1.9894898329948774
9962,0.0015804101713001728,0.04692882299423218,0.0001,2.0441086659993744
9963,0.001740541192702949,0.0539238415658474,0.0001,1.9451769999868702
9964,0.0017998891416937113,0.05525238811969757,0.0001,1.9803512920043431
9965,0.0017849132418632507,0.06584826856851578,0.0001,2.0356895000004442
9966,0.0016762373270466924,0.11612571775913239,0.0001,1.9630230000038864
9967,0.0019154200563207269,0.03888862952589989,0.0001,1.9801682920078747
9968,0.001970708603039384,0.0744655579328537,0.0001,2.1311156250012573
9969,0.0018129640957340598,0.04088675603270531,0.0001,2.0412428329873364
9970,0.0015918808057904243,0.09050865471363068,0.0001,2.117555374992662
9971,0.0016251890920102596,0.061933018267154694,0.0001,2.171862624993082
9972,0.0015948940999805927,0.07237832248210907,0.0001,1.9913016250065994
9973,0.00196075183339417,0.02634616568684578,0.0001,1.9770717499923194
9974,0.0015304795233532786,0.11563073843717575,0.0001,2.0462271670112386
9975,0.0017270056996494532,0.0643327385187149,0.0001,1.9478591660008533
9976,0.0017166259931400418,0.09182377904653549,0.0001,1.9820247080060653
9977,0.0017642411403357983,0.049500323832035065,0.0001,2.0108909999980824
9978,0.0018321642419323325,0.06254588812589645,0.0001,1.9508826669916743
9979,0.0016864006174728274,0.050589434802532196,0.0001,1.9709799580014078
9980,0.0016060431953519583,0.06937167048454285,0.0001,2.0387182919948827
9981,0.0016784260515123606,0.09083226323127747,0.0001,1.9658075829938753
9982,0.0016451902920380235,0.08152201026678085,0.0001,2.1554678749962477
9983,0.001943823997862637,0.07921833544969559,0.0001,2.029361125009018
9984,0.0016230980399996042,0.05600900948047638,0.0001,1.9680769999977201
9985,0.0018847447354346514,0.05558234080672264,0.0001,2.048647042000084
9986,0.0016334817046299577,0.049536123871803284,0.0001,2.0120886660006363
9987,0.0017372899455949664,0.038864027708768845,0.0001,2.38227933300368
9988,0.0018245199462398887,0.04540930315852165,0.0001,2.4980194160016254
9989,0.001524557126685977,0.05974815785884857,0.0001,2.1761253330041654
9990,0.0015036725671961904,0.05297017842531204,0.0001,2.2689718329929747
9991,0.00159551075194031,0.09161209315061569,0.0001,1.980208875000244
9992,0.0017483315896242857,0.06259454786777496,0.0001,1.8217250000016065
9993,0.001594950444996357,0.052982352674007416,0.0001,1.788465958001325
9994,0.0017594724195078015,0.06207187846302986,0.0001,1.8026394170010462
9995,0.001687068841420114,0.04626528173685074,0.0001,1.8012555410095956
9996,0.0016014742432162166,0.038713399320840836,0.0001,1.894063207990257
9997,0.0014881581300869584,0.038814760744571686,0.0001,1.832332874997519
9998,0.0019004784990102053,0.037163276225328445,0.0001,1.9384565420041326
9999,0.0018144665518775582,0.050013698637485504,0.0001,1.8379074170079548
10000,0.001642432645894587,0.07720910757780075,0.0001,1.7801377499999944
